2025-04-28 16:08:00,306 - INFO - [31m[1mWARNING: This is a development server. Do not use it in a production deployment. Use a production WSGI server instead.[0m
 * Running on http://127.0.0.1:5000
2025-04-28 16:08:00,306 - INFO - [33mPress CTRL+C to quit[0m
2025-04-28 16:08:00,308 - INFO -  * Restarting with stat
2025-04-28 16:08:01,315 - WARNING -  * Debugger is active!
2025-04-28 16:08:01,315 - INFO -  * Debugger PIN: 113-474-299
2025-04-28 16:08:16,127 - INFO - Iniciando proceso /run-process
2025-04-28 16:08:16,127 - INFO - Verificando WebDriver en: C:\AutoReportV2\backend\WebDriver\msedgedriver.exe
2025-04-28 16:08:16,141 - INFO - Verificando archivo a subir: C:\AutoReportV2\backend\data\archivo_procesar.xlsx
2025-04-28 16:08:16,141 - ERROR - Archivo a procesar no encontrado: C:\AutoReportV2\backend\data\archivo_procesar.xlsx
2025-04-28 16:08:16,141 - ERROR - Error en run_process: Archivo a procesar no encontrado: C:\AutoReportV2\backend\data\archivo_procesar.xlsx
Traceback (most recent call last):
  File "C:\AutoReportV2\backend\app\routes.py", line 103, in run_process
    raise FileNotFoundError(error_msg)
FileNotFoundError: Archivo a procesar no encontrado: C:\AutoReportV2\backend\data\archivo_procesar.xlsx
2025-04-28 16:08:16,141 - INFO - Limpiando archivos temporales
2025-04-28 16:08:16,147 - INFO - 127.0.0.1 - - [28/Apr/2025 16:08:16] "[35m[1mPOST /run-process HTTP/1.1[0m" 500 -
2025-04-29 08:41:15,502 - INFO -  * Detected change in 'C:\\AutoReportV2\\backend\\app\\routes.py', reloading
2025-04-29 08:41:15,798 - INFO -  * Restarting with stat
2025-04-29 08:43:43,707 - INFO - [31m[1mWARNING: This is a development server. Do not use it in a production deployment. Use a production WSGI server instead.[0m
 * Running on http://127.0.0.1:5000
2025-04-29 08:43:43,707 - INFO - [33mPress CTRL+C to quit[0m
2025-04-29 08:43:43,748 - INFO -  * Restarting with stat
2025-04-29 08:43:46,637 - WARNING -  * Debugger is active!
2025-04-29 08:43:46,658 - INFO -  * Debugger PIN: 113-474-299
2025-04-29 08:44:27,096 - ERROR - Error en run-process: 'Options' object has no attribute 'add_argument'
Traceback (most recent call last):
  File "C:\AutoReportV2\backend\app\routes.py", line 63, in run_process
    options=configure_edge()
            ^^^^^^^^^^^^^^^^
  File "C:\AutoReportV2\backend\app\routes.py", line 39, in configure_edge
    edge_options.add_argument("--disable-notifications")
    ^^^^^^^^^^^^^^^^^^^^^^^^^
AttributeError: 'Options' object has no attribute 'add_argument'
2025-04-29 08:44:27,100 - INFO - 127.0.0.1 - - [29/Apr/2025 08:44:27] "[35m[1mPOST /run-process HTTP/1.1[0m" 500 -
2025-04-29 08:44:35,108 - ERROR - Error en run-process: 'Options' object has no attribute 'add_argument'
Traceback (most recent call last):
  File "C:\AutoReportV2\backend\app\routes.py", line 63, in run_process
    options=configure_edge()
            ^^^^^^^^^^^^^^^^
  File "C:\AutoReportV2\backend\app\routes.py", line 39, in configure_edge
    edge_options.add_argument("--disable-notifications")
    ^^^^^^^^^^^^^^^^^^^^^^^^^
AttributeError: 'Options' object has no attribute 'add_argument'
2025-04-29 08:44:35,108 - INFO - 127.0.0.1 - - [29/Apr/2025 08:44:35] "[35m[1mPOST /run-process HTTP/1.1[0m" 500 -
2025-04-29 08:47:09,011 - INFO -  * Detected change in 'C:\\AutoReportV2\\backend\\app\\routes.py', reloading
2025-04-29 08:47:09,141 - INFO -  * Restarting with stat
2025-04-29 08:50:28,637 - INFO - [31m[1mWARNING: This is a development server. Do not use it in a production deployment. Use a production WSGI server instead.[0m
 * Running on http://127.0.0.1:5000
2025-04-29 08:50:28,638 - INFO - [33mPress CTRL+C to quit[0m
2025-04-29 08:50:28,650 - INFO -  * Restarting with stat
2025-04-29 08:50:30,122 - WARNING -  * Debugger is active!
2025-04-29 08:50:30,127 - INFO -  * Debugger PIN: 113-474-299
2025-04-29 08:51:12,005 - INFO -  * Detected change in 'C:\\AutoReportV2\\backend\\app\\routes.py', reloading
2025-04-29 08:51:12,202 - INFO -  * Restarting with stat
2025-04-29 08:51:13,492 - WARNING -  * Debugger is active!
2025-04-29 08:51:13,500 - INFO -  * Debugger PIN: 113-474-299
2025-04-29 08:51:23,202 - INFO -  * Detected change in 'C:\\AutoReportV2\\backend\\app\\routes.py', reloading
2025-04-29 08:51:23,345 - INFO -  * Restarting with stat
2025-04-29 08:51:24,640 - WARNING -  * Debugger is active!
2025-04-29 08:51:24,646 - INFO -  * Debugger PIN: 113-474-299
2025-04-29 08:51:24,748 - INFO -  * Detected change in 'C:\\AutoReportV2\\backend\\app\\routes.py', reloading
2025-04-29 08:51:24,877 - INFO -  * Restarting with stat
2025-04-29 08:51:26,322 - WARNING -  * Debugger is active!
2025-04-29 08:51:26,328 - INFO -  * Debugger PIN: 113-474-299
2025-04-29 08:51:31,822 - INFO -  * Detected change in 'C:\\AutoReportV2\\backend\\app\\routes.py', reloading
2025-04-29 08:51:31,972 - INFO -  * Restarting with stat
2025-04-29 08:51:33,213 - WARNING -  * Debugger is active!
2025-04-29 08:51:33,217 - INFO -  * Debugger PIN: 113-474-299
2025-04-29 08:55:31,562 - INFO -  * Detected change in 'C:\\AutoReportV2\\backend\\app\\routes.py', reloading
2025-04-29 08:55:31,923 - INFO -  * Restarting with stat
2025-04-29 09:03:40,693 - INFO - [31m[1mWARNING: This is a development server. Do not use it in a production deployment. Use a production WSGI server instead.[0m
 * Running on http://127.0.0.1:5000
2025-04-29 09:03:40,694 - INFO - [33mPress CTRL+C to quit[0m
2025-04-29 09:03:40,715 - INFO -  * Restarting with stat
2025-04-29 09:03:42,040 - WARNING -  * Debugger is active!
2025-04-29 09:03:42,046 - INFO -  * Debugger PIN: 113-474-299
2025-04-29 09:04:20,652 - INFO - [31m[1mWARNING: This is a development server. Do not use it in a production deployment. Use a production WSGI server instead.[0m
 * Running on http://127.0.0.1:5000
2025-04-29 09:04:20,652 - INFO - [33mPress CTRL+C to quit[0m
2025-04-29 09:04:20,655 - INFO -  * Restarting with stat
2025-04-29 09:04:21,928 - WARNING -  * Debugger is active!
2025-04-29 09:04:21,933 - INFO -  * Debugger PIN: 113-474-299
2025-04-29 09:06:27,261 - INFO -  * Detected change in 'C:\\AutoReportV2\\backend\\app\\routes.py', reloading
2025-04-29 09:06:27,398 - INFO -  * Restarting with stat
2025-04-29 09:06:29,046 - WARNING -  * Debugger is active!
2025-04-29 09:06:29,051 - INFO -  * Debugger PIN: 113-474-299
2025-04-29 09:07:02,987 - ERROR - Error en run-process: 'NoneType' object has no attribute 'is_displayed'
Traceback (most recent call last):
  File "C:\AutoReportV2\backend\app\routes.py", line 81, in run_process
    WebDriverWait(driver, 20).until(
  File "C:\AutoReportV2\backend\venv\Lib\site-packages\selenium\webdriver\support\wait.py", line 137, in until
    value = method(self._driver)
            ^^^^^^^^^^^^^^^^^^^^
  File "C:\AutoReportV2\backend\venv\Lib\site-packages\selenium\webdriver\support\expected_conditions.py", line 634, in _predicate
    element = visibility_of(target)(driver)
              ^^^^^^^^^^^^^^^^^^^^^^^^^^^^^
  File "C:\AutoReportV2\backend\venv\Lib\site-packages\selenium\webdriver\support\expected_conditions.py", line 260, in _predicate
    return _element_if_visible(element)
           ^^^^^^^^^^^^^^^^^^^^^^^^^^^^
  File "C:\AutoReportV2\backend\venv\Lib\site-packages\selenium\webdriver\support\expected_conditions.py", line 280, in _element_if_visible
    return element if element.is_displayed() == visibility else False
                      ^^^^^^^^^^^^^^^^^^^^
AttributeError: 'NoneType' object has no attribute 'is_displayed'
2025-04-29 09:07:05,239 - INFO - 127.0.0.1 - - [29/Apr/2025 09:07:05] "[35m[1mPOST /run-process HTTP/1.1[0m" 500 -
2025-04-29 09:10:25,157 - INFO -  * Detected change in 'C:\\AutoReportV2\\backend\\app\\routes.py', reloading
2025-04-29 09:10:25,313 - INFO -  * Restarting with stat
2025-04-29 09:10:26,756 - WARNING -  * Debugger is active!
2025-04-29 09:10:26,764 - INFO -  * Debugger PIN: 113-474-299
2025-04-29 09:11:10,733 - INFO - [31m[1mWARNING: This is a development server. Do not use it in a production deployment. Use a production WSGI server instead.[0m
 * Running on http://127.0.0.1:5000
2025-04-29 09:11:10,734 - INFO - [33mPress CTRL+C to quit[0m
2025-04-29 09:11:10,747 - INFO -  * Restarting with stat
2025-04-29 09:11:12,151 - WARNING -  * Debugger is active!
2025-04-29 09:11:12,156 - INFO -  * Debugger PIN: 113-474-299
2025-04-29 09:14:36,057 - INFO -  * Detected change in 'C:\\AutoReportV2\\backend\\app\\routes.py', reloading
2025-04-29 09:14:36,287 - INFO -  * Restarting with stat
2025-04-29 09:14:38,159 - WARNING -  * Debugger is active!
2025-04-29 09:14:38,167 - INFO -  * Debugger PIN: 113-474-299
2025-04-29 09:14:53,975 - ERROR - Error en run-process: Message: 
Stacktrace:
	GetHandleVerifier [0x00007FF63BFA7A55+24981]
	Microsoft::Applications::Events::ILogConfiguration::operator* [0x00007FF63BEFAC60+444240]
	Microsoft::Applications::Events::EventProperty::to_string [0x00007FF63C22E0EA+2011274]
	(No symbol) [0x00007FF63BD17D8B]
	(No symbol) [0x00007FF63BD1804B]
	(No symbol) [0x00007FF63BD58E07]
	(No symbol) [0x00007FF63BD390DF]
	(No symbol) [0x00007FF63BD0E13D]
	(No symbol) [0x00007FF63BD567E8]
	(No symbol) [0x00007FF63BD38E03]
	(No symbol) [0x00007FF63BD0D686]
	(No symbol) [0x00007FF63BD0CB92]
	(No symbol) [0x00007FF63BD0D4B3]
	(No symbol) [0x00007FF63BE0900D]
	Microsoft::Applications::Events::EventProperty::~EventProperty [0x00007FF63BE16943+41539]
	Microsoft::Applications::Events::EventProperty::~EventProperty [0x00007FF63BE0FC79+13689]
	Microsoft::Applications::Events::EventProperty::to_string [0x00007FF63C08A04A+290794]
	Microsoft::Applications::Events::ILogConfiguration::operator* [0x00007FF63BF07D31+497697]
	Microsoft::Applications::Events::ILogConfiguration::operator* [0x00007FF63BF00BB4+468644]
	Microsoft::Applications::Events::ILogConfiguration::operator* [0x00007FF63BF00D03+468979]
	Microsoft::Applications::Events::ILogConfiguration::operator* [0x00007FF63BEF2E16+411910]
	BaseThreadInitThunk [0x00007FFAA0D0259D+29]
	RtlUserThreadStart [0x00007FFAA278AF38+40]
Traceback (most recent call last):
  File "C:\AutoReportV2\backend\app\routes.py", line 77, in run_process
    WebDriverWait(driver, 10).until(
  File "C:\AutoReportV2\backend\venv\Lib\site-packages\selenium\webdriver\support\wait.py", line 146, in until
    raise TimeoutException(message, screen, stacktrace)
selenium.common.exceptions.TimeoutException: Message: 
Stacktrace:
	GetHandleVerifier [0x00007FF63BFA7A55+24981]
	Microsoft::Applications::Events::ILogConfiguration::operator* [0x00007FF63BEFAC60+444240]
	Microsoft::Applications::Events::EventProperty::to_string [0x00007FF63C22E0EA+2011274]
	(No symbol) [0x00007FF63BD17D8B]
	(No symbol) [0x00007FF63BD1804B]
	(No symbol) [0x00007FF63BD58E07]
	(No symbol) [0x00007FF63BD390DF]
	(No symbol) [0x00007FF63BD0E13D]
	(No symbol) [0x00007FF63BD567E8]
	(No symbol) [0x00007FF63BD38E03]
	(No symbol) [0x00007FF63BD0D686]
	(No symbol) [0x00007FF63BD0CB92]
	(No symbol) [0x00007FF63BD0D4B3]
	(No symbol) [0x00007FF63BE0900D]
	Microsoft::Applications::Events::EventProperty::~EventProperty [0x00007FF63BE16943+41539]
	Microsoft::Applications::Events::EventProperty::~EventProperty [0x00007FF63BE0FC79+13689]
	Microsoft::Applications::Events::EventProperty::to_string [0x00007FF63C08A04A+290794]
	Microsoft::Applications::Events::ILogConfiguration::operator* [0x00007FF63BF07D31+497697]
	Microsoft::Applications::Events::ILogConfiguration::operator* [0x00007FF63BF00BB4+468644]
	Microsoft::Applications::Events::ILogConfiguration::operator* [0x00007FF63BF00D03+468979]
	Microsoft::Applications::Events::ILogConfiguration::operator* [0x00007FF63BEF2E16+411910]
	BaseThreadInitThunk [0x00007FFAA0D0259D+29]
	RtlUserThreadStart [0x00007FFAA278AF38+40]

2025-04-29 09:14:56,270 - INFO - 127.0.0.1 - - [29/Apr/2025 09:14:56] "[35m[1mPOST /run-process HTTP/1.1[0m" 500 -
2025-04-29 09:19:00,827 - INFO -  * Detected change in 'C:\\AutoReportV2\\backend\\app\\routes.py', reloading
2025-04-29 09:19:00,969 - INFO -  * Restarting with stat
2025-04-29 09:19:02,235 - WARNING -  * Debugger is active!
2025-04-29 09:19:02,241 - INFO -  * Debugger PIN: 113-474-299
2025-04-29 09:19:33,394 - ERROR - Error en run-process: ('Connection aborted.', ConnectionResetError(10054, 'Se ha forzado la interrupción de una conexión existente por el host remoto', None, 10054, None))
Traceback (most recent call last):
  File "C:\AutoReportV2\backend\venv\Lib\site-packages\urllib3\connectionpool.py", line 787, in urlopen
    response = self._make_request(
               ^^^^^^^^^^^^^^^^^^^
  File "C:\AutoReportV2\backend\venv\Lib\site-packages\urllib3\connectionpool.py", line 534, in _make_request
    response = conn.getresponse()
               ^^^^^^^^^^^^^^^^^^
  File "C:\AutoReportV2\backend\venv\Lib\site-packages\urllib3\connection.py", line 516, in getresponse
    httplib_response = super().getresponse()
                       ^^^^^^^^^^^^^^^^^^^^^
  File "C:\Program Files\WindowsApps\PythonSoftwareFoundation.Python.3.11_3.11.2544.0_x64__qbz5n2kfra8p0\Lib\http\client.py", line 1395, in getresponse
    response.begin()
  File "C:\Program Files\WindowsApps\PythonSoftwareFoundation.Python.3.11_3.11.2544.0_x64__qbz5n2kfra8p0\Lib\http\client.py", line 325, in begin
    version, status, reason = self._read_status()
                              ^^^^^^^^^^^^^^^^^^^
  File "C:\Program Files\WindowsApps\PythonSoftwareFoundation.Python.3.11_3.11.2544.0_x64__qbz5n2kfra8p0\Lib\http\client.py", line 286, in _read_status
    line = str(self.fp.readline(_MAXLINE + 1), "iso-8859-1")
               ^^^^^^^^^^^^^^^^^^^^^^^^^^^^^^
  File "C:\Program Files\WindowsApps\PythonSoftwareFoundation.Python.3.11_3.11.2544.0_x64__qbz5n2kfra8p0\Lib\socket.py", line 706, in readinto
    return self._sock.recv_into(b)
           ^^^^^^^^^^^^^^^^^^^^^^^
ConnectionResetError: [WinError 10054] Se ha forzado la interrupción de una conexión existente por el host remoto

During handling of the above exception, another exception occurred:

Traceback (most recent call last):
  File "C:\AutoReportV2\backend\app\routes.py", line 81, in run_process
    WebDriverWait(driver, 20).until(
  File "C:\AutoReportV2\backend\venv\Lib\site-packages\selenium\webdriver\support\wait.py", line 137, in until
    value = method(self._driver)
            ^^^^^^^^^^^^^^^^^^^^
  File "C:\AutoReportV2\backend\venv\Lib\site-packages\selenium\webdriver\support\expected_conditions.py", line 633, in _predicate
    target = driver.find_element(*target)  # grab element at locator
             ^^^^^^^^^^^^^^^^^^^^^^^^^^^^
  File "C:\AutoReportV2\backend\venv\Lib\site-packages\selenium\webdriver\remote\webdriver.py", line 898, in find_element
    return self.execute(Command.FIND_ELEMENT, {"using": by, "value": value})["value"]
           ^^^^^^^^^^^^^^^^^^^^^^^^^^^^^^^^^^^^^^^^^^^^^^^^^^^^^^^^^^^^^^^^^
  File "C:\AutoReportV2\backend\venv\Lib\site-packages\selenium\webdriver\remote\webdriver.py", line 427, in execute
    response = self.command_executor.execute(driver_command, params)
               ^^^^^^^^^^^^^^^^^^^^^^^^^^^^^^^^^^^^^^^^^^^^^^^^^^^^^
  File "C:\AutoReportV2\backend\venv\Lib\site-packages\selenium\webdriver\remote\remote_connection.py", line 404, in execute
    return self._request(command_info[0], url, body=data)
           ^^^^^^^^^^^^^^^^^^^^^^^^^^^^^^^^^^^^^^^^^^^^^^
  File "C:\AutoReportV2\backend\venv\Lib\site-packages\selenium\webdriver\remote\remote_connection.py", line 428, in _request
    response = self._conn.request(method, url, body=body, headers=headers, timeout=self._client_config.timeout)
               ^^^^^^^^^^^^^^^^^^^^^^^^^^^^^^^^^^^^^^^^^^^^^^^^^^^^^^^^^^^^^^^^^^^^^^^^^^^^^^^^^^^^^^^^^^^^^^^^
  File "C:\AutoReportV2\backend\venv\Lib\site-packages\urllib3\_request_methods.py", line 143, in request
    return self.request_encode_body(
           ^^^^^^^^^^^^^^^^^^^^^^^^^
  File "C:\AutoReportV2\backend\venv\Lib\site-packages\urllib3\_request_methods.py", line 278, in request_encode_body
    return self.urlopen(method, url, **extra_kw)
           ^^^^^^^^^^^^^^^^^^^^^^^^^^^^^^^^^^^^^
  File "C:\AutoReportV2\backend\venv\Lib\site-packages\urllib3\poolmanager.py", line 443, in urlopen
    response = conn.urlopen(method, u.request_uri, **kw)
               ^^^^^^^^^^^^^^^^^^^^^^^^^^^^^^^^^^^^^^^^^
  File "C:\AutoReportV2\backend\venv\Lib\site-packages\urllib3\connectionpool.py", line 841, in urlopen
    retries = retries.increment(
              ^^^^^^^^^^^^^^^^^^
  File "C:\AutoReportV2\backend\venv\Lib\site-packages\urllib3\util\retry.py", line 474, in increment
    raise reraise(type(error), error, _stacktrace)
          ^^^^^^^^^^^^^^^^^^^^^^^^^^^^^^^^^^^^^^^^
  File "C:\AutoReportV2\backend\venv\Lib\site-packages\urllib3\util\util.py", line 38, in reraise
    raise value.with_traceback(tb)
  File "C:\AutoReportV2\backend\venv\Lib\site-packages\urllib3\connectionpool.py", line 787, in urlopen
    response = self._make_request(
               ^^^^^^^^^^^^^^^^^^^
  File "C:\AutoReportV2\backend\venv\Lib\site-packages\urllib3\connectionpool.py", line 534, in _make_request
    response = conn.getresponse()
               ^^^^^^^^^^^^^^^^^^
  File "C:\AutoReportV2\backend\venv\Lib\site-packages\urllib3\connection.py", line 516, in getresponse
    httplib_response = super().getresponse()
                       ^^^^^^^^^^^^^^^^^^^^^
  File "C:\Program Files\WindowsApps\PythonSoftwareFoundation.Python.3.11_3.11.2544.0_x64__qbz5n2kfra8p0\Lib\http\client.py", line 1395, in getresponse
    response.begin()
  File "C:\Program Files\WindowsApps\PythonSoftwareFoundation.Python.3.11_3.11.2544.0_x64__qbz5n2kfra8p0\Lib\http\client.py", line 325, in begin
    version, status, reason = self._read_status()
                              ^^^^^^^^^^^^^^^^^^^
  File "C:\Program Files\WindowsApps\PythonSoftwareFoundation.Python.3.11_3.11.2544.0_x64__qbz5n2kfra8p0\Lib\http\client.py", line 286, in _read_status
    line = str(self.fp.readline(_MAXLINE + 1), "iso-8859-1")
               ^^^^^^^^^^^^^^^^^^^^^^^^^^^^^^
  File "C:\Program Files\WindowsApps\PythonSoftwareFoundation.Python.3.11_3.11.2544.0_x64__qbz5n2kfra8p0\Lib\socket.py", line 706, in readinto
    return self._sock.recv_into(b)
           ^^^^^^^^^^^^^^^^^^^^^^^
urllib3.exceptions.ProtocolError: ('Connection aborted.', ConnectionResetError(10054, 'Se ha forzado la interrupción de una conexión existente por el host remoto', None, 10054, None))
2025-04-29 09:19:37,646 - WARNING - Retrying (Retry(total=2, connect=None, read=None, redirect=None, status=None)) after connection broken by 'NewConnectionError('<urllib3.connection.HTTPConnection object at 0x000001D9B72BBD50>: Failed to establish a new connection: [WinError 10061] No se puede establecer una conexión ya que el equipo de destino denegó expresamente dicha conexión')': /session/edb059eb54e184cf82a15a1496acf02a
2025-04-29 09:19:41,752 - WARNING - Retrying (Retry(total=1, connect=None, read=None, redirect=None, status=None)) after connection broken by 'NewConnectionError('<urllib3.connection.HTTPConnection object at 0x000001D9B7301AD0>: Failed to establish a new connection: [WinError 10061] No se puede establecer una conexión ya que el equipo de destino denegó expresamente dicha conexión')': /session/edb059eb54e184cf82a15a1496acf02a
2025-04-29 09:19:45,851 - WARNING - Retrying (Retry(total=0, connect=None, read=None, redirect=None, status=None)) after connection broken by 'NewConnectionError('<urllib3.connection.HTTPConnection object at 0x000001D9B7301890>: Failed to establish a new connection: [WinError 10061] No se puede establecer una conexión ya que el equipo de destino denegó expresamente dicha conexión')': /session/edb059eb54e184cf82a15a1496acf02a
2025-04-29 09:19:49,941 - INFO - 127.0.0.1 - - [29/Apr/2025 09:19:49] "[35m[1mPOST /run-process HTTP/1.1[0m" 500 -
2025-04-29 09:35:17,318 - INFO -  * Detected change in 'C:\\AutoReportV2\\backend\\app\\routes.py', reloading
2025-04-29 09:35:17,479 - INFO -  * Restarting with stat
2025-04-29 09:35:34,329 - WARNING -  * Debugger is active!
2025-04-29 09:35:34,336 - INFO -  * Debugger PIN: 113-474-299
2025-04-29 09:36:00,048 - ERROR - Error en run-process: max() arg is an empty sequence
Traceback (most recent call last):
  File "C:\AutoReportV2\backend\app\routes.py", line 105, in run_process
    archivo_descargado = max(
                         ^^^^
ValueError: max() arg is an empty sequence
2025-04-29 09:36:02,364 - INFO - 127.0.0.1 - - [29/Apr/2025 09:36:02] "[35m[1mPOST /run-process HTTP/1.1[0m" 500 -
2025-04-29 09:36:39,482 - ERROR - Error en run-process: max() arg is an empty sequence
Traceback (most recent call last):
  File "C:\AutoReportV2\backend\app\routes.py", line 105, in run_process
    archivo_descargado = max(
                         ^^^^
ValueError: max() arg is an empty sequence
2025-04-29 09:36:41,716 - INFO - 127.0.0.1 - - [29/Apr/2025 09:36:41] "[35m[1mPOST /run-process HTTP/1.1[0m" 500 -
2025-04-29 09:52:39,265 - INFO -  * Detected change in 'C:\\AutoReportV2\\backend\\app\\routes.py', reloading
2025-04-29 09:52:39,416 - INFO -  * Restarting with stat
2025-04-29 09:52:53,557 - WARNING -  * Debugger is active!
2025-04-29 09:52:53,558 - INFO -  * Debugger PIN: 113-474-299
2025-04-29 09:53:31,517 - ERROR - Error en run-process: Message: invalid selector: Unable to locate an element with the xpath expression  because of the following error:
SyntaxError: Failed to execute 'evaluate' on 'Document': The string '' is not a valid XPath expression.
  (Session info: MicrosoftEdge=135.0.3179.98); For documentation on this error, please visit: https://www.selenium.dev/documentation/webdriver/troubleshooting/errors#invalid-selector-exception
Stacktrace:
	GetHandleVerifier [0x00007FF63BFA7A55+24981]
	Microsoft::Applications::Events::ILogConfiguration::operator* [0x00007FF63BEFAC60+444240]
	Microsoft::Applications::Events::EventProperty::to_string [0x00007FF63C22E0EA+2011274]
	(No symbol) [0x00007FF63BCD2430]
	(No symbol) [0x00007FF63BCD4CCC]
	(No symbol) [0x00007FF63BCD4D9F]
	(No symbol) [0x00007FF63BD1790B]
	(No symbol) [0x00007FF63BD1804B]
	(No symbol) [0x00007FF63BD58E07]
	(No symbol) [0x00007FF63BD390DF]
	(No symbol) [0x00007FF63BD0E13D]
	(No symbol) [0x00007FF63BD567E8]
	(No symbol) [0x00007FF63BD38E03]
	(No symbol) [0x00007FF63BD0D686]
	(No symbol) [0x00007FF63BD0CB92]
	(No symbol) [0x00007FF63BD0D4B3]
	(No symbol) [0x00007FF63BE0900D]
	Microsoft::Applications::Events::EventProperty::~EventProperty [0x00007FF63BE16943+41539]
	Microsoft::Applications::Events::EventProperty::~EventProperty [0x00007FF63BE0FC79+13689]
	Microsoft::Applications::Events::EventProperty::to_string [0x00007FF63C08A04A+290794]
	Microsoft::Applications::Events::ILogConfiguration::operator* [0x00007FF63BF07D31+497697]
	Microsoft::Applications::Events::ILogConfiguration::operator* [0x00007FF63BF00BB4+468644]
	Microsoft::Applications::Events::ILogConfiguration::operator* [0x00007FF63BF00D03+468979]
	Microsoft::Applications::Events::ILogConfiguration::operator* [0x00007FF63BEF2E16+411910]
	BaseThreadInitThunk [0x00007FFAA0D0259D+29]
	RtlUserThreadStart [0x00007FFAA278AF38+40]
Traceback (most recent call last):
  File "C:\AutoReportV2\backend\app\routes.py", line 98, in run_process
    WebDriverWait(driver, 30).until(
  File "C:\AutoReportV2\backend\venv\Lib\site-packages\selenium\webdriver\support\wait.py", line 137, in until
    value = method(self._driver)
            ^^^^^^^^^^^^^^^^^^^^
  File "C:\AutoReportV2\backend\venv\Lib\site-packages\selenium\webdriver\support\expected_conditions.py", line 633, in _predicate
    target = driver.find_element(*target)  # grab element at locator
             ^^^^^^^^^^^^^^^^^^^^^^^^^^^^
  File "C:\AutoReportV2\backend\venv\Lib\site-packages\selenium\webdriver\remote\webdriver.py", line 898, in find_element
    return self.execute(Command.FIND_ELEMENT, {"using": by, "value": value})["value"]
           ^^^^^^^^^^^^^^^^^^^^^^^^^^^^^^^^^^^^^^^^^^^^^^^^^^^^^^^^^^^^^^^^^
  File "C:\AutoReportV2\backend\venv\Lib\site-packages\selenium\webdriver\remote\webdriver.py", line 429, in execute
    self.error_handler.check_response(response)
  File "C:\AutoReportV2\backend\venv\Lib\site-packages\selenium\webdriver\remote\errorhandler.py", line 232, in check_response
    raise exception_class(message, screen, stacktrace)
selenium.common.exceptions.InvalidSelectorException: Message: invalid selector: Unable to locate an element with the xpath expression  because of the following error:
SyntaxError: Failed to execute 'evaluate' on 'Document': The string '' is not a valid XPath expression.
  (Session info: MicrosoftEdge=135.0.3179.98); For documentation on this error, please visit: https://www.selenium.dev/documentation/webdriver/troubleshooting/errors#invalid-selector-exception
Stacktrace:
	GetHandleVerifier [0x00007FF63BFA7A55+24981]
	Microsoft::Applications::Events::ILogConfiguration::operator* [0x00007FF63BEFAC60+444240]
	Microsoft::Applications::Events::EventProperty::to_string [0x00007FF63C22E0EA+2011274]
	(No symbol) [0x00007FF63BCD2430]
	(No symbol) [0x00007FF63BCD4CCC]
	(No symbol) [0x00007FF63BCD4D9F]
	(No symbol) [0x00007FF63BD1790B]
	(No symbol) [0x00007FF63BD1804B]
	(No symbol) [0x00007FF63BD58E07]
	(No symbol) [0x00007FF63BD390DF]
	(No symbol) [0x00007FF63BD0E13D]
	(No symbol) [0x00007FF63BD567E8]
	(No symbol) [0x00007FF63BD38E03]
	(No symbol) [0x00007FF63BD0D686]
	(No symbol) [0x00007FF63BD0CB92]
	(No symbol) [0x00007FF63BD0D4B3]
	(No symbol) [0x00007FF63BE0900D]
	Microsoft::Applications::Events::EventProperty::~EventProperty [0x00007FF63BE16943+41539]
	Microsoft::Applications::Events::EventProperty::~EventProperty [0x00007FF63BE0FC79+13689]
	Microsoft::Applications::Events::EventProperty::to_string [0x00007FF63C08A04A+290794]
	Microsoft::Applications::Events::ILogConfiguration::operator* [0x00007FF63BF07D31+497697]
	Microsoft::Applications::Events::ILogConfiguration::operator* [0x00007FF63BF00BB4+468644]
	Microsoft::Applications::Events::ILogConfiguration::operator* [0x00007FF63BF00D03+468979]
	Microsoft::Applications::Events::ILogConfiguration::operator* [0x00007FF63BEF2E16+411910]
	BaseThreadInitThunk [0x00007FFAA0D0259D+29]
	RtlUserThreadStart [0x00007FFAA278AF38+40]

2025-04-29 09:53:33,810 - INFO - 127.0.0.1 - - [29/Apr/2025 09:53:33] "[35m[1mPOST /run-process HTTP/1.1[0m" 500 -
2025-04-29 09:54:20,081 - INFO -  * Detected change in 'C:\\AutoReportV2\\backend\\app\\routes.py', reloading
2025-04-29 09:54:20,256 - INFO -  * Restarting with stat
2025-04-29 09:54:21,572 - WARNING -  * Debugger is active!
2025-04-29 09:54:21,576 - INFO -  * Debugger PIN: 113-474-299
2025-04-29 09:57:08,030 - ERROR - Error en run-process: max() arg is an empty sequence
Traceback (most recent call last):
  File "C:\AutoReportV2\backend\app\routes.py", line 105, in run_process
    archivo_descargado = max(
                         ^^^^
ValueError: max() arg is an empty sequence
2025-04-29 09:57:10,258 - INFO - 127.0.0.1 - - [29/Apr/2025 09:57:10] "[35m[1mPOST /run-process HTTP/1.1[0m" 500 -
2025-04-29 10:19:08,481 - INFO -  * Detected change in 'C:\\AutoReportV2\\backend\\app\\routes.py', reloading
2025-04-29 10:19:08,660 - INFO -  * Restarting with stat
2025-04-29 10:19:26,271 - WARNING -  * Debugger is active!
2025-04-29 10:19:26,279 - INFO -  * Debugger PIN: 113-474-299
2025-04-29 10:23:01,040 - ERROR - Error en run-process: max() arg is an empty sequence
Traceback (most recent call last):
  File "C:\AutoReportV2\backend\app\routes.py", line 105, in run_process
    archivo_descargado = max(
                         ^^^^
ValueError: max() arg is an empty sequence
2025-04-29 10:23:03,388 - INFO - 127.0.0.1 - - [29/Apr/2025 10:23:03] "[35m[1mPOST /run-process HTTP/1.1[0m" 500 -
2025-04-29 11:07:04,019 - INFO -  * Detected change in 'C:\\AutoReportV2\\backend\\app\\routes.py', reloading
2025-04-29 11:07:04,163 - INFO -  * Restarting with stat
2025-04-29 11:33:18,718 - INFO - [31m[1mWARNING: This is a development server. Do not use it in a production deployment. Use a production WSGI server instead.[0m
 * Running on http://127.0.0.1:5000
2025-04-29 11:33:18,718 - INFO - [33mPress CTRL+C to quit[0m
2025-04-29 11:33:18,737 - INFO -  * Restarting with stat
2025-04-29 11:33:20,040 - WARNING -  * Debugger is active!
2025-04-29 11:33:20,044 - INFO -  * Debugger PIN: 113-474-299
2025-04-29 11:34:02,302 - WARNING - Retrying (Retry(total=2, connect=None, read=None, redirect=None, status=None)) after connection broken by 'NewConnectionError('<urllib3.connection.HTTPConnection object at 0x000001DB646D7A90>: Failed to establish a new connection: [WinError 10061] No se puede establecer una conexión ya que el equipo de destino denegó expresamente dicha conexión')': /session/20b5b243d3da7f4754bab0b506f87ed7
2025-04-29 11:34:06,351 - WARNING - Retrying (Retry(total=1, connect=None, read=None, redirect=None, status=None)) after connection broken by 'NewConnectionError('<urllib3.connection.HTTPConnection object at 0x000001DB646D6F50>: Failed to establish a new connection: [WinError 10061] No se puede establecer una conexión ya que el equipo de destino denegó expresamente dicha conexión')': /session/20b5b243d3da7f4754bab0b506f87ed7
2025-04-29 11:34:10,433 - WARNING - Retrying (Retry(total=0, connect=None, read=None, redirect=None, status=None)) after connection broken by 'NewConnectionError('<urllib3.connection.HTTPConnection object at 0x000001DB646D5750>: Failed to establish a new connection: [WinError 10061] No se puede establecer una conexión ya que el equipo de destino denegó expresamente dicha conexión')': /session/20b5b243d3da7f4754bab0b506f87ed7
2025-04-29 11:34:11,903 - INFO -  * Detected change in 'C:\\AutoReportV2\\backend\\app\\routes.py', reloading
2025-04-29 11:34:12,085 - INFO -  * Restarting with stat
2025-04-29 11:34:13,569 - WARNING -  * Debugger is active!
2025-04-29 11:34:13,583 - INFO -  * Debugger PIN: 113-474-299
2025-04-29 11:34:41,766 - ERROR - Error al procesar el archivo descargado: No se encontró ningún archivo .xlsx
Traceback (most recent call last):
  File "C:\AutoReportV2\backend\app\routes.py", line 114, in run_process
    archivo_descargado = get_latest_file(DOWNLOAD_FOLDER)
                         ^^^^^^^^^^^^^^^^^^^^^^^^^^^^^^^^
  File "C:\AutoReportV2\backend\app\routes.py", line 111, in get_latest_file
    raise FileNotFoundError("No se encontró ningún archivo .xlsx")
FileNotFoundError: No se encontró ningún archivo .xlsx
2025-04-29 11:34:41,771 - INFO - 127.0.0.1 - - [29/Apr/2025 11:34:41] "[35m[1mPOST /run-process HTTP/1.1[0m" 500 -
2025-04-29 11:36:51,771 - INFO -  * Detected change in 'C:\\AutoReportV2\\backend\\app\\routes.py', reloading
2025-04-29 11:36:51,963 - INFO -  * Restarting with stat
2025-04-29 11:36:53,344 - WARNING -  * Debugger is active!
2025-04-29 11:36:53,356 - INFO -  * Debugger PIN: 113-474-299
2025-04-29 11:37:10,897 - INFO -  * Detected change in 'C:\\AutoReportV2\\backend\\app\\routes.py', reloading
2025-04-29 11:37:11,043 - INFO -  * Restarting with stat
2025-04-29 11:37:12,442 - WARNING -  * Debugger is active!
2025-04-29 11:37:12,448 - INFO -  * Debugger PIN: 113-474-299
2025-04-29 11:37:18,901 - INFO -  * Detected change in 'C:\\AutoReportV2\\backend\\app\\routes.py', reloading
2025-04-29 11:37:19,027 - INFO -  * Restarting with stat
2025-04-29 11:37:20,344 - WARNING -  * Debugger is active!
2025-04-29 11:37:20,349 - INFO -  * Debugger PIN: 113-474-299
2025-04-29 11:37:23,721 - INFO -  * Detected change in 'C:\\AutoReportV2\\backend\\app\\routes.py', reloading
2025-04-29 11:37:23,850 - INFO -  * Restarting with stat
2025-04-29 11:40:21,002 - INFO - [31m[1mWARNING: This is a development server. Do not use it in a production deployment. Use a production WSGI server instead.[0m
 * Running on http://127.0.0.1:5000
2025-04-29 11:40:21,002 - INFO - [33mPress CTRL+C to quit[0m
2025-04-29 11:40:21,005 - INFO -  * Restarting with stat
2025-04-29 11:40:22,356 - WARNING -  * Debugger is active!
2025-04-29 11:40:22,360 - INFO -  * Debugger PIN: 113-474-299
2025-04-29 11:42:46,974 - INFO - 127.0.0.1 - - [29/Apr/2025 11:42:46] "[35m[1mPOST /run-process HTTP/1.1[0m" 500 -
2025-04-29 11:44:52,603 - INFO -  * Detected change in 'C:\\AutoReportV2\\backend\\app\\routes.py', reloading
2025-04-29 11:44:52,755 - INFO -  * Restarting with stat
2025-04-29 11:45:13,302 - WARNING -  * Debugger is active!
2025-04-29 11:45:13,309 - INFO -  * Debugger PIN: 113-474-299
2025-04-29 11:48:30,850 - INFO -  * Detected change in 'C:\\AutoReportV2\\backend\\app\\routes.py', reloading
2025-04-29 11:48:30,998 - INFO -  * Restarting with stat
2025-04-29 11:48:32,214 - WARNING -  * Debugger is active!
2025-04-29 11:48:32,229 - INFO -  * Debugger PIN: 113-474-299
2025-04-29 11:49:30,200 - INFO -  * Detected change in 'C:\\AutoReportV2\\backend\\app\\routes.py', reloading
2025-04-29 11:49:30,393 - INFO -  * Restarting with stat
2025-04-29 11:49:31,612 - WARNING -  * Debugger is active!
2025-04-29 11:49:31,612 - INFO -  * Debugger PIN: 113-474-299
2025-04-29 11:49:33,883 - INFO -  * Detected change in 'C:\\AutoReportV2\\backend\\app\\routes.py', reloading
2025-04-29 11:49:34,011 - INFO -  * Restarting with stat
2025-04-29 11:49:35,222 - WARNING -  * Debugger is active!
2025-04-29 11:49:35,226 - INFO -  * Debugger PIN: 113-474-299
2025-04-29 11:49:38,583 - INFO -  * Detected change in 'C:\\AutoReportV2\\backend\\app\\routes.py', reloading
2025-04-29 11:49:38,712 - INFO -  * Restarting with stat
2025-04-29 11:51:34,634 - INFO - [31m[1mWARNING: This is a development server. Do not use it in a production deployment. Use a production WSGI server instead.[0m
 * Running on http://127.0.0.1:5000
2025-04-29 11:51:34,634 - INFO - [33mPress CTRL+C to quit[0m
2025-04-29 11:51:34,634 - INFO -  * Restarting with stat
2025-04-29 11:51:36,044 - WARNING -  * Debugger is active!
2025-04-29 11:51:36,049 - INFO -  * Debugger PIN: 113-474-299
2025-04-29 11:53:00,310 - INFO - 127.0.0.1 - - [29/Apr/2025 11:53:00] "[35m[1mPOST /run-process HTTP/1.1[0m" 500 -
2025-04-29 11:55:06,726 - INFO -  * Detected change in 'C:\\AutoReportV2\\backend\\app\\routes.py', reloading
2025-04-29 11:55:06,884 - INFO -  * Restarting with stat
2025-04-29 11:55:08,210 - WARNING -  * Debugger is active!
2025-04-29 11:55:08,216 - INFO -  * Debugger PIN: 113-474-299
2025-04-29 11:58:18,013 - INFO -  * Detected change in 'C:\\AutoReportV2\\backend\\app\\routes.py', reloading
2025-04-29 11:58:18,205 - INFO -  * Restarting with stat
2025-04-29 11:58:35,308 - WARNING -  * Debugger is active!
2025-04-29 11:58:35,314 - INFO -  * Debugger PIN: 113-474-299
2025-04-29 11:59:08,945 - INFO -  * Detected change in 'C:\\AutoReportV2\\backend\\app\\routes.py', reloading
2025-04-29 11:59:09,094 - INFO -  * Restarting with stat
2025-04-29 12:00:57,569 - INFO - [31m[1mWARNING: This is a development server. Do not use it in a production deployment. Use a production WSGI server instead.[0m
 * Running on http://127.0.0.1:5000
2025-04-29 12:00:57,569 - INFO - [33mPress CTRL+C to quit[0m
2025-04-29 12:00:57,571 - INFO -  * Restarting with stat
2025-04-29 12:00:58,658 - WARNING -  * Debugger is active!
2025-04-29 12:00:58,661 - INFO -  * Debugger PIN: 113-474-299
2025-04-29 12:02:50,410 - ERROR - Error al procesar el archivo descargado: No se encontró ningún archivo .xlsx
Traceback (most recent call last):
  File "C:\AutoReportV2\backend\app\routes.py", line 136, in run_process
    archivo_descargado = get_latest_file(DOWNLOAD_FOLDER)
                         ^^^^^^^^^^^^^^^^^^^^^^^^^^^^^^^^
  File "C:\AutoReportV2\backend\app\routes.py", line 133, in get_latest_file
    raise FileNotFoundError("No se encontró ningún archivo .xlsx")
FileNotFoundError: No se encontró ningún archivo .xlsx
2025-04-29 12:02:50,414 - INFO - 127.0.0.1 - - [29/Apr/2025 12:02:50] "[35m[1mPOST /run-process HTTP/1.1[0m" 500 -
2025-04-29 13:21:10,623 - INFO -  * Detected change in 'C:\\AutoReportV2\\backend\\app\\routes.py', reloading
2025-04-29 13:21:10,755 - INFO -  * Restarting with stat
2025-04-29 13:23:37,725 - INFO - [31m[1mWARNING: This is a development server. Do not use it in a production deployment. Use a production WSGI server instead.[0m
 * Running on http://127.0.0.1:5000
2025-04-29 13:23:37,725 - INFO - [33mPress CTRL+C to quit[0m
2025-04-29 13:23:37,725 - INFO -  * Restarting with stat
2025-04-29 13:23:38,927 - WARNING -  * Debugger is active!
2025-04-29 13:23:38,940 - INFO -  * Debugger PIN: 113-474-299
2025-04-29 13:33:24,083 - ERROR - Error al procesar el archivo descargado: No se encontró ningún archivo .xlsx
Traceback (most recent call last):
  File "C:\AutoReportV2\backend\app\routes.py", line 136, in run_process
    archivo_descargado = get_latest_file(DOWNLOAD_FOLDER)
                         ^^^^^^^^^^^^^^^^^^^^^^^^^^^^^^^^
  File "C:\AutoReportV2\backend\app\routes.py", line 133, in get_latest_file
    raise FileNotFoundError("No se encontró ningún archivo .xlsx")
FileNotFoundError: No se encontró ningún archivo .xlsx
2025-04-29 13:33:24,100 - INFO - 127.0.0.1 - - [29/Apr/2025 13:33:24] "[35m[1mPOST /run-process HTTP/1.1[0m" 500 -
2025-04-29 13:35:42,476 - INFO -  * Detected change in 'C:\\AutoReportV2\\backend\\app\\routes.py', reloading
2025-04-29 13:35:42,671 - INFO -  * Restarting with stat
2025-04-29 13:35:56,985 - WARNING -  * Debugger is active!
2025-04-29 13:35:57,001 - INFO -  * Debugger PIN: 113-474-299
2025-04-29 13:36:47,998 - INFO -  * Detected change in 'C:\\AutoReportV2\\backend\\app\\routes.py', reloading
2025-04-29 13:36:48,165 - INFO -  * Restarting with stat
2025-04-29 13:36:49,602 - WARNING -  * Debugger is active!
2025-04-29 13:36:49,602 - INFO -  * Debugger PIN: 113-474-299
2025-04-29 13:39:05,444 - INFO -  * Detected change in 'C:\\AutoReportV2\\backend\\app\\routes.py', reloading
2025-04-29 13:39:05,606 - INFO -  * Restarting with stat
2025-04-29 13:39:06,911 - WARNING -  * Debugger is active!
2025-04-29 13:39:06,917 - INFO -  * Debugger PIN: 113-474-299
2025-04-29 13:40:13,314 - INFO -  * Detected change in 'C:\\AutoReportV2\\backend\\app\\routes.py', reloading
2025-04-29 13:40:13,503 - INFO -  * Restarting with stat
2025-04-29 13:43:36,965 - INFO - [31m[1mWARNING: This is a development server. Do not use it in a production deployment. Use a production WSGI server instead.[0m
 * Running on http://127.0.0.1:5000
2025-04-29 13:43:36,966 - INFO - [33mPress CTRL+C to quit[0m
2025-04-29 13:43:36,983 - INFO -  * Restarting with stat
2025-04-29 13:43:38,324 - WARNING -  * Debugger is active!
2025-04-29 13:43:38,340 - INFO -  * Debugger PIN: 113-474-299
2025-04-29 13:44:33,567 - INFO - 127.0.0.1 - - [29/Apr/2025 13:44:33] "[35m[1mPOST /run-process HTTP/1.1[0m" 500 -
2025-04-29 13:44:40,949 - INFO -  * Detected change in 'C:\\AutoReportV2\\backend\\app\\routes.py', reloading
2025-04-29 13:44:41,084 - INFO -  * Restarting with stat
2025-04-29 13:44:42,266 - WARNING -  * Debugger is active!
2025-04-29 13:44:42,266 - INFO -  * Debugger PIN: 113-474-299
2025-04-29 13:44:44,501 - INFO -  * Detected change in 'C:\\AutoReportV2\\backend\\app\\routes.py', reloading
2025-04-29 13:44:44,668 - INFO -  * Restarting with stat
2025-04-29 13:44:45,884 - WARNING -  * Debugger is active!
2025-04-29 13:44:45,884 - INFO -  * Debugger PIN: 113-474-299
2025-04-29 13:44:48,099 - INFO -  * Detected change in 'C:\\AutoReportV2\\backend\\app\\routes.py', reloading
2025-04-29 13:44:48,265 - INFO -  * Restarting with stat
2025-04-29 13:44:49,428 - WARNING -  * Debugger is active!
2025-04-29 13:44:49,434 - INFO -  * Debugger PIN: 113-474-299
2025-04-29 13:46:17,658 - ERROR - Error al procesar el archivo descargado: No se encontró ningún archivo .xlsx
Traceback (most recent call last):
  File "C:\AutoReportV2\backend\app\routes.py", line 139, in run_process
    archivo_descargado = get_latest_file(DOWNLOAD_FOLDER)
                         ^^^^^^^^^^^^^^^^^^^^^^^^^^^^^^^^
  File "C:\AutoReportV2\backend\app\routes.py", line 136, in get_latest_file
    raise FileNotFoundError("No se encontró ningún archivo .xlsx")
FileNotFoundError: No se encontró ningún archivo .xlsx
2025-04-29 13:46:17,659 - INFO - 127.0.0.1 - - [29/Apr/2025 13:46:17] "[35m[1mPOST /run-process HTTP/1.1[0m" 500 -
2025-04-29 13:49:32,914 - INFO -  * Detected change in 'C:\\AutoReportV2\\backend\\app\\routes.py', reloading
2025-04-29 13:49:33,071 - INFO -  * Restarting with stat
2025-04-29 13:49:34,300 - WARNING -  * Debugger is active!
2025-04-29 13:49:34,308 - INFO -  * Debugger PIN: 113-474-299
2025-04-29 13:50:19,102 - INFO -  * Detected change in 'C:\\AutoReportV2\\backend\\app\\routes.py', reloading
2025-04-29 13:50:19,251 - INFO -  * Restarting with stat
2025-04-29 13:50:20,552 - WARNING -  * Debugger is active!
2025-04-29 13:50:20,552 - INFO -  * Debugger PIN: 113-474-299
2025-04-29 13:50:28,107 - INFO -  * Detected change in 'C:\\AutoReportV2\\backend\\app\\routes.py', reloading
2025-04-29 13:50:28,250 - INFO -  * Restarting with stat
2025-04-29 13:50:29,416 - WARNING -  * Debugger is active!
2025-04-29 13:50:29,416 - INFO -  * Debugger PIN: 113-474-299
2025-04-29 13:50:32,698 - INFO -  * Detected change in 'C:\\AutoReportV2\\backend\\app\\routes.py', reloading
2025-04-29 13:50:32,853 - INFO -  * Restarting with stat
2025-04-29 13:50:34,358 - WARNING -  * Debugger is active!
2025-04-29 13:50:34,362 - INFO -  * Debugger PIN: 113-474-299
2025-04-29 13:51:11,911 - INFO -  * Detected change in 'C:\\AutoReportV2\\backend\\app\\routes.py', reloading
2025-04-29 13:51:12,045 - INFO -  * Restarting with stat
2025-04-29 13:53:12,881 - INFO - Ruta de DOWNLOAD_FOLDER: C:\AutoReportV2\backend\temp
2025-04-29 13:53:12,918 - INFO - [31m[1mWARNING: This is a development server. Do not use it in a production deployment. Use a production WSGI server instead.[0m
 * Running on http://127.0.0.1:5000
2025-04-29 13:53:12,918 - INFO - [33mPress CTRL+C to quit[0m
2025-04-29 13:53:12,918 - INFO -  * Restarting with stat
2025-04-29 13:53:14,041 - INFO - Ruta de DOWNLOAD_FOLDER: C:\AutoReportV2\backend\temp
2025-04-29 13:53:14,060 - WARNING -  * Debugger is active!
2025-04-29 13:53:14,066 - INFO -  * Debugger PIN: 113-474-299
2025-04-29 13:54:50,840 - INFO -  * Detected change in 'C:\\AutoReportV2\\backend\\app\\routes.py', reloading
2025-04-29 13:54:50,975 - INFO -  * Restarting with stat
2025-04-29 13:55:37,435 - INFO - Ruta de DOWNLOAD_FOLDER: C:\AutoReportV2\backend\temp
2025-04-29 13:55:37,474 - INFO - [31m[1mWARNING: This is a development server. Do not use it in a production deployment. Use a production WSGI server instead.[0m
 * Running on http://127.0.0.1:5000
2025-04-29 13:55:37,474 - INFO - [33mPress CTRL+C to quit[0m
2025-04-29 13:55:37,476 - INFO -  * Restarting with stat
2025-04-29 13:55:38,611 - INFO - Ruta de DOWNLOAD_FOLDER: C:\AutoReportV2\backend\temp
2025-04-29 13:55:38,632 - WARNING -  * Debugger is active!
2025-04-29 13:55:38,639 - INFO -  * Debugger PIN: 113-474-299
2025-04-29 13:56:10,846 - INFO - 127.0.0.1 - - [29/Apr/2025 13:56:10] "[35m[1mPOST /run-process HTTP/1.1[0m" 500 -
2025-04-29 13:56:20,133 - INFO -  * Detected change in 'C:\\AutoReportV2\\backend\\app\\routes.py', reloading
2025-04-29 13:56:20,294 - INFO -  * Restarting with stat
2025-04-29 13:56:21,499 - INFO - Ruta de DOWNLOAD_FOLDER: C:\AutoReportV2\backend\temp
2025-04-29 13:56:21,522 - WARNING -  * Debugger is active!
2025-04-29 13:56:21,526 - INFO -  * Debugger PIN: 113-474-299
2025-04-29 13:56:24,798 - INFO -  * Detected change in 'C:\\AutoReportV2\\backend\\app\\routes.py', reloading
2025-04-29 13:56:24,931 - INFO -  * Restarting with stat
2025-04-29 13:56:34,227 - INFO - Ruta de DOWNLOAD_FOLDER: C:\AutoReportV2\backend\temp
2025-04-29 13:56:34,263 - INFO - [31m[1mWARNING: This is a development server. Do not use it in a production deployment. Use a production WSGI server instead.[0m
 * Running on http://127.0.0.1:5000
2025-04-29 13:56:34,263 - INFO - [33mPress CTRL+C to quit[0m
2025-04-29 13:56:34,263 - INFO -  * Restarting with stat
2025-04-29 13:56:35,306 - INFO - Ruta de DOWNLOAD_FOLDER: C:\AutoReportV2\backend\temp
2025-04-29 13:56:35,306 - WARNING -  * Debugger is active!
2025-04-29 13:56:35,328 - INFO -  * Debugger PIN: 113-474-299
2025-04-29 13:58:06,088 - INFO - 127.0.0.1 - - [29/Apr/2025 13:58:06] "[35m[1mPOST /run-process HTTP/1.1[0m" 500 -
2025-04-29 14:00:20,324 - INFO -  * Detected change in 'C:\\AutoReportV2\\backend\\app\\routes.py', reloading
2025-04-29 14:00:20,466 - INFO -  * Restarting with stat
2025-04-29 14:00:33,573 - INFO - Ruta de DOWNLOAD_FOLDER: C:\AutoReportV2\backend\temp
2025-04-29 14:00:33,707 - WARNING -  * Debugger is active!
2025-04-29 14:00:33,715 - INFO -  * Debugger PIN: 113-474-299
2025-04-29 14:01:37,383 - ERROR - Error al procesar el archivo descargado: No se encontró ningún archivo .xlsx
Traceback (most recent call last):
  File "C:\AutoReportV2\backend\app\routes.py", line 140, in run_process
    archivo_descargado = get_latest_file(DOWNLOAD_FOLDER)
                         ^^^^^^^^^^^^^^^^^^^^^^^^^^^^^^^^
  File "C:\AutoReportV2\backend\app\routes.py", line 137, in get_latest_file
    raise FileNotFoundError("No se encontró ningún archivo .xlsx")
FileNotFoundError: No se encontró ningún archivo .xlsx
2025-04-29 14:01:37,383 - INFO - 127.0.0.1 - - [29/Apr/2025 14:01:37] "[35m[1mPOST /run-process HTTP/1.1[0m" 500 -
2025-04-29 14:08:16,745 - INFO -  * Detected change in 'C:\\AutoReportV2\\backend\\app\\routes.py', reloading
2025-04-29 14:08:16,897 - INFO -  * Restarting with stat
2025-04-29 14:12:05,243 - INFO - Ruta de DOWNLOAD_FOLDER: C:\AutoReportV2\backend\temp
2025-04-29 14:12:05,286 - INFO - [31m[1mWARNING: This is a development server. Do not use it in a production deployment. Use a production WSGI server instead.[0m
 * Running on http://127.0.0.1:5000
2025-04-29 14:12:05,286 - INFO - [33mPress CTRL+C to quit[0m
2025-04-29 14:12:05,289 - INFO -  * Restarting with stat
2025-04-29 14:12:06,439 - INFO - Ruta de DOWNLOAD_FOLDER: C:\AutoReportV2\backend\temp
2025-04-29 14:12:06,472 - WARNING -  * Debugger is active!
2025-04-29 14:12:06,477 - INFO -  * Debugger PIN: 113-474-299
2025-04-29 14:13:23,498 - ERROR - Error al procesar el archivo descargado: No se encontró ningún archivo .xlsx
Traceback (most recent call last):
  File "C:\AutoReportV2\backend\app\routes.py", line 151, in run_process
    archivo_descargado = get_latest_file(DOWNLOAD_FOLDER)
                         ^^^^^^^^^^^^^^^^^^^^^^^^^^^^^^^^
  File "C:\AutoReportV2\backend\app\routes.py", line 148, in get_latest_file
    raise FileNotFoundError("No se encontró ningún archivo .xlsx")
FileNotFoundError: No se encontró ningún archivo .xlsx
2025-04-29 14:13:23,514 - INFO - 127.0.0.1 - - [29/Apr/2025 14:13:23] "[35m[1mPOST /run-process HTTP/1.1[0m" 500 -
2025-04-29 14:22:01,146 - INFO -  * Detected change in 'C:\\AutoReportV2\\backend\\app\\routes.py', reloading
2025-04-29 14:22:01,314 - INFO -  * Restarting with stat
2025-04-29 14:22:14,456 - INFO - Ruta de DOWNLOAD_FOLDER: C:\AutoReportV2\backend\temp
2025-04-29 14:22:14,545 - WARNING -  * Debugger is active!
2025-04-29 14:22:14,545 - INFO -  * Debugger PIN: 113-474-299
2025-04-29 14:23:41,205 - INFO -  * Detected change in 'C:\\AutoReportV2\\backend\\app\\routes.py', reloading
2025-04-29 14:23:41,357 - INFO -  * Restarting with stat
2025-04-29 14:24:03,472 - INFO - Ruta de DOWNLOAD_FOLDER: C:\AutoReportV2\backend\temp
2025-04-29 14:24:03,512 - INFO - [31m[1mWARNING: This is a development server. Do not use it in a production deployment. Use a production WSGI server instead.[0m
 * Running on http://127.0.0.1:5000
2025-04-29 14:24:03,512 - INFO - [33mPress CTRL+C to quit[0m
2025-04-29 14:24:03,512 - INFO -  * Restarting with stat
2025-04-29 14:24:04,767 - INFO - Ruta de DOWNLOAD_FOLDER: C:\AutoReportV2\backend\temp
2025-04-29 14:24:04,781 - WARNING -  * Debugger is active!
2025-04-29 14:24:04,787 - INFO -  * Debugger PIN: 113-474-299
2025-04-29 14:25:11,079 - ERROR - Error al procesar el archivo descargado: No se encontró ningún archivo .xlsx
Traceback (most recent call last):
  File "C:\AutoReportV2\backend\app\routes.py", line 152, in run_process
    archivo_descargado = get_latest_file(DOWNLOAD_FOLDER)
                         ^^^^^^^^^^^^^^^^^^^^^^^^^^^^^^^^
  File "C:\AutoReportV2\backend\app\routes.py", line 149, in get_latest_file
    raise FileNotFoundError("No se encontró ningún archivo .xlsx")
FileNotFoundError: No se encontró ningún archivo .xlsx
2025-04-29 14:25:11,081 - INFO - 127.0.0.1 - - [29/Apr/2025 14:25:11] "[35m[1mPOST /run-process HTTP/1.1[0m" 500 -
2025-04-29 14:27:44,140 - INFO -  * Detected change in 'C:\\AutoReportV2\\backend\\app\\routes.py', reloading
2025-04-29 14:27:44,308 - INFO -  * Restarting with stat
2025-04-29 14:27:57,478 - INFO - Ruta de DOWNLOAD_FOLDER: C:\AutoReportV2\backend\temp
2025-04-29 14:27:57,597 - WARNING -  * Debugger is active!
2025-04-29 14:27:57,597 - INFO -  * Debugger PIN: 113-474-299
2025-04-29 14:30:02,750 - ERROR - Error al procesar el archivo descargado: No se encontró ningún archivo .xlsx
Traceback (most recent call last):
  File "C:\AutoReportV2\backend\app\routes.py", line 152, in run_process
    archivo_descargado = get_latest_file(DOWNLOAD_FOLDER)
                         ^^^^^^^^^^^^^^^^^^^^^^^^^^^^^^^^
  File "C:\AutoReportV2\backend\app\routes.py", line 149, in get_latest_file
    raise FileNotFoundError("No se encontró ningún archivo .xlsx")
FileNotFoundError: No se encontró ningún archivo .xlsx
2025-04-29 14:30:02,766 - INFO - 127.0.0.1 - - [29/Apr/2025 14:30:02] "[35m[1mPOST /run-process HTTP/1.1[0m" 500 -
2025-04-29 14:35:01,850 - INFO -  * Detected change in 'C:\\AutoReportV2\\backend\\app\\routes.py', reloading
2025-04-29 14:35:02,032 - INFO -  * Restarting with stat
2025-04-29 14:44:21,833 - INFO - Ruta de DOWNLOAD_FOLDER: C:\AutoReportV2\backend\temp
2025-04-29 14:44:21,867 - INFO - [31m[1mWARNING: This is a development server. Do not use it in a production deployment. Use a production WSGI server instead.[0m
 * Running on http://127.0.0.1:5000
2025-04-29 14:44:21,867 - INFO - [33mPress CTRL+C to quit[0m
2025-04-29 14:44:21,867 - INFO -  * Restarting with stat
2025-04-29 14:44:22,999 - INFO - Ruta de DOWNLOAD_FOLDER: C:\AutoReportV2\backend\temp
2025-04-29 14:44:23,015 - WARNING -  * Debugger is active!
2025-04-29 14:44:23,032 - INFO -  * Debugger PIN: 113-474-299
2025-04-29 14:51:27,085 - ERROR - Error al procesar el archivo descargado: No se encontró ningún archivo .xlsx
Traceback (most recent call last):
  File "C:\AutoReportV2\backend\app\routes.py", line 220, in run_process
    archivo_descargado = get_latest_file(DOWNLOAD_FOLDER)
                         ^^^^^^^^^^^^^^^^^^^^^^^^^^^^^^^^
  File "C:\AutoReportV2\backend\app\routes.py", line 65, in get_latest_file
    raise FileNotFoundError("No se encontró ningún archivo .xlsx")
FileNotFoundError: No se encontró ningún archivo .xlsx
2025-04-29 14:51:29,286 - INFO - 127.0.0.1 - - [29/Apr/2025 14:51:29] "[35m[1mPOST /run-process HTTP/1.1[0m" 500 -
2025-04-29 14:53:08,467 - INFO -  * Detected change in 'C:\\AutoReportV2\\backend\\app\\routes.py', reloading
2025-04-29 14:53:08,624 - INFO -  * Restarting with stat
2025-04-29 14:53:10,530 - INFO - Ruta de DOWNLOAD_FOLDER: C:\AutoReportV2\backend\temp
2025-04-29 14:53:10,557 - WARNING -  * Debugger is active!
2025-04-29 14:53:10,561 - INFO -  * Debugger PIN: 113-474-299
2025-04-29 14:54:03,636 - INFO -  * Detected change in 'C:\\AutoReportV2\\backend\\app\\routes.py', reloading
2025-04-29 14:54:03,799 - INFO -  * Restarting with stat
2025-04-29 15:01:50,431 - INFO - Ruta de DOWNLOAD_FOLDER: C:\AutoReportV2\backend\temp
2025-04-29 15:01:50,595 - INFO - [31m[1mWARNING: This is a development server. Do not use it in a production deployment. Use a production WSGI server instead.[0m
 * Running on http://127.0.0.1:5000
2025-04-29 15:01:50,596 - INFO - [33mPress CTRL+C to quit[0m
2025-04-29 15:01:50,606 - INFO -  * Restarting with stat
2025-04-29 15:01:51,750 - INFO - Ruta de DOWNLOAD_FOLDER: C:\AutoReportV2\backend\temp
2025-04-29 15:01:51,766 - WARNING -  * Debugger is active!
2025-04-29 15:01:51,769 - INFO -  * Debugger PIN: 113-474-299
2025-04-29 15:08:31,902 - INFO - Ruta de DOWNLOAD_FOLDER: C:\AutoReportV2\backend\temp
2025-04-29 15:08:31,939 - INFO - [31m[1mWARNING: This is a development server. Do not use it in a production deployment. Use a production WSGI server instead.[0m
 * Running on http://127.0.0.1:5000
2025-04-29 15:08:31,939 - INFO - [33mPress CTRL+C to quit[0m
2025-04-29 15:08:31,942 - INFO -  * Restarting with stat
2025-04-29 15:08:33,195 - INFO - Ruta de DOWNLOAD_FOLDER: C:\AutoReportV2\backend\temp
2025-04-29 15:08:33,215 - WARNING -  * Debugger is active!
2025-04-29 15:08:33,220 - INFO -  * Debugger PIN: 113-474-299
2025-04-29 15:08:40,803 - INFO -  * Detected change in 'C:\\AutoReportV2\\backend\\app\\routes.py', reloading
2025-04-29 15:08:40,965 - INFO -  * Restarting with stat
2025-04-29 15:08:42,119 - INFO - Ruta de DOWNLOAD_FOLDER: C:\AutoReportV2\backend\temp
2025-04-29 15:08:42,134 - WARNING -  * Debugger is active!
2025-04-29 15:08:42,140 - INFO -  * Debugger PIN: 113-474-299
2025-04-29 15:09:08,833 - INFO -  * Detected change in 'C:\\AutoReportV2\\backend\\app\\routes.py', reloading
2025-04-29 15:09:09,006 - INFO -  * Restarting with stat
2025-04-29 15:09:11,023 - INFO - Ruta de DOWNLOAD_FOLDER: C:\AutoReportV2\backend\temp
2025-04-29 15:09:11,066 - WARNING -  * Debugger is active!
2025-04-29 15:09:11,078 - INFO -  * Debugger PIN: 113-474-299
2025-04-29 15:10:48,094 - INFO - 127.0.0.1 - - [29/Apr/2025 15:10:48] "[35m[1mPOST /run-process HTTP/1.1[0m" 500 -
2025-04-29 15:18:32,051 - INFO -  * Detected change in 'C:\\AutoReportV2\\backend\\app\\routes.py', reloading
2025-04-29 15:18:32,287 - INFO -  * Restarting with stat
2025-04-29 15:18:47,772 - INFO - Ruta de DOWNLOAD_FOLDER: C:\AutoReportV2\backend\temp
2025-04-29 15:18:47,891 - WARNING -  * Debugger is active!
2025-04-29 15:18:47,895 - INFO -  * Debugger PIN: 113-474-299
2025-04-29 15:18:49,081 - INFO -  * Detected change in 'C:\\AutoReportV2\\backend\\app\\routes.py', reloading
2025-04-29 15:18:49,271 - INFO -  * Restarting with stat
2025-04-29 15:18:50,735 - INFO - Ruta de DOWNLOAD_FOLDER: C:\AutoReportV2\backend\temp
2025-04-29 15:18:50,750 - WARNING -  * Debugger is active!
2025-04-29 15:18:50,755 - INFO -  * Debugger PIN: 113-474-299
2025-04-29 15:18:54,043 - INFO -  * Detected change in 'C:\\AutoReportV2\\backend\\app\\routes.py', reloading
2025-04-29 15:18:54,189 - INFO -  * Restarting with stat
2025-04-29 15:18:55,523 - INFO - Ruta de DOWNLOAD_FOLDER: C:\AutoReportV2\backend\temp
2025-04-29 15:18:55,542 - WARNING -  * Debugger is active!
2025-04-29 15:18:55,549 - INFO -  * Debugger PIN: 113-474-299
2025-04-29 15:20:33,615 - INFO - 127.0.0.1 - - [29/Apr/2025 15:20:33] "[35m[1mPOST /run-process HTTP/1.1[0m" 500 -
2025-04-29 15:21:58,233 - INFO -  * Detected change in 'C:\\AutoReportV2\\backend\\app\\routes.py', reloading
2025-04-29 15:21:58,391 - INFO -  * Restarting with stat
2025-04-29 15:22:00,738 - INFO - Ruta de DOWNLOAD_FOLDER: C:\AutoReportV2\backend\temp
2025-04-29 15:22:00,786 - WARNING -  * Debugger is active!
2025-04-29 15:22:00,798 - INFO -  * Debugger PIN: 113-474-299
2025-04-29 15:22:02,088 - INFO -  * Detected change in 'C:\\AutoReportV2\\backend\\app\\routes.py', reloading
2025-04-29 15:22:02,239 - INFO -  * Restarting with stat
2025-04-29 15:22:03,887 - INFO - Ruta de DOWNLOAD_FOLDER: C:\AutoReportV2\backend\temp
2025-04-29 15:22:03,915 - WARNING -  * Debugger is active!
2025-04-29 15:22:03,921 - INFO -  * Debugger PIN: 113-474-299
2025-04-29 15:23:43,218 - INFO - 127.0.0.1 - - [29/Apr/2025 15:23:43] "[35m[1mPOST /run-process HTTP/1.1[0m" 500 -
2025-04-29 15:25:26,224 - INFO - 127.0.0.1 - - [29/Apr/2025 15:25:26] "[35m[1mPOST /run-process HTTP/1.1[0m" 500 -
2025-04-29 15:34:06,493 - INFO -  * Detected change in 'C:\\AutoReportV2\\backend\\app\\routes.py', reloading
2025-04-29 15:34:06,672 - INFO -  * Restarting with stat
2025-04-29 15:34:22,000 - INFO - Ruta de DOWNLOAD_FOLDER: C:\AutoReportV2\backend\temp
2025-04-29 15:34:22,092 - WARNING -  * Debugger is active!
2025-04-29 15:34:22,098 - INFO -  * Debugger PIN: 113-474-299
2025-04-29 15:35:55,935 - INFO - 127.0.0.1 - - [29/Apr/2025 15:35:55] "[35m[1mPOST /run-process HTTP/1.1[0m" 500 -
2025-04-29 15:36:29,901 - INFO -  * Detected change in 'C:\\AutoReportV2\\backend\\app\\routes.py', reloading
2025-04-29 15:36:30,103 - INFO -  * Restarting with stat
2025-04-29 15:36:47,936 - INFO - Ruta de DOWNLOAD_FOLDER: C:\AutoReportV2\backend\temp
2025-04-29 15:36:47,973 - INFO - [31m[1mWARNING: This is a development server. Do not use it in a production deployment. Use a production WSGI server instead.[0m
 * Running on http://127.0.0.1:5000
2025-04-29 15:36:47,973 - INFO - [33mPress CTRL+C to quit[0m
2025-04-29 15:36:47,977 - INFO -  * Restarting with stat
2025-04-29 15:36:49,064 - INFO - Ruta de DOWNLOAD_FOLDER: C:\AutoReportV2\backend\temp
2025-04-29 15:36:49,082 - WARNING -  * Debugger is active!
2025-04-29 15:36:49,088 - INFO -  * Debugger PIN: 113-474-299
2025-04-29 15:38:31,807 - INFO - 127.0.0.1 - - [29/Apr/2025 15:38:31] "[35m[1mPOST /run-process HTTP/1.1[0m" 500 -
2025-04-29 15:41:09,180 - INFO -  * Detected change in 'C:\\AutoReportV2\\backend\\app\\routes.py', reloading
2025-04-29 15:41:09,331 - INFO -  * Restarting with stat
2025-04-29 15:41:48,734 - INFO - Ruta de DOWNLOAD_FOLDER: C:\AutoReportV2\backend\temp
2025-04-29 15:41:48,769 - INFO - [31m[1mWARNING: This is a development server. Do not use it in a production deployment. Use a production WSGI server instead.[0m
 * Running on http://127.0.0.1:5000
2025-04-29 15:41:48,770 - INFO - [33mPress CTRL+C to quit[0m
2025-04-29 15:41:48,772 - INFO -  * Restarting with stat
2025-04-29 15:41:50,040 - INFO - Ruta de DOWNLOAD_FOLDER: C:\AutoReportV2\backend\temp
2025-04-29 15:41:50,063 - WARNING -  * Debugger is active!
2025-04-29 15:41:50,068 - INFO -  * Debugger PIN: 113-474-299
2025-04-29 15:43:23,471 - INFO - 127.0.0.1 - - [29/Apr/2025 15:43:23] "[35m[1mPOST /run-process HTTP/1.1[0m" 500 -
2025-04-29 15:43:56,275 - INFO -  * Detected change in 'C:\\AutoReportV2\\backend\\app\\routes.py', reloading
2025-04-29 15:43:56,432 - INFO -  * Restarting with stat
2025-04-29 15:45:28,065 - INFO - Ruta de DOWNLOAD_FOLDER: C:\AutoReportV2\backend\temp
2025-04-29 15:45:28,220 - INFO - [31m[1mWARNING: This is a development server. Do not use it in a production deployment. Use a production WSGI server instead.[0m
 * Running on http://127.0.0.1:5000
2025-04-29 15:45:28,220 - INFO - [33mPress CTRL+C to quit[0m
2025-04-29 15:45:28,240 - INFO -  * Restarting with stat
2025-04-29 15:45:29,304 - INFO - Ruta de DOWNLOAD_FOLDER: C:\AutoReportV2\backend\temp
2025-04-29 15:45:29,323 - WARNING -  * Debugger is active!
2025-04-29 15:45:29,329 - INFO -  * Debugger PIN: 113-474-299
2025-04-29 15:46:41,966 - ERROR - Error al procesar el archivo descargado: No se encontró ningún archivo .xlsx
Traceback (most recent call last):
  File "C:\AutoReportV2\backend\app\routes.py", line 154, in run_process
    archivo_descargado = get_latest_file(DOWNLOAD_FOLDER)
                         ^^^^^^^^^^^^^^^^^^^^^^^^^^^^^^^^
  File "C:\AutoReportV2\backend\app\routes.py", line 151, in get_latest_file
    raise FileNotFoundError("No se encontró ningún archivo .xlsx")
FileNotFoundError: No se encontró ningún archivo .xlsx
2025-04-29 15:46:41,969 - INFO - 127.0.0.1 - - [29/Apr/2025 15:46:41] "[35m[1mPOST /run-process HTTP/1.1[0m" 500 -
2025-04-29 15:50:02,809 - INFO -  * Detected change in 'C:\\AutoReportV2\\backend\\app\\routes.py', reloading
2025-04-29 15:50:02,944 - INFO -  * Restarting with stat
2025-04-29 15:50:04,188 - INFO - Ruta de DOWNLOAD_FOLDER: C:\AutoReportV2\backend\temp
2025-04-29 15:50:04,210 - WARNING -  * Debugger is active!
2025-04-29 15:50:04,216 - INFO -  * Debugger PIN: 113-474-299
2025-04-29 15:50:06,439 - INFO -  * Detected change in 'C:\\AutoReportV2\\backend\\app\\routes.py', reloading
2025-04-29 15:50:06,596 - INFO -  * Restarting with stat
2025-04-29 15:50:07,749 - INFO - Ruta de DOWNLOAD_FOLDER: C:\AutoReportV2\backend\temp
2025-04-29 15:50:07,765 - WARNING -  * Debugger is active!
2025-04-29 15:50:07,769 - INFO -  * Debugger PIN: 113-474-299
2025-04-29 15:50:09,962 - INFO -  * Detected change in 'C:\\AutoReportV2\\backend\\app\\routes.py', reloading
2025-04-29 15:50:10,128 - INFO -  * Restarting with stat
2025-04-29 15:50:11,278 - INFO - Ruta de DOWNLOAD_FOLDER: C:\AutoReportV2\backend\temp
2025-04-29 15:50:11,297 - WARNING -  * Debugger is active!
2025-04-29 15:50:11,302 - INFO -  * Debugger PIN: 113-474-299
2025-04-29 15:50:17,723 - INFO -  * Detected change in 'C:\\AutoReportV2\\backend\\app\\routes.py', reloading
2025-04-29 15:50:17,848 - INFO -  * Restarting with stat
2025-04-29 15:50:18,970 - INFO - Ruta de DOWNLOAD_FOLDER: C:\AutoReportV2\backend\temp
2025-04-29 15:50:18,986 - WARNING -  * Debugger is active!
2025-04-29 15:50:18,992 - INFO -  * Debugger PIN: 113-474-299
2025-04-29 15:50:20,160 - INFO -  * Detected change in 'C:\\AutoReportV2\\backend\\app\\routes.py', reloading
2025-04-29 15:50:20,307 - INFO -  * Restarting with stat
2025-04-29 15:50:21,637 - INFO - Ruta de DOWNLOAD_FOLDER: C:\AutoReportV2\backend\temp
2025-04-29 15:50:21,655 - WARNING -  * Debugger is active!
2025-04-29 15:50:21,661 - INFO -  * Debugger PIN: 113-474-299
2025-04-29 15:50:27,069 - INFO -  * Detected change in 'C:\\AutoReportV2\\backend\\app\\routes.py', reloading
2025-04-29 15:50:27,202 - INFO -  * Restarting with stat
2025-04-29 15:50:28,448 - INFO - Ruta de DOWNLOAD_FOLDER: C:\AutoReportV2\backend\temp
2025-04-29 15:50:28,469 - WARNING -  * Debugger is active!
2025-04-29 15:50:28,475 - INFO -  * Debugger PIN: 113-474-299
2025-04-29 15:50:29,690 - INFO -  * Detected change in 'C:\\AutoReportV2\\backend\\app\\routes.py', reloading
2025-04-29 15:50:29,832 - INFO -  * Restarting with stat
2025-04-29 15:50:31,260 - INFO - Ruta de DOWNLOAD_FOLDER: C:\AutoReportV2\backend\temp
2025-04-29 15:50:31,282 - WARNING -  * Debugger is active!
2025-04-29 15:50:31,287 - INFO -  * Debugger PIN: 113-474-299
2025-04-29 15:51:33,065 - INFO -  * Detected change in 'C:\\AutoReportV2\\backend\\app\\routes.py', reloading
2025-04-29 15:51:33,193 - INFO -  * Restarting with stat
2025-04-29 15:51:34,290 - INFO - Ruta de DOWNLOAD_FOLDER: C:\AutoReportV2\backend\temp
2025-04-29 15:51:34,304 - WARNING -  * Debugger is active!
2025-04-29 15:51:34,308 - INFO -  * Debugger PIN: 113-474-299
2025-04-29 15:51:36,565 - INFO -  * Detected change in 'C:\\AutoReportV2\\backend\\app\\routes.py', reloading
2025-04-29 15:51:36,701 - INFO -  * Restarting with stat
2025-04-29 15:51:37,808 - INFO - Ruta de DOWNLOAD_FOLDER: C:\AutoReportV2\backend\temp
2025-04-29 15:51:37,828 - WARNING -  * Debugger is active!
2025-04-29 15:51:37,832 - INFO -  * Debugger PIN: 113-474-299
2025-04-29 15:51:38,987 - INFO -  * Detected change in 'C:\\AutoReportV2\\backend\\app\\routes.py', reloading
2025-04-29 15:51:39,157 - INFO -  * Restarting with stat
2025-04-29 15:51:40,394 - INFO - Ruta de DOWNLOAD_FOLDER: C:\AutoReportV2\backend\temp
2025-04-29 15:51:40,416 - WARNING -  * Debugger is active!
2025-04-29 15:51:40,422 - INFO -  * Debugger PIN: 113-474-299
2025-04-29 15:52:40,255 - INFO -  * Detected change in 'C:\\AutoReportV2\\backend\\app\\routes.py', reloading
2025-04-29 15:52:40,505 - INFO -  * Restarting with stat
2025-04-29 15:54:27,026 - INFO - Ruta de DOWNLOAD_FOLDER: C:\AutoReportV2\backend\temp
2025-04-29 15:54:27,074 - INFO - [31m[1mWARNING: This is a development server. Do not use it in a production deployment. Use a production WSGI server instead.[0m
 * Running on http://127.0.0.1:5000
2025-04-29 15:54:27,075 - INFO - [33mPress CTRL+C to quit[0m
2025-04-29 15:54:27,077 - INFO -  * Restarting with stat
2025-04-29 15:54:28,770 - INFO - Ruta de DOWNLOAD_FOLDER: C:\AutoReportV2\backend\temp
2025-04-29 15:54:28,795 - WARNING -  * Debugger is active!
2025-04-29 15:54:28,800 - INFO -  * Debugger PIN: 113-474-299
2025-04-29 15:56:00,896 - INFO - 127.0.0.1 - - [29/Apr/2025 15:56:00] "[35m[1mPOST /run-process HTTP/1.1[0m" 500 -
2025-04-29 15:59:29,270 - INFO -  * Detected change in 'C:\\AutoReportV2\\backend\\app\\routes.py', reloading
2025-04-29 15:59:29,433 - INFO -  * Restarting with stat
2025-04-29 15:59:44,715 - INFO - Ruta de DOWNLOAD_FOLDER: C:\AutoReportV2\backend\temp
2025-04-29 15:59:44,820 - WARNING -  * Debugger is active!
2025-04-29 15:59:44,825 - INFO -  * Debugger PIN: 113-474-299
2025-04-29 15:59:46,004 - INFO -  * Detected change in 'C:\\AutoReportV2\\backend\\app\\routes.py', reloading
2025-04-29 15:59:46,149 - INFO -  * Restarting with stat
2025-04-29 16:00:26,634 - INFO - Ruta de DOWNLOAD_FOLDER: C:\AutoReportV2\backend\temp
2025-04-29 16:00:26,673 - INFO - [31m[1mWARNING: This is a development server. Do not use it in a production deployment. Use a production WSGI server instead.[0m
 * Running on http://127.0.0.1:5000
2025-04-29 16:00:26,674 - INFO - [33mPress CTRL+C to quit[0m
2025-04-29 16:00:26,676 - INFO -  * Restarting with stat
2025-04-29 16:00:27,859 - INFO - Ruta de DOWNLOAD_FOLDER: C:\AutoReportV2\backend\temp
2025-04-29 16:00:27,874 - WARNING -  * Debugger is active!
2025-04-29 16:00:27,880 - INFO -  * Debugger PIN: 113-474-299
2025-04-29 16:02:07,526 - INFO - 127.0.0.1 - - [29/Apr/2025 16:02:07] "[35m[1mPOST /run-process HTTP/1.1[0m" 500 -
2025-04-29 16:02:28,297 - INFO -  * Detected change in 'C:\\AutoReportV2\\backend\\app\\routes.py', reloading
2025-04-29 16:02:28,484 - INFO -  * Restarting with stat
2025-04-29 16:02:29,648 - INFO - Ruta de DOWNLOAD_FOLDER: C:\AutoReportV2\backend\temp
2025-04-29 16:02:29,664 - WARNING -  * Debugger is active!
2025-04-29 16:02:29,671 - INFO -  * Debugger PIN: 113-474-299
2025-04-29 16:02:30,846 - INFO -  * Detected change in 'C:\\AutoReportV2\\backend\\app\\routes.py', reloading
2025-04-29 16:02:30,986 - INFO -  * Restarting with stat
2025-04-29 16:02:32,107 - INFO - Ruta de DOWNLOAD_FOLDER: C:\AutoReportV2\backend\temp
2025-04-29 16:02:32,121 - WARNING -  * Debugger is active!
2025-04-29 16:02:32,125 - INFO -  * Debugger PIN: 113-474-299
2025-04-29 16:02:35,417 - INFO -  * Detected change in 'C:\\AutoReportV2\\backend\\app\\routes.py', reloading
2025-04-29 16:02:35,593 - INFO -  * Restarting with stat
2025-04-29 16:02:36,958 - INFO - Ruta de DOWNLOAD_FOLDER: C:\AutoReportV2\backend\temp
2025-04-29 16:02:36,972 - WARNING -  * Debugger is active!
2025-04-29 16:02:36,978 - INFO -  * Debugger PIN: 113-474-299
2025-04-29 16:03:38,985 - INFO -  * Detected change in 'C:\\AutoReportV2\\backend\\app\\routes.py', reloading
2025-04-29 16:03:39,139 - INFO -  * Restarting with stat
2025-04-29 16:05:38,018 - INFO - Ruta de DOWNLOAD_FOLDER: C:\AutoReportV2\backend\temp
2025-04-29 16:05:38,054 - INFO - [31m[1mWARNING: This is a development server. Do not use it in a production deployment. Use a production WSGI server instead.[0m
 * Running on http://127.0.0.1:5000
2025-04-29 16:05:38,054 - INFO - [33mPress CTRL+C to quit[0m
2025-04-29 16:05:38,056 - INFO -  * Restarting with stat
2025-04-29 16:05:39,418 - INFO - Ruta de DOWNLOAD_FOLDER: C:\AutoReportV2\backend\temp
2025-04-29 16:05:39,434 - WARNING -  * Debugger is active!
2025-04-29 16:05:39,443 - INFO -  * Debugger PIN: 113-474-299
2025-04-29 16:06:15,167 - INFO - 127.0.0.1 - - [29/Apr/2025 16:06:15] "[35m[1mPOST /run-process HTTP/1.1[0m" 500 -
2025-04-29 16:06:46,324 - INFO -  * Detected change in 'C:\\AutoReportV2\\backend\\app\\routes.py', reloading
2025-04-29 16:06:46,475 - INFO -  * Restarting with stat
2025-04-29 16:06:59,808 - INFO - Ruta de DOWNLOAD_FOLDER: C:\AutoReportV2\backend\temp
2025-04-29 16:06:59,841 - INFO - [31m[1mWARNING: This is a development server. Do not use it in a production deployment. Use a production WSGI server instead.[0m
 * Running on http://127.0.0.1:5000
2025-04-29 16:06:59,842 - INFO - [33mPress CTRL+C to quit[0m
2025-04-29 16:06:59,843 - INFO -  * Restarting with stat
2025-04-29 16:07:01,006 - INFO - Ruta de DOWNLOAD_FOLDER: C:\AutoReportV2\backend\temp
2025-04-29 16:07:01,029 - WARNING -  * Debugger is active!
2025-04-29 16:07:01,036 - INFO -  * Debugger PIN: 113-474-299
2025-04-29 16:07:44,528 - INFO - 127.0.0.1 - - [29/Apr/2025 16:07:44] "[35m[1mPOST /run-process HTTP/1.1[0m" 500 -
2025-04-29 16:09:03,369 - INFO -  * Detected change in 'C:\\AutoReportV2\\backend\\app\\routes.py', reloading
2025-04-29 16:09:03,497 - INFO -  * Restarting with stat
2025-04-29 16:09:04,736 - INFO - Ruta de DOWNLOAD_FOLDER: C:\AutoReportV2\backend\temp
2025-04-29 16:09:04,749 - WARNING -  * Debugger is active!
2025-04-29 16:09:04,755 - INFO -  * Debugger PIN: 113-474-299
2025-04-29 16:09:04,883 - INFO -  * Detected change in 'C:\\AutoReportV2\\backend\\app\\routes.py', reloading
2025-04-29 16:09:05,011 - INFO -  * Restarting with stat
2025-04-29 16:09:06,185 - INFO - Ruta de DOWNLOAD_FOLDER: C:\AutoReportV2\backend\temp
2025-04-29 16:09:06,206 - WARNING -  * Debugger is active!
2025-04-29 16:09:06,213 - INFO -  * Debugger PIN: 113-474-299
2025-04-29 16:09:09,513 - INFO -  * Detected change in 'C:\\AutoReportV2\\backend\\app\\routes.py', reloading
2025-04-29 16:09:09,645 - INFO -  * Restarting with stat
2025-04-29 16:09:10,872 - INFO - Ruta de DOWNLOAD_FOLDER: C:\AutoReportV2\backend\temp
2025-04-29 16:09:10,890 - WARNING -  * Debugger is active!
2025-04-29 16:09:10,894 - INFO -  * Debugger PIN: 113-474-299
2025-04-29 16:09:16,315 - INFO -  * Detected change in 'C:\\AutoReportV2\\backend\\app\\routes.py', reloading
2025-04-29 16:09:16,455 - INFO -  * Restarting with stat
2025-04-29 16:09:17,850 - INFO - Ruta de DOWNLOAD_FOLDER: C:\AutoReportV2\backend\temp
2025-04-29 16:09:17,869 - WARNING -  * Debugger is active!
2025-04-29 16:09:17,874 - INFO -  * Debugger PIN: 113-474-299
2025-04-29 16:09:29,931 - INFO -  * Detected change in 'C:\\AutoReportV2\\backend\\app\\routes.py', reloading
2025-04-29 16:09:30,123 - INFO -  * Restarting with stat
2025-04-29 16:09:31,406 - INFO - Ruta de DOWNLOAD_FOLDER: C:\AutoReportV2\backend\temp
2025-04-29 16:09:31,427 - WARNING -  * Debugger is active!
2025-04-29 16:09:31,432 - INFO -  * Debugger PIN: 113-474-299
2025-04-29 16:09:32,636 - INFO -  * Detected change in 'C:\\AutoReportV2\\backend\\app\\routes.py', reloading
2025-04-29 16:09:32,782 - INFO -  * Restarting with stat
2025-04-29 16:09:34,309 - INFO - Ruta de DOWNLOAD_FOLDER: C:\AutoReportV2\backend\temp
2025-04-29 16:09:34,329 - WARNING -  * Debugger is active!
2025-04-29 16:09:34,338 - INFO -  * Debugger PIN: 113-474-299
2025-04-29 16:11:51,413 - INFO - 127.0.0.1 - - [29/Apr/2025 16:11:51] "[35m[1mPOST /run-process HTTP/1.1[0m" 500 -
2025-04-29 16:15:20,632 - INFO -  * Detected change in 'C:\\AutoReportV2\\backend\\app\\routes.py', reloading
2025-04-29 16:15:20,762 - INFO -  * Restarting with stat
2025-04-29 16:19:01,149 - INFO - Ruta de DOWNLOAD_FOLDER: C:\AutoReportV2\backend\temp
2025-04-29 16:19:01,285 - INFO - [31m[1mWARNING: This is a development server. Do not use it in a production deployment. Use a production WSGI server instead.[0m
 * Running on http://127.0.0.1:5000
2025-04-29 16:19:01,286 - INFO - [33mPress CTRL+C to quit[0m
2025-04-29 16:19:01,300 - INFO -  * Restarting with stat
2025-04-29 16:19:02,597 - INFO - Ruta de DOWNLOAD_FOLDER: C:\AutoReportV2\backend\temp
2025-04-29 16:19:02,617 - WARNING -  * Debugger is active!
2025-04-29 16:19:02,621 - INFO -  * Debugger PIN: 113-474-299
2025-04-29 16:22:19,719 - INFO - 127.0.0.1 - - [29/Apr/2025 16:22:19] "[35m[1mPOST /run-process HTTP/1.1[0m" 500 -
2025-04-29 16:25:52,275 - INFO -  * Detected change in 'C:\\AutoReportV2\\backend\\app\\routes.py', reloading
2025-04-29 16:25:52,434 - INFO -  * Restarting with stat
2025-04-29 16:25:53,924 - INFO - Ruta de DOWNLOAD_FOLDER: C:\AutoReportV2\backend\temp
2025-04-29 16:25:53,940 - WARNING -  * Debugger is active!
2025-04-29 16:25:53,945 - INFO -  * Debugger PIN: 113-474-299
2025-04-29 16:25:56,178 - INFO -  * Detected change in 'C:\\AutoReportV2\\backend\\app\\routes.py', reloading
2025-04-29 16:25:56,336 - INFO -  * Restarting with stat
2025-04-29 16:26:43,454 - INFO - Ruta de DOWNLOAD_FOLDER: C:\AutoReportV2\backend\temp
2025-04-29 16:26:43,506 - INFO - [31m[1mWARNING: This is a development server. Do not use it in a production deployment. Use a production WSGI server instead.[0m
 * Running on http://127.0.0.1:5000
2025-04-29 16:26:43,506 - INFO - [33mPress CTRL+C to quit[0m
2025-04-29 16:26:43,508 - INFO -  * Restarting with stat
2025-04-29 16:26:44,804 - INFO - Ruta de DOWNLOAD_FOLDER: C:\AutoReportV2\backend\temp
2025-04-29 16:26:44,828 - WARNING -  * Debugger is active!
2025-04-29 16:26:44,848 - INFO -  * Debugger PIN: 113-474-299
2025-04-29 16:28:58,368 - ERROR - Error al procesar el archivo descargado: No se encontró ningún archivo .xlsx
Traceback (most recent call last):
  File "C:\AutoReportV2\backend\app\routes.py", line 123, in run_process
    archivo_descargado = get_latest_file(DOWNLOAD_FOLDER)
                         ^^^^^^^^^^^^^^^^^^^^^^^^^^^^^^^^
  File "C:\AutoReportV2\backend\app\routes.py", line 120, in get_latest_file
    raise FileNotFoundError("No se encontró ningún archivo .xlsx")
FileNotFoundError: No se encontró ningún archivo .xlsx
2025-04-29 16:28:58,392 - INFO - 127.0.0.1 - - [29/Apr/2025 16:28:58] "[35m[1mPOST /run-process HTTP/1.1[0m" 500 -
2025-04-29 16:29:47,349 - INFO -  * Detected change in 'C:\\AutoReportV2\\backend\\app\\routes.py', reloading
2025-04-29 16:29:47,484 - INFO -  * Restarting with stat
2025-04-29 16:30:04,029 - INFO - Ruta de DOWNLOAD_FOLDER: C:\AutoReportV2\backend\temp
2025-04-29 16:30:04,164 - WARNING -  * Debugger is active!
2025-04-29 16:30:04,170 - INFO -  * Debugger PIN: 113-474-299
2025-04-29 16:32:36,380 - ERROR - Error al procesar el archivo descargado: No se encontró ningún archivo .xlsx
Traceback (most recent call last):
  File "C:\AutoReportV2\backend\app\routes.py", line 123, in run_process
    archivo_descargado = get_latest_file(DOWNLOAD_FOLDER)
                         ^^^^^^^^^^^^^^^^^^^^^^^^^^^^^^^^
  File "C:\AutoReportV2\backend\app\routes.py", line 120, in get_latest_file
    raise FileNotFoundError("No se encontró ningún archivo .xlsx")
FileNotFoundError: No se encontró ningún archivo .xlsx
2025-04-29 16:32:36,383 - INFO - 127.0.0.1 - - [29/Apr/2025 16:32:36] "[35m[1mPOST /run-process HTTP/1.1[0m" 500 -
2025-04-29 16:32:47,629 - INFO -  * Detected change in 'C:\\AutoReportV2\\backend\\app\\routes.py', reloading
2025-04-29 16:32:47,784 - INFO -  * Restarting with stat
2025-04-29 16:32:49,052 - INFO - Ruta de DOWNLOAD_FOLDER: C:\AutoReportV2\backend\temp
2025-04-29 16:32:49,067 - WARNING -  * Debugger is active!
2025-04-29 16:32:49,072 - INFO -  * Debugger PIN: 113-474-299
2025-04-29 16:37:27,236 - INFO -  * Detected change in 'C:\\AutoReportV2\\backend\\app\\routes.py', reloading
2025-04-29 16:37:27,400 - INFO -  * Restarting with stat
2025-04-29 16:38:19,411 - INFO - Ruta de DOWNLOAD_FOLDER: C:\AutoReportV2\backend\temp
2025-04-29 16:38:19,489 - INFO - [31m[1mWARNING: This is a development server. Do not use it in a production deployment. Use a production WSGI server instead.[0m
 * Running on http://127.0.0.1:5000
2025-04-29 16:38:19,490 - INFO - [33mPress CTRL+C to quit[0m
2025-04-29 16:38:19,493 - INFO -  * Restarting with stat
2025-04-29 16:38:20,846 - INFO - Ruta de DOWNLOAD_FOLDER: C:\AutoReportV2\backend\temp
2025-04-29 16:38:20,865 - WARNING -  * Debugger is active!
2025-04-29 16:38:20,870 - INFO -  * Debugger PIN: 113-474-299
2025-04-29 16:40:43,516 - INFO - 127.0.0.1 - - [29/Apr/2025 16:40:43] "[35m[1mPOST /run-process HTTP/1.1[0m" 500 -
2025-04-30 22:15:18,273 - INFO -  * Detected change in 'C:\\AutoReportV2\\backend\\app\\routes.py', reloading
2025-04-30 22:15:18,625 - INFO -  * Restarting with stat
2025-04-30 22:15:56,700 - INFO - Ruta de DOWNLOAD_FOLDER: C:\AutoReportV2\backend\temp
2025-04-30 22:15:56,840 - INFO - [31m[1mWARNING: This is a development server. Do not use it in a production deployment. Use a production WSGI server instead.[0m
 * Running on http://127.0.0.1:5000
2025-04-30 22:15:56,840 - INFO - [33mPress CTRL+C to quit[0m
2025-04-30 22:15:56,850 - INFO -  * Restarting with stat
2025-04-30 22:15:57,950 - INFO - Ruta de DOWNLOAD_FOLDER: C:\AutoReportV2\backend\temp
2025-04-30 22:15:57,963 - WARNING -  * Debugger is active!
2025-04-30 22:15:57,971 - INFO -  * Debugger PIN: 113-474-299
2025-04-30 22:19:19,692 - INFO - 127.0.0.1 - - [30/Apr/2025 22:19:19] "[35m[1mPOST /run-process HTTP/1.1[0m" 500 -
2025-04-30 22:20:01,217 - INFO -  * Detected change in 'C:\\AutoReportV2\\backend\\app\\routes.py', reloading
2025-04-30 22:20:01,385 - INFO -  * Restarting with stat
2025-04-30 22:20:23,930 - INFO - Ruta de DOWNLOAD_FOLDER: C:\AutoReportV2\backend\temp
2025-04-30 22:20:24,044 - WARNING -  * Debugger is active!
2025-04-30 22:20:24,051 - INFO -  * Debugger PIN: 113-474-299
2025-04-30 22:20:26,366 - INFO -  * Detected change in 'C:\\AutoReportV2\\backend\\app\\routes.py', reloading
2025-04-30 22:20:26,521 - INFO -  * Restarting with stat
2025-04-30 22:27:10,143 - INFO - Ruta de DOWNLOAD_FOLDER: C:\AutoReportV2\backend\temp
2025-04-30 22:27:10,201 - INFO - [31m[1mWARNING: This is a development server. Do not use it in a production deployment. Use a production WSGI server instead.[0m
 * Running on http://127.0.0.1:5000
2025-04-30 22:27:10,201 - INFO - [33mPress CTRL+C to quit[0m
2025-04-30 22:27:10,201 - INFO -  * Restarting with stat
2025-04-30 22:27:11,899 - INFO - Ruta de DOWNLOAD_FOLDER: C:\AutoReportV2\backend\temp
2025-04-30 22:27:11,916 - WARNING -  * Debugger is active!
2025-04-30 22:27:11,927 - INFO -  * Debugger PIN: 113-474-299
2025-04-30 22:28:03,257 - ERROR - Error al procesar el archivo descargado: No se encontró ningún archivo .xlsx
Traceback (most recent call last):
  File "C:\AutoReportV2\backend\app\routes.py", line 146, in run_process
    archivo_descargado = get_latest_file(DOWNLOAD_FOLDER)
                         ^^^^^^^^^^^^^^^^^^^^^^^^^^^^^^^^
  File "C:\AutoReportV2\backend\app\routes.py", line 143, in get_latest_file
    raise FileNotFoundError("No se encontró ningún archivo .xlsx")
FileNotFoundError: No se encontró ningún archivo .xlsx
2025-04-30 22:28:03,262 - INFO - 127.0.0.1 - - [30/Apr/2025 22:28:03] "[35m[1mPOST /run-process HTTP/1.1[0m" 500 -
2025-04-30 22:28:45,258 - INFO -  * Detected change in 'C:\\AutoReportV2\\backend\\app\\routes.py', reloading
2025-04-30 22:28:45,390 - INFO -  * Restarting with stat
2025-04-30 22:29:50,246 - INFO - Ruta de DOWNLOAD_FOLDER: C:\AutoReportV2\backend\temp
2025-04-30 22:29:50,385 - INFO - [31m[1mWARNING: This is a development server. Do not use it in a production deployment. Use a production WSGI server instead.[0m
 * Running on http://127.0.0.1:5000
2025-04-30 22:29:50,386 - INFO - [33mPress CTRL+C to quit[0m
2025-04-30 22:29:50,401 - INFO -  * Restarting with stat
2025-04-30 22:29:51,571 - INFO - Ruta de DOWNLOAD_FOLDER: C:\AutoReportV2\backend\temp
2025-04-30 22:29:51,589 - WARNING -  * Debugger is active!
2025-04-30 22:29:51,594 - INFO -  * Debugger PIN: 113-474-299
2025-04-30 22:34:23,611 - INFO - 127.0.0.1 - - [30/Apr/2025 22:34:23] "[35m[1mPOST /run-process HTTP/1.1[0m" 500 -
2025-04-30 22:38:35,360 - INFO -  * Detected change in 'C:\\AutoReportV2\\backend\\app\\routes.py', reloading
2025-04-30 22:38:35,499 - INFO -  * Restarting with stat
2025-04-30 22:38:36,585 - INFO - Ruta de DOWNLOAD_FOLDER: C:\AutoReportV2\backend\temp
2025-04-30 22:38:36,601 - WARNING -  * Debugger is active!
2025-04-30 22:38:36,609 - INFO -  * Debugger PIN: 113-474-299
2025-04-30 22:38:38,801 - INFO -  * Detected change in 'C:\\AutoReportV2\\backend\\app\\routes.py', reloading
2025-04-30 22:38:38,935 - INFO -  * Restarting with stat
2025-04-30 22:38:39,900 - INFO - Ruta de DOWNLOAD_FOLDER: C:\AutoReportV2\backend\temp
2025-04-30 22:38:39,913 - WARNING -  * Debugger is active!
2025-04-30 22:38:39,914 - INFO -  * Debugger PIN: 113-474-299
2025-04-30 22:46:57,966 - INFO -  * Detected change in 'C:\\AutoReportV2\\backend\\app\\routes.py', reloading
2025-04-30 22:46:58,095 - INFO -  * Restarting with stat
2025-04-30 22:59:40,190 - INFO - Ruta de DOWNLOAD_FOLDER: C:\AutoReportV2\backend\temp
2025-04-30 22:59:40,338 - INFO - [31m[1mWARNING: This is a development server. Do not use it in a production deployment. Use a production WSGI server instead.[0m
 * Running on http://127.0.0.1:5000
2025-04-30 22:59:40,338 - INFO - [33mPress CTRL+C to quit[0m
2025-04-30 22:59:40,351 - INFO -  * Restarting with stat
2025-04-30 22:59:41,420 - INFO - Ruta de DOWNLOAD_FOLDER: C:\AutoReportV2\backend\temp
2025-04-30 22:59:41,430 - WARNING -  * Debugger is active!
2025-04-30 22:59:41,441 - INFO -  * Debugger PIN: 113-474-299
2025-04-30 23:02:11,421 - ERROR - Error al procesar el archivo descargado: No se encontró ningún archivo .xlsx
Traceback (most recent call last):
  File "C:\AutoReportV2\backend\app\routes.py", line 141, in run_process
    archivo_descargado = get_latest_file(DOWNLOAD_FOLDER)
                         ^^^^^^^^^^^^^^^^^^^^^^^^^^^^^^^^
  File "C:\AutoReportV2\backend\app\routes.py", line 138, in get_latest_file
    raise FileNotFoundError("No se encontró ningún archivo .xlsx")
FileNotFoundError: No se encontró ningún archivo .xlsx
2025-04-30 23:02:11,421 - INFO - 127.0.0.1 - - [30/Apr/2025 23:02:11] "[35m[1mPOST /run-process HTTP/1.1[0m" 500 -
2025-04-30 23:05:29,118 - INFO -  * Detected change in 'C:\\AutoReportV2\\backend\\app\\routes.py', reloading
2025-04-30 23:05:29,298 - INFO -  * Restarting with stat
2025-04-30 23:05:30,458 - INFO - Ruta de DOWNLOAD_FOLDER: C:\AutoReportV2\backend\temp
2025-04-30 23:05:30,472 - WARNING -  * Debugger is active!
2025-04-30 23:05:30,476 - INFO -  * Debugger PIN: 113-474-299
2025-04-30 23:05:31,625 - INFO -  * Detected change in 'C:\\AutoReportV2\\backend\\app\\routes.py', reloading
2025-04-30 23:05:31,778 - INFO -  * Restarting with stat
2025-04-30 23:05:32,890 - INFO - Ruta de DOWNLOAD_FOLDER: C:\AutoReportV2\backend\temp
2025-04-30 23:05:32,910 - WARNING -  * Debugger is active!
2025-04-30 23:05:32,915 - INFO -  * Debugger PIN: 113-474-299
2025-04-30 23:05:34,074 - INFO -  * Detected change in 'C:\\AutoReportV2\\backend\\app\\routes.py', reloading
2025-04-30 23:05:34,210 - INFO -  * Restarting with stat
2025-04-30 23:07:19,326 - INFO - Ruta de DOWNLOAD_FOLDER: C:\AutoReportV2\backend\temp
2025-04-30 23:07:19,365 - INFO - [31m[1mWARNING: This is a development server. Do not use it in a production deployment. Use a production WSGI server instead.[0m
 * Running on http://127.0.0.1:5000
2025-04-30 23:07:19,365 - INFO - [33mPress CTRL+C to quit[0m
2025-04-30 23:07:19,368 - INFO -  * Restarting with stat
2025-04-30 23:07:20,691 - INFO - Ruta de DOWNLOAD_FOLDER: C:\AutoReportV2\backend\temp
2025-04-30 23:07:20,707 - WARNING -  * Debugger is active!
2025-04-30 23:07:20,711 - INFO -  * Debugger PIN: 113-474-299
2025-04-30 23:11:21,318 - ERROR - Error al procesar el archivo descargado: No se encontró ningún archivo .xlsx
Traceback (most recent call last):
  File "C:\AutoReportV2\backend\app\routes.py", line 156, in run_process
    archivo_descargado = get_latest_file(DOWNLOAD_FOLDER)
                         ^^^^^^^^^^^^^^^^^^^^^^^^^^^^^^^^
  File "C:\AutoReportV2\backend\app\routes.py", line 153, in get_latest_file
    raise FileNotFoundError("No se encontró ningún archivo .xlsx")
FileNotFoundError: No se encontró ningún archivo .xlsx
2025-04-30 23:11:21,320 - INFO - 127.0.0.1 - - [30/Apr/2025 23:11:21] "[35m[1mPOST /run-process HTTP/1.1[0m" 500 -
2025-04-30 23:11:39,148 - INFO -  * Detected change in 'C:\\AutoReportV2\\backend\\app\\routes.py', reloading
2025-04-30 23:11:39,378 - INFO -  * Restarting with stat
2025-04-30 23:11:40,681 - INFO - Ruta de DOWNLOAD_FOLDER: C:\AutoReportV2\backend\temp
2025-04-30 23:11:40,703 - WARNING -  * Debugger is active!
2025-04-30 23:11:40,707 - INFO -  * Debugger PIN: 113-474-299
2025-04-30 23:11:57,559 - INFO -  * Detected change in 'C:\\AutoReportV2\\backend\\app\\routes.py', reloading
2025-04-30 23:11:57,686 - INFO -  * Restarting with stat
2025-04-30 23:11:58,721 - INFO - Ruta de DOWNLOAD_FOLDER: C:\AutoReportV2\backend\temp
2025-04-30 23:11:58,736 - WARNING -  * Debugger is active!
2025-04-30 23:11:58,740 - INFO -  * Debugger PIN: 113-474-299
2025-04-30 23:12:26,882 - INFO -  * Detected change in 'C:\\AutoReportV2\\backend\\app\\routes.py', reloading
2025-04-30 23:12:27,031 - INFO -  * Restarting with stat
2025-04-30 23:12:28,018 - INFO - Ruta de DOWNLOAD_FOLDER: C:\AutoReportV2\backend\temp
2025-04-30 23:12:28,032 - WARNING -  * Debugger is active!
2025-04-30 23:12:28,036 - INFO -  * Debugger PIN: 113-474-299
2025-04-30 23:16:25,610 - ERROR - Error al procesar el archivo descargado: No se encontró ningún archivo .xlsx
Traceback (most recent call last):
  File "C:\AutoReportV2\backend\app\routes.py", line 157, in run_process
    archivo_descargado = get_latest_file(DOWNLOAD_FOLDER)
                         ^^^^^^^^^^^^^^^^^^^^^^^^^^^^^^^^
  File "C:\AutoReportV2\backend\app\routes.py", line 154, in get_latest_file
    raise FileNotFoundError("No se encontró ningún archivo .xlsx")
FileNotFoundError: No se encontró ningún archivo .xlsx
2025-04-30 23:16:25,610 - INFO - 127.0.0.1 - - [30/Apr/2025 23:16:25] "[35m[1mPOST /run-process HTTP/1.1[0m" 500 -
2025-04-30 23:20:16,922 - INFO -  * Detected change in 'C:\\AutoReportV2\\backend\\app\\routes.py', reloading
2025-04-30 23:20:17,049 - INFO -  * Restarting with stat
2025-04-30 23:20:34,384 - INFO - Ruta de DOWNLOAD_FOLDER: C:\AutoReportV2\backend\temp
2025-04-30 23:20:34,485 - WARNING -  * Debugger is active!
2025-04-30 23:20:34,492 - INFO -  * Debugger PIN: 113-474-299
2025-04-30 23:21:56,271 - ERROR - Error al procesar el archivo descargado: No se encontró ningún archivo .xlsx
Traceback (most recent call last):
  File "C:\AutoReportV2\backend\app\routes.py", line 157, in run_process
    archivo_descargado = get_latest_file(DOWNLOAD_FOLDER)
                         ^^^^^^^^^^^^^^^^^^^^^^^^^^^^^^^^
  File "C:\AutoReportV2\backend\app\routes.py", line 154, in get_latest_file
    raise FileNotFoundError("No se encontró ningún archivo .xlsx")
FileNotFoundError: No se encontró ningún archivo .xlsx
2025-04-30 23:21:56,271 - INFO - 127.0.0.1 - - [30/Apr/2025 23:21:56] "[35m[1mPOST /run-process HTTP/1.1[0m" 500 -
2025-04-30 23:22:51,209 - INFO -  * Detected change in 'C:\\AutoReportV2\\backend\\app\\routes.py', reloading
2025-04-30 23:22:51,376 - INFO -  * Restarting with stat
2025-04-30 23:22:52,543 - INFO - Ruta de DOWNLOAD_FOLDER: C:\AutoReportV2\backend\temp
2025-04-30 23:22:52,563 - WARNING -  * Debugger is active!
2025-04-30 23:22:52,572 - INFO -  * Debugger PIN: 113-474-299
2025-04-30 23:22:54,796 - INFO -  * Detected change in 'C:\\AutoReportV2\\backend\\app\\routes.py', reloading
2025-04-30 23:22:54,923 - INFO -  * Restarting with stat
2025-04-30 23:25:11,058 - INFO - Ruta de DOWNLOAD_FOLDER: C:\AutoReportV2\backend\temp
2025-04-30 23:25:11,092 - INFO - [31m[1mWARNING: This is a development server. Do not use it in a production deployment. Use a production WSGI server instead.[0m
 * Running on http://127.0.0.1:5000
2025-04-30 23:25:11,092 - INFO - [33mPress CTRL+C to quit[0m
2025-04-30 23:25:11,093 - INFO -  * Restarting with stat
2025-04-30 23:25:12,415 - INFO - Ruta de DOWNLOAD_FOLDER: C:\AutoReportV2\backend\temp
2025-04-30 23:25:12,439 - WARNING -  * Debugger is active!
2025-04-30 23:25:12,443 - INFO -  * Debugger PIN: 113-474-299
2025-04-30 23:26:55,107 - ERROR - Error al procesar el archivo descargado: No se encontró ningún archivo .xlsx
Traceback (most recent call last):
  File "C:\AutoReportV2\backend\app\routes.py", line 133, in run_process
    archivo_descargado = get_latest_file(DOWNLOAD_FOLDER)
                         ^^^^^^^^^^^^^^^^^^^^^^^^^^^^^^^^
  File "C:\AutoReportV2\backend\app\routes.py", line 130, in get_latest_file
    raise FileNotFoundError("No se encontró ningún archivo .xlsx")
FileNotFoundError: No se encontró ningún archivo .xlsx
2025-04-30 23:26:55,110 - INFO - 127.0.0.1 - - [30/Apr/2025 23:26:55] "[35m[1mPOST /run-process HTTP/1.1[0m" 500 -
2025-04-30 23:28:39,975 - ERROR - Error al procesar el archivo descargado: No se encontró ningún archivo .xlsx
Traceback (most recent call last):
  File "C:\AutoReportV2\backend\app\routes.py", line 133, in run_process
    archivo_descargado = get_latest_file(DOWNLOAD_FOLDER)
                         ^^^^^^^^^^^^^^^^^^^^^^^^^^^^^^^^
  File "C:\AutoReportV2\backend\app\routes.py", line 130, in get_latest_file
    raise FileNotFoundError("No se encontró ningún archivo .xlsx")
FileNotFoundError: No se encontró ningún archivo .xlsx
2025-04-30 23:28:39,977 - INFO - 127.0.0.1 - - [30/Apr/2025 23:28:39] "[35m[1mPOST /run-process HTTP/1.1[0m" 500 -
2025-04-30 23:28:43,283 - INFO -  * Detected change in 'C:\\AutoReportV2\\backend\\app\\routes.py', reloading
2025-04-30 23:28:43,576 - INFO -  * Restarting with stat
2025-04-30 23:29:04,117 - INFO - Ruta de DOWNLOAD_FOLDER: C:\AutoReportV2\backend\temp
2025-04-30 23:29:04,214 - WARNING -  * Debugger is active!
2025-04-30 23:29:04,221 - INFO -  * Debugger PIN: 113-474-299
2025-04-30 23:29:27,628 - INFO - 127.0.0.1 - - [30/Apr/2025 23:29:27] "[35m[1mPOST /run-process HTTP/1.1[0m" 500 -
2025-04-30 23:31:32,751 - INFO -  * Detected change in 'C:\\AutoReportV2\\backend\\app\\routes.py', reloading
2025-04-30 23:31:32,921 - INFO -  * Restarting with stat
2025-04-30 23:31:34,121 - INFO - Ruta de DOWNLOAD_FOLDER: C:\AutoReportV2\backend\temp
2025-04-30 23:31:34,141 - WARNING -  * Debugger is active!
2025-04-30 23:31:34,151 - INFO -  * Debugger PIN: 113-474-299
2025-04-30 23:31:42,771 - INFO - 127.0.0.1 - - [30/Apr/2025 23:31:42] "[35m[1mPOST /run-process HTTP/1.1[0m" 500 -
2025-04-30 23:31:54,885 - INFO - Ruta de DOWNLOAD_FOLDER: C:\AutoReportV2\backend\temp
2025-04-30 23:31:54,934 - INFO - [31m[1mWARNING: This is a development server. Do not use it in a production deployment. Use a production WSGI server instead.[0m
 * Running on http://127.0.0.1:5000
2025-04-30 23:31:54,934 - INFO - [33mPress CTRL+C to quit[0m
2025-04-30 23:31:54,936 - INFO -  * Restarting with stat
2025-04-30 23:31:56,163 - INFO - Ruta de DOWNLOAD_FOLDER: C:\AutoReportV2\backend\temp
2025-04-30 23:31:56,181 - WARNING -  * Debugger is active!
2025-04-30 23:31:56,181 - INFO -  * Debugger PIN: 113-474-299
2025-04-30 23:32:31,846 - INFO -  * Detected change in 'C:\\AutoReportV2\\backend\\app\\routes.py', reloading
2025-04-30 23:32:31,981 - INFO -  * Restarting with stat
2025-04-30 23:32:33,078 - INFO - Ruta de DOWNLOAD_FOLDER: C:\AutoReportV2\backend\temp
2025-04-30 23:32:33,092 - WARNING -  * Debugger is active!
2025-04-30 23:32:33,096 - INFO -  * Debugger PIN: 113-474-299
2025-04-30 23:32:35,301 - INFO -  * Detected change in 'C:\\AutoReportV2\\backend\\app\\routes.py', reloading
2025-04-30 23:32:35,438 - INFO -  * Restarting with stat
2025-04-30 23:32:36,485 - INFO - Ruta de DOWNLOAD_FOLDER: C:\AutoReportV2\backend\temp
2025-04-30 23:32:36,498 - WARNING -  * Debugger is active!
2025-04-30 23:32:36,503 - INFO -  * Debugger PIN: 113-474-299
2025-04-30 23:32:39,784 - INFO -  * Detected change in 'C:\\AutoReportV2\\backend\\app\\routes.py', reloading
2025-04-30 23:32:39,912 - INFO -  * Restarting with stat
2025-04-30 23:32:40,827 - INFO - Ruta de DOWNLOAD_FOLDER: C:\AutoReportV2\backend\temp
2025-04-30 23:32:40,841 - WARNING -  * Debugger is active!
2025-04-30 23:32:40,846 - INFO -  * Debugger PIN: 113-474-299
2025-04-30 23:32:45,138 - INFO -  * Detected change in 'C:\\AutoReportV2\\backend\\app\\routes.py', reloading
2025-04-30 23:32:45,261 - INFO -  * Restarting with stat
2025-04-30 23:32:46,234 - INFO - Ruta de DOWNLOAD_FOLDER: C:\AutoReportV2\backend\temp
2025-04-30 23:32:46,247 - WARNING -  * Debugger is active!
2025-04-30 23:32:46,253 - INFO -  * Debugger PIN: 113-474-299
2025-04-30 23:32:47,411 - INFO -  * Detected change in 'C:\\AutoReportV2\\backend\\app\\routes.py', reloading
2025-04-30 23:32:47,532 - INFO -  * Restarting with stat
2025-04-30 23:32:48,512 - INFO - Ruta de DOWNLOAD_FOLDER: C:\AutoReportV2\backend\temp
2025-04-30 23:32:48,528 - WARNING -  * Debugger is active!
2025-04-30 23:32:48,533 - INFO -  * Debugger PIN: 113-474-299
2025-04-30 23:32:51,795 - INFO -  * Detected change in 'C:\\AutoReportV2\\backend\\app\\routes.py', reloading
2025-04-30 23:32:51,920 - INFO -  * Restarting with stat
2025-04-30 23:32:53,380 - INFO - Ruta de DOWNLOAD_FOLDER: C:\AutoReportV2\backend\temp
2025-04-30 23:32:53,396 - WARNING -  * Debugger is active!
2025-04-30 23:32:53,400 - INFO -  * Debugger PIN: 113-474-299
2025-04-30 23:33:35,990 - INFO -  * Detected change in 'C:\\AutoReportV2\\backend\\app\\routes.py', reloading
2025-04-30 23:33:36,130 - INFO -  * Restarting with stat
2025-04-30 23:33:37,399 - INFO - Ruta de DOWNLOAD_FOLDER: C:\AutoReportV2\backend\temp
2025-04-30 23:33:37,410 - WARNING -  * Debugger is active!
2025-04-30 23:33:37,425 - INFO -  * Debugger PIN: 113-474-299
2025-04-30 23:34:00,707 - INFO -  * Detected change in 'C:\\AutoReportV2\\backend\\app\\routes.py', reloading
2025-04-30 23:34:00,826 - INFO -  * Restarting with stat
2025-04-30 23:34:01,885 - INFO - Ruta de DOWNLOAD_FOLDER: C:\AutoReportV2\backend\temp
2025-04-30 23:34:01,900 - WARNING -  * Debugger is active!
2025-04-30 23:34:01,905 - INFO -  * Debugger PIN: 113-474-299
2025-04-30 23:34:05,173 - INFO -  * Detected change in 'C:\\AutoReportV2\\backend\\app\\routes.py', reloading
2025-04-30 23:34:05,295 - INFO -  * Restarting with stat
2025-04-30 23:34:06,262 - INFO - Ruta de DOWNLOAD_FOLDER: C:\AutoReportV2\backend\temp
2025-04-30 23:34:06,277 - WARNING -  * Debugger is active!
2025-04-30 23:34:06,280 - INFO -  * Debugger PIN: 113-474-299
2025-04-30 23:34:08,466 - INFO -  * Detected change in 'C:\\AutoReportV2\\backend\\app\\routes.py', reloading
2025-04-30 23:34:08,587 - INFO -  * Restarting with stat
2025-04-30 23:34:09,559 - INFO - Ruta de DOWNLOAD_FOLDER: C:\AutoReportV2\backend\temp
2025-04-30 23:34:09,572 - WARNING -  * Debugger is active!
2025-04-30 23:34:09,576 - INFO -  * Debugger PIN: 113-474-299
2025-04-30 23:35:18,251 - INFO - 127.0.0.1 - - [30/Apr/2025 23:35:18] "[35m[1mPOST /run-process HTTP/1.1[0m" 500 -
2025-04-30 23:35:57,207 - INFO - Ruta de DOWNLOAD_FOLDER: C:\AutoReportV2\backend\temp
2025-04-30 23:35:57,244 - INFO - [31m[1mWARNING: This is a development server. Do not use it in a production deployment. Use a production WSGI server instead.[0m
 * Running on http://127.0.0.1:5000
2025-04-30 23:35:57,245 - INFO - [33mPress CTRL+C to quit[0m
2025-04-30 23:35:57,245 - INFO -  * Restarting with stat
2025-04-30 23:35:58,482 - INFO - Ruta de DOWNLOAD_FOLDER: C:\AutoReportV2\backend\temp
2025-04-30 23:35:58,500 - WARNING -  * Debugger is active!
2025-04-30 23:35:58,504 - INFO -  * Debugger PIN: 113-474-299
2025-04-30 23:37:08,232 - ERROR - Error al procesar el archivo descargado: No se encontró ningún archivo .xlsx
Traceback (most recent call last):
  File "C:\AutoReportV2\backend\app\routes.py", line 130, in run_process
    archivo_descargado = get_latest_file(DOWNLOAD_FOLDER)
                         ^^^^^^^^^^^^^^^^^^^^^^^^^^^^^^^^
  File "C:\AutoReportV2\backend\app\routes.py", line 127, in get_latest_file
    raise FileNotFoundError("No se encontró ningún archivo .xlsx")
FileNotFoundError: No se encontró ningún archivo .xlsx
2025-04-30 23:37:08,234 - INFO - 127.0.0.1 - - [30/Apr/2025 23:37:08] "[35m[1mPOST /run-process HTTP/1.1[0m" 500 -
2025-04-30 23:44:01,445 - INFO -  * Detected change in 'C:\\AutoReportV2\\backend\\app\\routes.py', reloading
2025-04-30 23:44:01,593 - INFO -  * Restarting with stat
2025-04-30 23:44:17,709 - INFO - Ruta de DOWNLOAD_FOLDER: C:\AutoReportV2\backend\temp
2025-04-30 23:44:17,804 - WARNING -  * Debugger is active!
2025-04-30 23:44:17,810 - INFO -  * Debugger PIN: 113-474-299
2025-04-30 23:52:32,458 - INFO -  * Detected change in 'C:\\AutoReportV2\\backend\\app\\routes.py', reloading
2025-04-30 23:52:32,594 - INFO -  * Restarting with stat
2025-04-30 23:52:33,705 - INFO - Ruta de DOWNLOAD_FOLDER: C:\AutoReportV2\backend\temp
2025-04-30 23:52:33,719 - WARNING -  * Debugger is active!
2025-04-30 23:52:33,722 - INFO -  * Debugger PIN: 113-474-299
2025-04-30 23:52:34,869 - INFO -  * Detected change in 'C:\\AutoReportV2\\backend\\app\\routes.py', reloading
2025-04-30 23:52:35,005 - INFO -  * Restarting with stat
2025-04-30 23:52:36,401 - INFO - Ruta de DOWNLOAD_FOLDER: C:\AutoReportV2\backend\temp
2025-04-30 23:52:36,415 - WARNING -  * Debugger is active!
2025-04-30 23:52:36,418 - INFO -  * Debugger PIN: 113-474-299
2025-04-30 23:52:38,599 - INFO -  * Detected change in 'C:\\AutoReportV2\\backend\\app\\routes.py', reloading
2025-04-30 23:52:38,726 - INFO -  * Restarting with stat
2025-04-30 23:52:39,817 - INFO - Ruta de DOWNLOAD_FOLDER: C:\AutoReportV2\backend\temp
2025-04-30 23:52:39,832 - WARNING -  * Debugger is active!
2025-04-30 23:52:39,837 - INFO -  * Debugger PIN: 113-474-299
2025-04-30 23:52:42,020 - INFO -  * Detected change in 'C:\\AutoReportV2\\backend\\app\\routes.py', reloading
2025-04-30 23:52:42,156 - INFO -  * Restarting with stat
2025-04-30 23:52:43,194 - INFO - Ruta de DOWNLOAD_FOLDER: C:\AutoReportV2\backend\temp
2025-04-30 23:52:43,212 - WARNING -  * Debugger is active!
2025-04-30 23:52:43,219 - INFO -  * Debugger PIN: 113-474-299
2025-04-30 23:52:44,414 - INFO -  * Detected change in 'C:\\AutoReportV2\\backend\\app\\routes.py', reloading
2025-04-30 23:52:44,699 - INFO -  * Restarting with stat
2025-04-30 23:52:47,086 - INFO - Ruta de DOWNLOAD_FOLDER: C:\AutoReportV2\backend\temp
2025-04-30 23:52:47,118 - WARNING -  * Debugger is active!
2025-04-30 23:52:47,125 - INFO -  * Debugger PIN: 113-474-299
2025-04-30 23:52:50,462 - INFO -  * Detected change in 'C:\\AutoReportV2\\backend\\app\\routes.py', reloading
2025-04-30 23:52:50,681 - INFO -  * Restarting with stat
2025-04-30 23:54:09,792 - INFO - Ruta de DOWNLOAD_FOLDER: C:\AutoReportV2\backend\temp
2025-04-30 23:54:09,895 - INFO - [31m[1mWARNING: This is a development server. Do not use it in a production deployment. Use a production WSGI server instead.[0m
 * Running on http://127.0.0.1:5000
2025-04-30 23:54:09,895 - INFO - [33mPress CTRL+C to quit[0m
2025-04-30 23:54:09,899 - INFO -  * Restarting with stat
2025-04-30 23:54:11,265 - INFO - Ruta de DOWNLOAD_FOLDER: C:\AutoReportV2\backend\temp
2025-04-30 23:54:11,287 - WARNING -  * Debugger is active!
2025-04-30 23:54:11,287 - INFO -  * Debugger PIN: 113-474-299
2025-04-30 23:59:09,134 - ERROR - Error al procesar el archivo descargado: No se encontró ningún archivo .xlsx
Traceback (most recent call last):
  File "C:\AutoReportV2\backend\app\routes.py", line 151, in run_process
    archivo_descargado = get_latest_file(DOWNLOAD_FOLDER)
                         ^^^^^^^^^^^^^^^^^^^^^^^^^^^^^^^^
  File "C:\AutoReportV2\backend\app\routes.py", line 148, in get_latest_file
    raise FileNotFoundError("No se encontró ningún archivo .xlsx")
FileNotFoundError: No se encontró ningún archivo .xlsx
2025-04-30 23:59:09,154 - INFO - 127.0.0.1 - - [30/Apr/2025 23:59:09] "[35m[1mPOST /run-process HTTP/1.1[0m" 500 -
2025-04-30 23:59:40,786 - INFO -  * Detected change in 'C:\\AutoReportV2\\backend\\app\\routes.py', reloading
2025-04-30 23:59:40,933 - INFO -  * Restarting with stat
2025-04-30 23:59:57,039 - INFO - Ruta de DOWNLOAD_FOLDER: C:\AutoReportV2\backend\temp
2025-04-30 23:59:57,136 - WARNING -  * Debugger is active!
2025-04-30 23:59:57,139 - INFO -  * Debugger PIN: 113-474-299
2025-05-01 00:00:02,493 - INFO -  * Detected change in 'C:\\AutoReportV2\\backend\\app\\routes.py', reloading
2025-05-01 00:00:02,621 - INFO -  * Restarting with stat
2025-05-01 00:00:03,632 - INFO - Ruta de DOWNLOAD_FOLDER: C:\AutoReportV2\backend\temp
2025-05-01 00:00:03,645 - WARNING -  * Debugger is active!
2025-05-01 00:00:03,652 - INFO -  * Debugger PIN: 113-474-299
2025-05-01 00:00:07,935 - INFO -  * Detected change in 'C:\\AutoReportV2\\backend\\app\\routes.py', reloading
2025-05-01 00:00:08,067 - INFO -  * Restarting with stat
2025-05-01 00:00:09,045 - INFO - Ruta de DOWNLOAD_FOLDER: C:\AutoReportV2\backend\temp
2025-05-01 00:00:09,059 - WARNING -  * Debugger is active!
2025-05-01 00:00:09,065 - INFO -  * Debugger PIN: 113-474-299
2025-05-01 00:00:12,335 - INFO -  * Detected change in 'C:\\AutoReportV2\\backend\\app\\routes.py', reloading
2025-05-01 00:00:12,456 - INFO -  * Restarting with stat
2025-05-01 00:00:13,446 - INFO - Ruta de DOWNLOAD_FOLDER: C:\AutoReportV2\backend\temp
2025-05-01 00:00:13,460 - WARNING -  * Debugger is active!
2025-05-01 00:00:13,465 - INFO -  * Debugger PIN: 113-474-299
2025-05-01 00:01:54,256 - ERROR - Error al procesar el archivo descargado: No se encontró ningún archivo .xlsx
Traceback (most recent call last):
  File "C:\AutoReportV2\backend\app\routes.py", line 151, in run_process
    archivo_descargado = get_latest_file(DOWNLOAD_FOLDER)
                         ^^^^^^^^^^^^^^^^^^^^^^^^^^^^^^^^
  File "C:\AutoReportV2\backend\app\routes.py", line 148, in get_latest_file
    raise FileNotFoundError("No se encontró ningún archivo .xlsx")
FileNotFoundError: No se encontró ningún archivo .xlsx
2025-05-01 00:01:54,256 - INFO - 127.0.0.1 - - [01/May/2025 00:01:54] "[35m[1mPOST /run-process HTTP/1.1[0m" 500 -
2025-05-01 00:02:19,060 - INFO -  * Detected change in 'C:\\AutoReportV2\\backend\\app\\routes.py', reloading
2025-05-01 00:02:19,189 - INFO -  * Restarting with stat
2025-05-01 00:02:20,238 - INFO - Ruta de DOWNLOAD_FOLDER: C:\AutoReportV2\backend\temp
2025-05-01 00:02:20,242 - WARNING -  * Debugger is active!
2025-05-01 00:02:20,256 - INFO -  * Debugger PIN: 113-474-299
2025-05-01 00:02:22,445 - INFO -  * Detected change in 'C:\\AutoReportV2\\backend\\app\\routes.py', reloading
2025-05-01 00:02:22,565 - INFO -  * Restarting with stat
2025-05-01 00:02:23,661 - INFO - Ruta de DOWNLOAD_FOLDER: C:\AutoReportV2\backend\temp
2025-05-01 00:02:23,682 - WARNING -  * Debugger is active!
2025-05-01 00:02:23,687 - INFO -  * Debugger PIN: 113-474-299
2025-05-01 00:04:50,418 - ERROR - Error al procesar el archivo descargado: No se encontró ningún archivo .xlsx
Traceback (most recent call last):
  File "C:\AutoReportV2\backend\app\routes.py", line 151, in run_process
    archivo_descargado = get_latest_file(DOWNLOAD_FOLDER)
                         ^^^^^^^^^^^^^^^^^^^^^^^^^^^^^^^^
  File "C:\AutoReportV2\backend\app\routes.py", line 148, in get_latest_file
    raise FileNotFoundError("No se encontró ningún archivo .xlsx")
FileNotFoundError: No se encontró ningún archivo .xlsx
2025-05-01 00:04:50,420 - INFO - 127.0.0.1 - - [01/May/2025 00:04:50] "[35m[1mPOST /run-process HTTP/1.1[0m" 500 -
2025-05-01 00:04:57,588 - INFO -  * Detected change in 'C:\\AutoReportV2\\backend\\app\\routes.py', reloading
2025-05-01 00:04:57,716 - INFO -  * Restarting with stat
2025-05-01 00:04:59,119 - INFO - Ruta de DOWNLOAD_FOLDER: C:\AutoReportV2\backend\temp
2025-05-01 00:04:59,135 - WARNING -  * Debugger is active!
2025-05-01 00:04:59,138 - INFO -  * Debugger PIN: 113-474-299
2025-05-01 00:05:00,331 - INFO -  * Detected change in 'C:\\AutoReportV2\\backend\\app\\routes.py', reloading
2025-05-01 00:05:00,474 - INFO -  * Restarting with stat
2025-05-01 00:05:01,513 - INFO - Ruta de DOWNLOAD_FOLDER: C:\AutoReportV2\backend\temp
2025-05-01 00:05:01,533 - WARNING -  * Debugger is active!
2025-05-01 00:05:01,539 - INFO -  * Debugger PIN: 113-474-299
2025-05-01 00:05:04,835 - INFO -  * Detected change in 'C:\\AutoReportV2\\backend\\app\\routes.py', reloading
2025-05-01 00:05:05,060 - INFO -  * Restarting with stat
2025-05-01 00:05:06,180 - INFO - Ruta de DOWNLOAD_FOLDER: C:\AutoReportV2\backend\temp
2025-05-01 00:05:06,199 - WARNING -  * Debugger is active!
2025-05-01 00:05:06,204 - INFO -  * Debugger PIN: 113-474-299
2025-05-01 00:05:13,679 - INFO -  * Detected change in 'C:\\AutoReportV2\\backend\\app\\routes.py', reloading
2025-05-01 00:05:13,815 - INFO -  * Restarting with stat
2025-05-01 00:05:15,116 - INFO - Ruta de DOWNLOAD_FOLDER: C:\AutoReportV2\backend\temp
2025-05-01 00:05:15,139 - WARNING -  * Debugger is active!
2025-05-01 00:05:15,144 - INFO -  * Debugger PIN: 113-474-299
2025-05-01 00:08:30,977 - INFO -  * Detected change in 'C:\\AutoReportV2\\backend\\app\\routes.py', reloading
2025-05-01 00:08:31,116 - INFO -  * Restarting with stat
2025-05-01 00:08:32,124 - INFO - Ruta de DOWNLOAD_FOLDER: C:\AutoReportV2\backend\temp
2025-05-01 00:08:32,140 - WARNING -  * Debugger is active!
2025-05-01 00:08:32,145 - INFO -  * Debugger PIN: 113-474-299
2025-05-01 00:10:11,471 - ERROR - Error al procesar el archivo descargado: No se encontró ningún archivo .xlsx
Traceback (most recent call last):
  File "C:\AutoReportV2\backend\app\routes.py", line 151, in run_process
    archivo_descargado = get_latest_file(DOWNLOAD_FOLDER)
                         ^^^^^^^^^^^^^^^^^^^^^^^^^^^^^^^^
  File "C:\AutoReportV2\backend\app\routes.py", line 148, in get_latest_file
    raise FileNotFoundError("No se encontró ningún archivo .xlsx")
FileNotFoundError: No se encontró ningún archivo .xlsx
2025-05-01 00:10:11,489 - INFO - 127.0.0.1 - - [01/May/2025 00:10:11] "[35m[1mPOST /run-process HTTP/1.1[0m" 500 -
2025-05-01 00:10:39,592 - INFO -  * Detected change in 'C:\\AutoReportV2\\backend\\app\\routes.py', reloading
2025-05-01 00:10:39,745 - INFO -  * Restarting with stat
2025-05-01 00:10:41,016 - INFO - Ruta de DOWNLOAD_FOLDER: C:\AutoReportV2\backend\temp
2025-05-01 00:10:41,033 - WARNING -  * Debugger is active!
2025-05-01 00:10:41,039 - INFO -  * Debugger PIN: 113-474-299
2025-05-01 00:17:49,864 - INFO - 127.0.0.1 - - [01/May/2025 00:17:49] "POST /run-process HTTP/1.1" 200 -
2025-05-01 00:44:46,971 - INFO -  * Detected change in 'C:\\AutoReportV2\\backend\\app\\routes.py', reloading
2025-05-01 00:44:51,635 - INFO -  * Restarting with stat
2025-05-01 00:45:08,911 - INFO - Ruta de DOWNLOAD_FOLDER: C:\AutoReportV2\backend\temp
2025-05-01 00:45:09,027 - WARNING -  * Debugger is active!
2025-05-01 00:45:09,034 - INFO -  * Debugger PIN: 113-474-299
2025-05-05 08:19:56,492 - INFO - Ruta de DOWNLOAD_FOLDER: C:\AutoReportV2\backend\temp
2025-05-05 08:19:56,672 - INFO - [31m[1mWARNING: This is a development server. Do not use it in a production deployment. Use a production WSGI server instead.[0m
 * Running on http://127.0.0.1:5000
2025-05-05 08:19:56,672 - INFO - [33mPress CTRL+C to quit[0m
2025-05-05 08:19:56,696 - INFO -  * Restarting with stat
2025-05-05 08:19:57,887 - INFO - Ruta de DOWNLOAD_FOLDER: C:\AutoReportV2\backend\temp
2025-05-05 08:19:57,900 - WARNING -  * Debugger is active!
2025-05-05 08:19:57,915 - INFO -  * Debugger PIN: 104-197-818
2025-05-05 08:21:50,392 - INFO - Ruta de DOWNLOAD_FOLDER: C:\AutoReportV2\backend\temp
2025-05-05 08:21:50,430 - INFO - [31m[1mWARNING: This is a development server. Do not use it in a production deployment. Use a production WSGI server instead.[0m
 * Running on http://127.0.0.1:5000
2025-05-05 08:21:50,430 - INFO - [33mPress CTRL+C to quit[0m
2025-05-05 08:21:50,430 - INFO -  * Restarting with stat
2025-05-05 08:21:51,433 - INFO - Ruta de DOWNLOAD_FOLDER: C:\AutoReportV2\backend\temp
2025-05-05 08:21:51,451 - WARNING -  * Debugger is active!
2025-05-05 08:21:51,455 - INFO -  * Debugger PIN: 104-197-818
2025-05-05 08:23:24,075 - INFO -  * Detected change in 'C:\\AutoReportV2\\backend\\app\\routes.py', reloading
2025-05-05 08:23:24,200 - INFO -  * Restarting with stat
2025-05-05 08:23:25,331 - INFO - Ruta de DOWNLOAD_FOLDER: C:\AutoReportV2\backend\temp
2025-05-05 08:23:25,357 - WARNING -  * Debugger is active!
2025-05-05 08:23:25,361 - INFO -  * Debugger PIN: 104-197-818
2025-05-05 08:23:26,515 - INFO -  * Detected change in 'C:\\AutoReportV2\\backend\\app\\routes.py', reloading
2025-05-05 08:23:26,651 - INFO -  * Restarting with stat
2025-05-05 08:23:27,760 - INFO - Ruta de DOWNLOAD_FOLDER: C:\AutoReportV2\backend\temp
2025-05-05 08:23:27,782 - WARNING -  * Debugger is active!
2025-05-05 08:23:27,785 - INFO -  * Debugger PIN: 104-197-818
2025-05-05 08:27:19,906 - ERROR - Error al procesar el archivo descargado: No se encontró ningún archivo .xlsx
Traceback (most recent call last):
  File "C:\AutoReportV2\backend\app\routes.py", line 148, in run_process
    archivo_descargado = get_latest_file(DOWNLOAD_FOLDER)
                         ^^^^^^^^^^^^^^^^^^^^^^^^^^^^^^^^
  File "C:\AutoReportV2\backend\app\routes.py", line 145, in get_latest_file
    raise FileNotFoundError("No se encontró ningún archivo .xlsx")
FileNotFoundError: No se encontró ningún archivo .xlsx
2025-05-05 08:27:19,922 - INFO - 127.0.0.1 - - [05/May/2025 08:27:19] "[35m[1mPOST /run-process HTTP/1.1[0m" 500 -
2025-05-05 09:14:41,798 - INFO -  * Detected change in 'C:\\AutoReportV2\\backend\\app\\routes.py', reloading
2025-05-05 09:14:41,981 - INFO -  * Restarting with stat
2025-05-05 09:15:04,224 - INFO - Ruta de DOWNLOAD_FOLDER: C:\AutoReportV2\backend\temp
2025-05-05 09:15:04,361 - WARNING -  * Debugger is active!
2025-05-05 09:15:04,369 - INFO -  * Debugger PIN: 104-197-818
2025-05-05 09:19:33,224 - INFO -  * Detected change in 'C:\\AutoReportV2\\backend\\app\\routes.py', reloading
2025-05-05 09:19:33,406 - INFO -  * Restarting with stat
2025-05-05 09:19:43,800 - INFO - Ruta de DOWNLOAD_FOLDER: C:\AutoReportV2\backend\temp
2025-05-05 09:19:43,833 - WARNING -  * Debugger is active!
2025-05-05 09:19:43,839 - INFO -  * Debugger PIN: 104-197-818
2025-05-05 09:19:45,024 - INFO -  * Detected change in 'C:\\AutoReportV2\\backend\\app\\routes.py', reloading
2025-05-05 09:19:45,176 - INFO -  * Restarting with stat
2025-05-05 09:19:46,490 - INFO - Ruta de DOWNLOAD_FOLDER: C:\AutoReportV2\backend\temp
2025-05-05 09:19:46,503 - WARNING -  * Debugger is active!
2025-05-05 09:19:46,511 - INFO -  * Debugger PIN: 104-197-818
2025-05-05 09:20:51,753 - INFO - 127.0.0.1 - - [05/May/2025 09:20:51] "[35m[1mPOST /run-process HTTP/1.1[0m" 500 -
2025-05-05 09:24:39,216 - ERROR - Error al procesar el archivo descargado: No se encontró ningún archivo .xlsx
Traceback (most recent call last):
  File "C:\AutoReportV2\backend\app\routes.py", line 148, in run_process
    archivo_descargado = get_latest_file(DOWNLOAD_FOLDER)
                         ^^^^^^^^^^^^^^^^^^^^^^^^^^^^^^^^
  File "C:\AutoReportV2\backend\app\routes.py", line 145, in get_latest_file
    raise FileNotFoundError("No se encontró ningún archivo .xlsx")
FileNotFoundError: No se encontró ningún archivo .xlsx
2025-05-05 09:24:39,216 - INFO - 127.0.0.1 - - [05/May/2025 09:24:39] "[35m[1mPOST /run-process HTTP/1.1[0m" 500 -
2025-05-05 09:33:27,011 - INFO -  * Detected change in 'C:\\AutoReportV2\\backend\\app\\routes.py', reloading
2025-05-05 09:33:27,160 - INFO -  * Restarting with stat
2025-05-05 09:33:48,993 - INFO - Ruta de DOWNLOAD_FOLDER: C:\AutoReportV2\backend\temp
2025-05-05 09:33:49,125 - WARNING -  * Debugger is active!
2025-05-05 09:33:49,130 - INFO -  * Debugger PIN: 104-197-818
2025-05-05 09:34:48,310 - INFO -  * Detected change in 'C:\\AutoReportV2\\backend\\app\\routes.py', reloading
2025-05-05 09:34:48,460 - INFO -  * Restarting with stat
2025-05-05 09:34:49,736 - INFO - Ruta de DOWNLOAD_FOLDER: C:\AutoReportV2\backend\temp
2025-05-05 09:34:49,752 - WARNING -  * Debugger is active!
2025-05-05 09:34:49,757 - INFO -  * Debugger PIN: 104-197-818
2025-05-05 09:34:54,204 - INFO -  * Detected change in 'C:\\AutoReportV2\\backend\\app\\routes.py', reloading
2025-05-05 09:34:54,368 - INFO -  * Restarting with stat
2025-05-05 09:34:55,736 - INFO - Ruta de DOWNLOAD_FOLDER: C:\AutoReportV2\backend\temp
2025-05-05 09:34:55,760 - WARNING -  * Debugger is active!
2025-05-05 09:34:55,764 - INFO -  * Debugger PIN: 104-197-818
2025-05-05 09:42:45,987 - INFO - 127.0.0.1 - - [05/May/2025 09:42:45] "POST /run-process HTTP/1.1" 200 -
2025-05-05 10:15:20,819 - INFO - Ruta de DOWNLOAD_FOLDER: C:\AutoReportV2\backend\temp
2025-05-05 10:15:21,016 - INFO - [31m[1mWARNING: This is a development server. Do not use it in a production deployment. Use a production WSGI server instead.[0m
 * Running on http://127.0.0.1:5000
2025-05-05 10:15:21,016 - INFO - [33mPress CTRL+C to quit[0m
2025-05-05 10:15:21,036 - INFO -  * Restarting with stat
2025-05-05 10:15:34,040 - INFO - Ruta de DOWNLOAD_FOLDER: C:\AutoReportV2\backend\temp
2025-05-05 10:15:34,056 - WARNING -  * Debugger is active!
2025-05-05 10:15:34,056 - INFO -  * Debugger PIN: 104-197-818
2025-05-05 13:36:09,998 - INFO - Ruta de DOWNLOAD_FOLDER: C:\AutoReportV2\backend\temp
2025-05-05 13:36:10,131 - INFO - [31m[1mWARNING: This is a development server. Do not use it in a production deployment. Use a production WSGI server instead.[0m
 * Running on http://127.0.0.1:5000
2025-05-05 13:36:10,131 - INFO - [33mPress CTRL+C to quit[0m
2025-05-05 13:36:10,133 - INFO -  * Restarting with stat
2025-05-05 13:36:11,049 - INFO - Ruta de DOWNLOAD_FOLDER: C:\AutoReportV2\backend\temp
2025-05-05 13:36:11,070 - WARNING -  * Debugger is active!
2025-05-05 13:36:11,074 - INFO -  * Debugger PIN: 104-197-818
2025-05-05 13:36:55,332 - WARNING - Retrying (Retry(total=2, connect=None, read=None, redirect=None, status=None)) after connection broken by 'NewConnectionError('<urllib3.connection.HTTPConnection object at 0x000002971D0E62D0>: Failed to establish a new connection: [WinError 10061] No se puede establecer una conexión ya que el equipo de destino denegó expresamente dicha conexión')': /session/fcb86355882e731a7d46898bd2babf7d
2025-05-05 13:36:58,266 - INFO -  * Detected change in 'C:\\AutoReportV2\\backend\\app\\routes.py', reloading
2025-05-05 13:36:58,418 - INFO -  * Restarting with stat
2025-05-05 13:36:59,598 - INFO - Ruta de DOWNLOAD_FOLDER: C:\AutoReportV2\backend\temp
2025-05-05 13:36:59,619 - WARNING -  * Debugger is active!
2025-05-05 13:36:59,619 - INFO -  * Debugger PIN: 104-197-818
2025-05-05 13:37:42,374 - INFO - 127.0.0.1 - - [05/May/2025 13:37:42] "[35m[1mPOST /run-process HTTP/1.1[0m" 500 -
2025-05-05 13:38:37,730 - INFO -  * Detected change in 'C:\\AutoReportV2\\backend\\app\\routes.py', reloading
2025-05-05 13:38:37,872 - INFO -  * Restarting with stat
2025-05-05 13:38:39,003 - INFO - Ruta de DOWNLOAD_FOLDER: C:\AutoReportV2\backend\temp
2025-05-05 13:38:39,019 - WARNING -  * Debugger is active!
2025-05-05 13:38:39,022 - INFO -  * Debugger PIN: 104-197-818
2025-05-05 13:38:43,304 - INFO -  * Detected change in 'C:\\AutoReportV2\\backend\\app\\routes.py', reloading
2025-05-05 13:38:43,419 - INFO -  * Restarting with stat
2025-05-05 13:38:44,376 - INFO - Ruta de DOWNLOAD_FOLDER: C:\AutoReportV2\backend\temp
2025-05-05 13:38:44,388 - WARNING -  * Debugger is active!
2025-05-05 13:38:44,392 - INFO -  * Debugger PIN: 104-197-818
2025-05-05 13:38:47,632 - INFO -  * Detected change in 'C:\\AutoReportV2\\backend\\app\\routes.py', reloading
2025-05-05 13:38:47,772 - INFO -  * Restarting with stat
2025-05-05 13:38:48,791 - INFO - Ruta de DOWNLOAD_FOLDER: C:\AutoReportV2\backend\temp
2025-05-05 13:38:48,805 - WARNING -  * Debugger is active!
2025-05-05 13:38:48,810 - INFO -  * Debugger PIN: 104-197-818
2025-05-05 13:38:49,952 - INFO -  * Detected change in 'C:\\AutoReportV2\\backend\\app\\routes.py', reloading
2025-05-05 13:38:50,101 - INFO -  * Restarting with stat
2025-05-05 13:38:51,159 - INFO - Ruta de DOWNLOAD_FOLDER: C:\AutoReportV2\backend\temp
2025-05-05 13:38:51,175 - WARNING -  * Debugger is active!
2025-05-05 13:38:51,183 - INFO -  * Debugger PIN: 104-197-818
2025-05-05 13:38:55,518 - INFO -  * Detected change in 'C:\\AutoReportV2\\backend\\app\\routes.py', reloading
2025-05-05 13:38:55,634 - INFO -  * Restarting with stat
2025-05-05 13:38:56,685 - INFO - Ruta de DOWNLOAD_FOLDER: C:\AutoReportV2\backend\temp
2025-05-05 13:38:56,699 - WARNING -  * Debugger is active!
2025-05-05 13:38:56,703 - INFO -  * Debugger PIN: 104-197-818
2025-05-05 13:39:50,314 - INFO - 127.0.0.1 - - [05/May/2025 13:39:50] "[35m[1mPOST /run-process HTTP/1.1[0m" 500 -
2025-05-05 13:55:24,781 - INFO - 127.0.0.1 - - [05/May/2025 13:55:24] "[35m[1mPOST /run-process HTTP/1.1[0m" 500 -
2025-05-05 13:55:36,438 - INFO -  * Detected change in 'C:\\AutoReportV2\\backend\\app\\routes.py', reloading
2025-05-05 13:55:36,555 - INFO -  * Restarting with stat
2025-05-05 13:55:48,731 - INFO - Ruta de DOWNLOAD_FOLDER: C:\AutoReportV2\backend\temp
2025-05-05 13:55:48,821 - WARNING -  * Debugger is active!
2025-05-05 13:55:48,821 - INFO -  * Debugger PIN: 104-197-818
2025-05-05 14:17:57,154 - INFO -  * Detected change in 'C:\\AutoReportV2\\backend\\app\\routes.py', reloading
2025-05-05 14:17:57,294 - INFO -  * Restarting with stat
2025-05-05 14:19:22,012 - INFO - Ruta de DOWNLOAD_FOLDER: C:\AutoReportV2\backend\temp
2025-05-05 14:19:22,174 - INFO - [31m[1mWARNING: This is a development server. Do not use it in a production deployment. Use a production WSGI server instead.[0m
 * Running on http://127.0.0.1:5000
2025-05-05 14:19:22,174 - INFO - [33mPress CTRL+C to quit[0m
2025-05-05 14:19:22,189 - INFO -  * Restarting with stat
2025-05-05 14:19:23,200 - INFO - Ruta de DOWNLOAD_FOLDER: C:\AutoReportV2\backend\temp
2025-05-05 14:19:23,202 - WARNING -  * Debugger is active!
2025-05-05 14:19:23,222 - INFO -  * Debugger PIN: 104-197-818
2025-05-05 14:20:29,092 - INFO - 127.0.0.1 - - [05/May/2025 14:20:29] "[35m[1mPOST /run-process HTTP/1.1[0m" 500 -
2025-05-05 14:21:27,460 - INFO - 127.0.0.1 - - [05/May/2025 14:21:27] "[35m[1mPOST /run-process HTTP/1.1[0m" 500 -
2025-05-05 14:21:53,705 - INFO -  * Detected change in 'C:\\AutoReportV2\\backend\\app\\routes.py', reloading
2025-05-05 14:21:53,831 - INFO -  * Restarting with stat
2025-05-05 14:21:54,977 - INFO - Ruta de DOWNLOAD_FOLDER: C:\AutoReportV2\backend\temp
2025-05-05 14:21:54,995 - WARNING -  * Debugger is active!
2025-05-05 14:21:55,001 - INFO -  * Debugger PIN: 104-197-818
2025-05-05 14:49:18,573 - INFO -  * Detected change in 'C:\\AutoReportV2\\backend\\app\\routes.py', reloading
2025-05-05 14:49:18,836 - INFO -  * Restarting with stat
2025-05-05 14:49:45,163 - INFO - Ruta de DOWNLOAD_FOLDER: C:\AutoReportV2\backend\temp
2025-05-05 14:49:45,313 - WARNING -  * Debugger is active!
2025-05-05 14:49:45,317 - INFO -  * Debugger PIN: 104-197-818
2025-05-05 14:50:33,860 - INFO -  * Detected change in 'C:\\AutoReportV2\\backend\\app\\routes.py', reloading
2025-05-05 14:50:34,177 - INFO -  * Restarting with stat
2025-05-05 14:50:36,238 - INFO - Ruta de DOWNLOAD_FOLDER: C:\AutoReportV2\backend\temp
2025-05-05 14:50:36,271 - WARNING -  * Debugger is active!
2025-05-05 14:50:36,278 - INFO -  * Debugger PIN: 104-197-818
2025-05-05 14:50:46,855 - INFO -  * Detected change in 'C:\\AutoReportV2\\backend\\app\\routes.py', reloading
2025-05-05 14:50:47,097 - INFO -  * Restarting with stat
2025-05-05 14:50:51,967 - INFO - Ruta de DOWNLOAD_FOLDER: C:\AutoReportV2\backend\temp
2025-05-05 14:50:52,039 - WARNING -  * Debugger is active!
2025-05-05 14:50:52,054 - INFO -  * Debugger PIN: 104-197-818
2025-05-05 14:50:53,450 - INFO -  * Detected change in 'C:\\AutoReportV2\\backend\\app\\routes.py', reloading
2025-05-05 14:50:53,704 - INFO -  * Restarting with stat
2025-05-05 14:50:57,052 - INFO - Ruta de DOWNLOAD_FOLDER: C:\AutoReportV2\backend\temp
2025-05-05 14:50:57,105 - WARNING -  * Debugger is active!
2025-05-05 14:50:57,120 - INFO -  * Debugger PIN: 104-197-818
2025-05-05 15:35:44,143 - INFO -  * Detected change in 'C:\\AutoReportV2\\backend\\app\\routes.py', reloading
2025-05-05 15:35:44,422 - INFO -  * Restarting with stat
2025-05-05 15:36:09,943 - INFO - Ruta de DOWNLOAD_FOLDER: C:\AutoReportV2\backend\temp
2025-05-05 15:36:10,204 - WARNING -  * Debugger is active!
2025-05-05 15:36:10,207 - INFO -  * Debugger PIN: 104-197-818
2025-05-05 15:36:12,661 - INFO -  * Detected change in 'C:\\AutoReportV2\\backend\\app\\routes.py', reloading
2025-05-05 15:36:12,891 - INFO -  * Restarting with stat
2025-05-05 15:36:14,808 - INFO - Ruta de DOWNLOAD_FOLDER: C:\AutoReportV2\backend\temp
2025-05-05 15:36:14,848 - WARNING -  * Debugger is active!
2025-05-05 15:36:14,861 - INFO -  * Debugger PIN: 104-197-818
2025-05-05 15:36:20,507 - INFO -  * Detected change in 'C:\\AutoReportV2\\backend\\app\\routes.py', reloading
2025-05-05 15:36:20,738 - INFO -  * Restarting with stat
2025-05-08 08:03:28,211 - INFO - Ruta de DOWNLOAD_FOLDER: C:\AutoReportV2\backend\temp
2025-05-08 08:03:28,696 - INFO - [31m[1mWARNING: This is a development server. Do not use it in a production deployment. Use a production WSGI server instead.[0m
 * Running on http://127.0.0.1:5000
2025-05-08 08:03:28,696 - INFO - [33mPress CTRL+C to quit[0m
2025-05-08 08:03:28,722 - INFO -  * Restarting with stat
2025-05-08 08:03:30,261 - INFO - Ruta de DOWNLOAD_FOLDER: C:\AutoReportV2\backend\temp
2025-05-08 08:03:30,277 - WARNING -  * Debugger is active!
2025-05-08 08:03:30,291 - INFO -  * Debugger PIN: 131-187-550
2025-05-08 08:21:15,815 - INFO -  * Detected change in 'C:\\AutoReportV2\\backend\\app\\routes.py', reloading
2025-05-08 08:21:16,017 - INFO -  * Restarting with stat
2025-05-08 08:21:42,707 - INFO - Ruta de DOWNLOAD_FOLDER: C:\AutoReportV2\backend\temp
2025-05-08 08:21:42,839 - WARNING -  * Debugger is active!
2025-05-08 08:21:42,839 - INFO -  * Debugger PIN: 131-187-550
2025-05-08 08:22:57,668 - INFO - Ruta de DOWNLOAD_FOLDER: C:\AutoReportV2\backend\temp
2025-05-08 08:22:57,710 - INFO - [31m[1mWARNING: This is a development server. Do not use it in a production deployment. Use a production WSGI server instead.[0m
 * Running on http://127.0.0.1:5000
2025-05-08 08:22:57,711 - INFO - [33mPress CTRL+C to quit[0m
2025-05-08 08:22:57,712 - INFO -  * Restarting with stat
2025-05-08 08:22:58,757 - INFO - Ruta de DOWNLOAD_FOLDER: C:\AutoReportV2\backend\temp
2025-05-08 08:22:58,770 - WARNING -  * Debugger is active!
2025-05-08 08:22:58,781 - INFO -  * Debugger PIN: 131-187-550
2025-05-08 08:24:15,337 - INFO -  * Detected change in 'C:\\AutoReportV2\\backend\\app\\routes.py', reloading
2025-05-08 08:24:15,597 - INFO -  * Restarting with stat
2025-05-08 08:24:16,909 - INFO - Ruta de DOWNLOAD_FOLDER: C:\AutoReportV2\backend\temp
2025-05-08 08:24:16,917 - WARNING -  * Debugger is active!
2025-05-08 08:24:16,927 - INFO -  * Debugger PIN: 131-187-550
2025-05-08 08:25:33,337 - INFO -  * Detected change in 'C:\\AutoReportV2\\backend\\app\\routes.py', reloading
2025-05-08 08:25:33,591 - INFO -  * Restarting with stat
2025-05-08 08:25:54,704 - INFO - Ruta de DOWNLOAD_FOLDER: C:\AutoReportV2\backend\temp
2025-05-08 08:25:54,827 - WARNING -  * Debugger is active!
2025-05-08 08:25:54,828 - INFO -  * Debugger PIN: 131-187-550
2025-05-08 08:25:58,216 - INFO -  * Detected change in 'C:\\AutoReportV2\\backend\\app\\routes.py', reloading
2025-05-08 08:25:58,347 - INFO -  * Restarting with stat
2025-05-08 08:25:59,478 - INFO - Ruta de DOWNLOAD_FOLDER: C:\AutoReportV2\backend\temp
2025-05-08 08:25:59,488 - WARNING -  * Debugger is active!
2025-05-08 08:25:59,500 - INFO -  * Debugger PIN: 131-187-550
2025-05-08 08:26:24,093 - INFO -  * Detected change in 'C:\\AutoReportV2\\backend\\app\\routes.py', reloading
2025-05-08 08:26:24,349 - INFO -  * Restarting with stat
2025-05-08 08:26:25,828 - INFO - Ruta de DOWNLOAD_FOLDER: C:\AutoReportV2\backend\temp
2025-05-08 08:26:25,850 - WARNING -  * Debugger is active!
2025-05-08 08:26:25,852 - INFO -  * Debugger PIN: 131-187-550
2025-05-08 08:26:30,278 - INFO -  * Detected change in 'C:\\AutoReportV2\\backend\\app\\routes.py', reloading
2025-05-08 08:26:30,413 - INFO -  * Restarting with stat
2025-05-08 08:26:31,793 - INFO - Ruta de DOWNLOAD_FOLDER: C:\AutoReportV2\backend\temp
2025-05-08 08:26:31,807 - WARNING -  * Debugger is active!
2025-05-08 08:26:31,807 - INFO -  * Debugger PIN: 131-187-550
2025-05-08 08:26:34,058 - INFO -  * Detected change in 'C:\\AutoReportV2\\backend\\app\\routes.py', reloading
2025-05-08 08:26:34,257 - INFO -  * Restarting with stat
2025-05-08 08:26:35,549 - INFO - Ruta de DOWNLOAD_FOLDER: C:\AutoReportV2\backend\temp
2025-05-08 08:26:35,565 - WARNING -  * Debugger is active!
2025-05-08 08:26:35,570 - INFO -  * Debugger PIN: 131-187-550
2025-05-08 08:26:36,747 - INFO -  * Detected change in 'C:\\AutoReportV2\\backend\\app\\routes.py', reloading
2025-05-08 08:26:36,890 - INFO -  * Restarting with stat
2025-05-08 08:26:38,258 - INFO - Ruta de DOWNLOAD_FOLDER: C:\AutoReportV2\backend\temp
2025-05-08 08:26:38,292 - WARNING -  * Debugger is active!
2025-05-08 08:26:38,297 - INFO -  * Debugger PIN: 131-187-550
2025-05-08 08:26:41,591 - INFO -  * Detected change in 'C:\\AutoReportV2\\backend\\app\\routes.py', reloading
2025-05-08 08:26:41,719 - INFO -  * Restarting with stat
2025-05-08 08:26:43,400 - INFO - Ruta de DOWNLOAD_FOLDER: C:\AutoReportV2\backend\temp
2025-05-08 08:26:43,422 - WARNING -  * Debugger is active!
2025-05-08 08:26:43,428 - INFO -  * Debugger PIN: 131-187-550
2025-05-08 08:26:44,615 - INFO -  * Detected change in 'C:\\AutoReportV2\\backend\\app\\routes.py', reloading
2025-05-08 08:26:44,779 - INFO -  * Restarting with stat
2025-05-08 08:26:45,960 - INFO - Ruta de DOWNLOAD_FOLDER: C:\AutoReportV2\backend\temp
2025-05-08 08:26:45,978 - WARNING -  * Debugger is active!
2025-05-08 08:26:45,983 - INFO -  * Debugger PIN: 131-187-550
2025-05-08 08:27:00,099 - INFO -  * Detected change in 'C:\\AutoReportV2\\backend\\app\\routes.py', reloading
2025-05-08 08:27:00,227 - INFO -  * Restarting with stat
2025-05-08 08:27:01,631 - INFO - Ruta de DOWNLOAD_FOLDER: C:\AutoReportV2\backend\temp
2025-05-08 08:27:01,649 - WARNING -  * Debugger is active!
2025-05-08 08:27:01,650 - INFO -  * Debugger PIN: 131-187-550
2025-05-08 08:27:03,922 - INFO -  * Detected change in 'C:\\AutoReportV2\\backend\\app\\routes.py', reloading
2025-05-08 08:27:04,067 - INFO -  * Restarting with stat
2025-05-08 08:27:05,416 - INFO - Ruta de DOWNLOAD_FOLDER: C:\AutoReportV2\backend\temp
2025-05-08 08:27:05,433 - WARNING -  * Debugger is active!
2025-05-08 08:27:05,438 - INFO -  * Debugger PIN: 131-187-550
2025-05-08 08:27:07,674 - INFO -  * Detected change in 'C:\\AutoReportV2\\backend\\app\\routes.py', reloading
2025-05-08 08:27:07,851 - INFO -  * Restarting with stat
2025-05-08 08:27:09,320 - INFO - Ruta de DOWNLOAD_FOLDER: C:\AutoReportV2\backend\temp
2025-05-08 08:27:09,337 - WARNING -  * Debugger is active!
2025-05-08 08:27:09,337 - INFO -  * Debugger PIN: 131-187-550
2025-05-08 08:27:10,557 - INFO -  * Detected change in 'C:\\AutoReportV2\\backend\\app\\routes.py', reloading
2025-05-08 08:27:10,700 - INFO -  * Restarting with stat
2025-05-08 08:27:12,087 - INFO - Ruta de DOWNLOAD_FOLDER: C:\AutoReportV2\backend\temp
2025-05-08 08:27:12,108 - WARNING -  * Debugger is active!
2025-05-08 08:27:12,113 - INFO -  * Debugger PIN: 131-187-550
2025-05-08 08:27:22,319 - INFO -  * Detected change in 'C:\\AutoReportV2\\backend\\app\\routes.py', reloading
2025-05-08 08:27:22,577 - INFO -  * Restarting with stat
2025-05-08 08:27:23,988 - INFO - Ruta de DOWNLOAD_FOLDER: C:\AutoReportV2\backend\temp
2025-05-08 08:27:24,012 - WARNING -  * Debugger is active!
2025-05-08 08:27:24,018 - INFO -  * Debugger PIN: 131-187-550
2025-05-08 08:28:22,625 - INFO - Ruta de DOWNLOAD_FOLDER: C:\AutoReportV2\backend\temp
2025-05-08 08:28:22,667 - INFO - [31m[1mWARNING: This is a development server. Do not use it in a production deployment. Use a production WSGI server instead.[0m
 * Running on http://127.0.0.1:5000
2025-05-08 08:28:22,667 - INFO - [33mPress CTRL+C to quit[0m
2025-05-08 08:28:22,668 - INFO -  * Restarting with stat
2025-05-08 08:28:24,270 - INFO - Ruta de DOWNLOAD_FOLDER: C:\AutoReportV2\backend\temp
2025-05-08 08:28:24,307 - WARNING -  * Debugger is active!
2025-05-08 08:28:24,314 - INFO -  * Debugger PIN: 131-187-550
2025-05-08 08:28:50,149 - INFO -  * Detected change in 'C:\\AutoReportV2\\backend\\app\\routes.py', reloading
2025-05-08 08:28:50,392 - INFO -  * Restarting with stat
2025-05-08 08:28:51,940 - INFO - Ruta de DOWNLOAD_FOLDER: C:\AutoReportV2\backend\temp
2025-05-08 08:28:51,961 - WARNING -  * Debugger is active!
2025-05-08 08:28:51,968 - INFO -  * Debugger PIN: 131-187-550
2025-05-08 08:28:54,260 - INFO -  * Detected change in 'C:\\AutoReportV2\\backend\\app\\routes.py', reloading
2025-05-08 08:28:54,422 - INFO -  * Restarting with stat
2025-05-08 08:28:55,626 - INFO - Ruta de DOWNLOAD_FOLDER: C:\AutoReportV2\backend\temp
2025-05-08 08:28:55,649 - WARNING -  * Debugger is active!
2025-05-08 08:28:55,655 - INFO -  * Debugger PIN: 131-187-550
2025-05-08 08:28:56,829 - INFO -  * Detected change in 'C:\\AutoReportV2\\backend\\app\\routes.py', reloading
2025-05-08 08:28:56,969 - INFO -  * Restarting with stat
2025-05-08 08:28:58,387 - INFO - Ruta de DOWNLOAD_FOLDER: C:\AutoReportV2\backend\temp
2025-05-08 08:28:58,407 - WARNING -  * Debugger is active!
2025-05-08 08:28:58,413 - INFO -  * Debugger PIN: 131-187-550
2025-05-08 08:28:59,597 - INFO -  * Detected change in 'C:\\AutoReportV2\\backend\\app\\routes.py', reloading
2025-05-08 08:28:59,760 - INFO -  * Restarting with stat
2025-05-08 08:29:01,002 - INFO - Ruta de DOWNLOAD_FOLDER: C:\AutoReportV2\backend\temp
2025-05-08 08:29:01,021 - WARNING -  * Debugger is active!
2025-05-08 08:29:01,030 - INFO -  * Debugger PIN: 131-187-550
2025-05-08 08:29:02,207 - INFO -  * Detected change in 'C:\\AutoReportV2\\backend\\app\\routes.py', reloading
2025-05-08 08:29:02,353 - INFO -  * Restarting with stat
2025-05-08 08:29:04,067 - INFO - Ruta de DOWNLOAD_FOLDER: C:\AutoReportV2\backend\temp
2025-05-08 08:29:04,088 - WARNING -  * Debugger is active!
2025-05-08 08:29:04,091 - INFO -  * Debugger PIN: 131-187-550
2025-05-08 08:30:04,708 - INFO -  * Detected change in 'C:\\AutoReportV2\\backend\\app\\routes.py', reloading
2025-05-08 08:30:04,847 - INFO -  * Restarting with stat
2025-05-08 08:30:06,263 - INFO - Ruta de DOWNLOAD_FOLDER: C:\AutoReportV2\backend\temp
2025-05-08 08:30:06,285 - WARNING -  * Debugger is active!
2025-05-08 08:30:06,290 - INFO -  * Debugger PIN: 131-187-550
2025-05-08 08:31:07,798 - WARNING - Retrying (Retry(total=2, connect=None, read=None, redirect=None, status=None)) after connection broken by 'NewConnectionError('<urllib3.connection.HTTPConnection object at 0x000001FE167D8210>: Failed to establish a new connection: [WinError 10061] No se puede establecer una conexión ya que el equipo de destino denegó expresamente dicha conexión')': /session/6b857986a3c52216d41e6b35a230feb3
2025-05-08 08:31:11,886 - WARNING - Retrying (Retry(total=1, connect=None, read=None, redirect=None, status=None)) after connection broken by 'NewConnectionError('<urllib3.connection.HTTPConnection object at 0x000001FE167DB1D0>: Failed to establish a new connection: [WinError 10061] No se puede establecer una conexión ya que el equipo de destino denegó expresamente dicha conexión')': /session/6b857986a3c52216d41e6b35a230feb3
2025-05-08 08:31:15,953 - WARNING - Retrying (Retry(total=0, connect=None, read=None, redirect=None, status=None)) after connection broken by 'NewConnectionError('<urllib3.connection.HTTPConnection object at 0x000001FE167DB750>: Failed to establish a new connection: [WinError 10061] No se puede establecer una conexión ya que el equipo de destino denegó expresamente dicha conexión')': /session/6b857986a3c52216d41e6b35a230feb3
2025-05-08 08:31:20,381 - INFO - 127.0.0.1 - - [08/May/2025 08:31:20] "[35m[1mPOST /run-process HTTP/1.1[0m" 500 -
2025-05-08 08:31:24,848 - INFO -  * Detected change in 'C:\\AutoReportV2\\backend\\app\\routes.py', reloading
2025-05-08 08:31:24,997 - INFO -  * Restarting with stat
2025-05-08 08:31:26,329 - INFO - Ruta de DOWNLOAD_FOLDER: C:\AutoReportV2\backend\temp
2025-05-08 08:31:26,349 - WARNING -  * Debugger is active!
2025-05-08 08:31:26,357 - INFO -  * Debugger PIN: 131-187-550
2025-05-08 08:31:29,649 - INFO -  * Detected change in 'C:\\AutoReportV2\\backend\\app\\routes.py', reloading
2025-05-08 08:31:29,787 - INFO -  * Restarting with stat
2025-05-08 08:31:31,128 - INFO - Ruta de DOWNLOAD_FOLDER: C:\AutoReportV2\backend\temp
2025-05-08 08:31:31,157 - WARNING -  * Debugger is active!
2025-05-08 08:31:31,160 - INFO -  * Debugger PIN: 131-187-550
2025-05-08 08:31:34,512 - INFO -  * Detected change in 'C:\\AutoReportV2\\backend\\app\\routes.py', reloading
2025-05-08 08:31:34,649 - INFO -  * Restarting with stat
2025-05-08 08:31:35,958 - INFO - Ruta de DOWNLOAD_FOLDER: C:\AutoReportV2\backend\temp
2025-05-08 08:31:35,983 - WARNING -  * Debugger is active!
2025-05-08 08:31:35,987 - INFO -  * Debugger PIN: 131-187-550
2025-05-08 08:31:38,238 - INFO -  * Detected change in 'C:\\AutoReportV2\\backend\\app\\routes.py', reloading
2025-05-08 08:31:38,377 - INFO -  * Restarting with stat
2025-05-08 08:31:39,503 - INFO - Ruta de DOWNLOAD_FOLDER: C:\AutoReportV2\backend\temp
2025-05-08 08:31:39,517 - WARNING -  * Debugger is active!
2025-05-08 08:31:39,526 - INFO -  * Debugger PIN: 131-187-550
2025-05-08 08:31:42,803 - INFO -  * Detected change in 'C:\\AutoReportV2\\backend\\app\\routes.py', reloading
2025-05-08 08:31:42,941 - INFO -  * Restarting with stat
2025-05-08 08:31:44,778 - INFO - Ruta de DOWNLOAD_FOLDER: C:\AutoReportV2\backend\temp
2025-05-08 08:31:44,800 - WARNING -  * Debugger is active!
2025-05-08 08:31:44,805 - INFO -  * Debugger PIN: 131-187-550
2025-05-08 08:31:49,187 - INFO -  * Detected change in 'C:\\AutoReportV2\\backend\\app\\routes.py', reloading
2025-05-08 08:31:49,338 - INFO -  * Restarting with stat
2025-05-08 08:31:50,577 - INFO - Ruta de DOWNLOAD_FOLDER: C:\AutoReportV2\backend\temp
2025-05-08 08:31:50,588 - WARNING -  * Debugger is active!
2025-05-08 08:31:50,604 - INFO -  * Debugger PIN: 131-187-550
2025-05-08 08:31:53,936 - INFO -  * Detected change in 'C:\\AutoReportV2\\backend\\app\\routes.py', reloading
2025-05-08 08:31:54,070 - INFO -  * Restarting with stat
2025-05-08 08:31:55,339 - INFO - Ruta de DOWNLOAD_FOLDER: C:\AutoReportV2\backend\temp
2025-05-08 08:31:55,358 - WARNING -  * Debugger is active!
2025-05-08 08:31:55,360 - INFO -  * Debugger PIN: 131-187-550
2025-05-08 08:33:11,264 - INFO -  * Detected change in 'C:\\AutoReportV2\\backend\\app\\routes.py', reloading
2025-05-08 08:33:11,429 - INFO -  * Restarting with stat
2025-05-08 08:33:12,787 - INFO - Ruta de DOWNLOAD_FOLDER: C:\AutoReportV2\backend\temp
2025-05-08 08:33:12,807 - WARNING -  * Debugger is active!
2025-05-08 08:33:12,809 - INFO -  * Debugger PIN: 131-187-550
2025-05-08 08:33:15,112 - INFO -  * Detected change in 'C:\\AutoReportV2\\backend\\app\\routes.py', reloading
2025-05-08 08:33:15,254 - INFO -  * Restarting with stat
2025-05-08 08:33:16,660 - INFO - Ruta de DOWNLOAD_FOLDER: C:\AutoReportV2\backend\temp
2025-05-08 08:33:16,681 - WARNING -  * Debugger is active!
2025-05-08 08:33:16,688 - INFO -  * Debugger PIN: 131-187-550
2025-05-08 08:34:09,178 - INFO - 127.0.0.1 - - [08/May/2025 08:34:09] "[35m[1mPOST /run-process HTTP/1.1[0m" 500 -
2025-05-08 08:34:22,237 - INFO -  * Detected change in 'C:\\AutoReportV2\\backend\\app\\routes.py', reloading
2025-05-08 08:34:22,370 - INFO -  * Restarting with stat
2025-05-08 08:34:23,997 - INFO - Ruta de DOWNLOAD_FOLDER: C:\AutoReportV2\backend\temp
2025-05-08 08:34:24,020 - WARNING -  * Debugger is active!
2025-05-08 08:34:24,022 - INFO -  * Debugger PIN: 131-187-550
2025-05-08 08:34:30,569 - INFO -  * Detected change in 'C:\\AutoReportV2\\backend\\app\\routes.py', reloading
2025-05-08 08:34:30,771 - INFO -  * Restarting with stat
2025-05-08 08:34:32,068 - INFO - Ruta de DOWNLOAD_FOLDER: C:\AutoReportV2\backend\temp
2025-05-08 08:34:32,087 - WARNING -  * Debugger is active!
2025-05-08 08:34:32,094 - INFO -  * Debugger PIN: 131-187-550
2025-05-08 08:35:09,559 - INFO -  * Detected change in 'C:\\AutoReportV2\\backend\\app\\routes.py', reloading
2025-05-08 08:35:09,718 - INFO -  * Restarting with stat
2025-05-08 08:35:11,087 - INFO - Ruta de DOWNLOAD_FOLDER: C:\AutoReportV2\backend\temp
2025-05-08 08:35:11,107 - WARNING -  * Debugger is active!
2025-05-08 08:35:11,115 - INFO -  * Debugger PIN: 131-187-550
2025-05-08 08:35:12,300 - INFO -  * Detected change in 'C:\\AutoReportV2\\backend\\app\\routes.py', reloading
2025-05-08 08:35:12,477 - INFO -  * Restarting with stat
2025-05-08 08:35:22,137 - INFO - Ruta de DOWNLOAD_FOLDER: C:\AutoReportV2\backend\temp
2025-05-08 08:35:22,178 - INFO - [31m[1mWARNING: This is a development server. Do not use it in a production deployment. Use a production WSGI server instead.[0m
 * Running on http://127.0.0.1:5000
2025-05-08 08:35:22,178 - INFO - [33mPress CTRL+C to quit[0m
2025-05-08 08:35:22,178 - INFO -  * Restarting with stat
2025-05-08 08:35:23,438 - INFO - Ruta de DOWNLOAD_FOLDER: C:\AutoReportV2\backend\temp
2025-05-08 08:35:23,465 - WARNING -  * Debugger is active!
2025-05-08 08:35:23,469 - INFO -  * Debugger PIN: 131-187-550
2025-05-08 08:36:32,150 - INFO - Ruta de DOWNLOAD_FOLDER: C:\AutoReportV2\backend\temp
2025-05-08 08:36:32,182 - INFO - [31m[1mWARNING: This is a development server. Do not use it in a production deployment. Use a production WSGI server instead.[0m
 * Running on http://127.0.0.1:5000
2025-05-08 08:36:32,182 - INFO - [33mPress CTRL+C to quit[0m
2025-05-08 08:36:32,187 - INFO -  * Restarting with stat
2025-05-08 08:36:33,277 - INFO - Ruta de DOWNLOAD_FOLDER: C:\AutoReportV2\backend\temp
2025-05-08 08:36:33,293 - WARNING -  * Debugger is active!
2025-05-08 08:36:33,297 - INFO -  * Debugger PIN: 131-187-550
2025-05-08 08:37:47,910 - INFO -  * Detected change in 'C:\\AutoReportV2\\backend\\app\\routes.py', reloading
2025-05-08 08:37:48,075 - INFO -  * Restarting with stat
2025-05-08 08:37:49,202 - INFO - Ruta de DOWNLOAD_FOLDER: C:\AutoReportV2\backend\temp
2025-05-08 08:37:49,219 - WARNING -  * Debugger is active!
2025-05-08 08:37:49,228 - INFO -  * Debugger PIN: 131-187-550
2025-05-08 08:37:53,578 - INFO -  * Detected change in 'C:\\AutoReportV2\\backend\\app\\routes.py', reloading
2025-05-08 08:37:53,717 - INFO -  * Restarting with stat
2025-05-08 08:37:54,856 - INFO - Ruta de DOWNLOAD_FOLDER: C:\AutoReportV2\backend\temp
2025-05-08 08:37:54,889 - WARNING -  * Debugger is active!
2025-05-08 08:37:54,898 - INFO -  * Debugger PIN: 131-187-550
2025-05-08 08:37:56,171 - INFO -  * Detected change in 'C:\\AutoReportV2\\backend\\app\\routes.py', reloading
2025-05-08 08:37:56,508 - INFO -  * Restarting with stat
2025-05-08 08:37:58,289 - INFO - Ruta de DOWNLOAD_FOLDER: C:\AutoReportV2\backend\temp
2025-05-08 08:37:58,319 - WARNING -  * Debugger is active!
2025-05-08 08:37:58,328 - INFO -  * Debugger PIN: 131-187-550
2025-05-08 08:41:23,720 - INFO - 127.0.0.1 - - [08/May/2025 08:41:23] "[35m[1mPOST /run-process HTTP/1.1[0m" 500 -
2025-05-08 08:43:05,430 - INFO -  * Detected change in 'C:\\AutoReportV2\\backend\\app\\routes.py', reloading
2025-05-08 08:43:05,619 - INFO -  * Restarting with stat
2025-05-08 08:43:29,277 - INFO - Ruta de DOWNLOAD_FOLDER: C:\AutoReportV2\backend\temp
2025-05-08 08:43:29,411 - WARNING -  * Debugger is active!
2025-05-08 08:43:29,418 - INFO -  * Debugger PIN: 131-187-550
2025-05-08 08:44:20,087 - INFO - 127.0.0.1 - - [08/May/2025 08:44:20] "[35m[1mPOST /run-process HTTP/1.1[0m" 500 -
2025-05-08 08:45:27,158 - INFO - 127.0.0.1 - - [08/May/2025 08:45:27] "[35m[1mPOST /run-process HTTP/1.1[0m" 500 -
2025-05-08 08:45:39,678 - INFO -  * Detected change in 'C:\\AutoReportV2\\backend\\app\\routes.py', reloading
2025-05-08 08:45:39,828 - INFO -  * Restarting with stat
2025-05-08 08:45:41,108 - INFO - Ruta de DOWNLOAD_FOLDER: C:\AutoReportV2\backend\temp
2025-05-08 08:45:41,128 - WARNING -  * Debugger is active!
2025-05-08 08:45:41,136 - INFO -  * Debugger PIN: 131-187-550
2025-05-08 08:47:20,326 - INFO -  * Detected change in 'C:\\AutoReportV2\\backend\\app\\routes.py', reloading
2025-05-08 08:47:20,523 - INFO -  * Restarting with stat
2025-05-08 08:47:21,936 - INFO - Ruta de DOWNLOAD_FOLDER: C:\AutoReportV2\backend\temp
2025-05-08 08:47:21,958 - WARNING -  * Debugger is active!
2025-05-08 08:47:21,965 - INFO -  * Debugger PIN: 131-187-550
2025-05-08 08:47:31,648 - INFO -  * Detected change in 'C:\\AutoReportV2\\backend\\app\\routes.py', reloading
2025-05-08 08:47:31,796 - INFO -  * Restarting with stat
2025-05-08 08:47:32,957 - INFO - Ruta de DOWNLOAD_FOLDER: C:\AutoReportV2\backend\temp
2025-05-08 08:47:32,971 - WARNING -  * Debugger is active!
2025-05-08 08:47:32,976 - INFO -  * Debugger PIN: 131-187-550
2025-05-08 08:47:42,627 - INFO -  * Detected change in 'C:\\AutoReportV2\\backend\\app\\routes.py', reloading
2025-05-08 08:47:42,777 - INFO -  * Restarting with stat
2025-05-08 08:47:43,917 - INFO - Ruta de DOWNLOAD_FOLDER: C:\AutoReportV2\backend\temp
2025-05-08 08:47:43,930 - WARNING -  * Debugger is active!
2025-05-08 08:47:43,937 - INFO -  * Debugger PIN: 131-187-550
2025-05-08 08:47:54,799 - INFO -  * Detected change in 'C:\\AutoReportV2\\backend\\app\\routes.py', reloading
2025-05-08 08:47:54,928 - INFO -  * Restarting with stat
2025-05-08 08:47:56,199 - INFO - Ruta de DOWNLOAD_FOLDER: C:\AutoReportV2\backend\temp
2025-05-08 08:47:56,228 - WARNING -  * Debugger is active!
2025-05-08 08:47:56,231 - INFO -  * Debugger PIN: 131-187-550
2025-05-08 08:47:57,409 - INFO -  * Detected change in 'C:\\AutoReportV2\\backend\\app\\routes.py', reloading
2025-05-08 08:47:57,558 - INFO -  * Restarting with stat
2025-05-08 08:47:58,700 - INFO - Ruta de DOWNLOAD_FOLDER: C:\AutoReportV2\backend\temp
2025-05-08 08:47:58,717 - WARNING -  * Debugger is active!
2025-05-08 08:47:58,720 - INFO -  * Debugger PIN: 131-187-550
2025-05-08 08:48:11,616 - INFO -  * Detected change in 'C:\\AutoReportV2\\backend\\app\\routes.py', reloading
2025-05-08 08:48:11,792 - INFO -  * Restarting with stat
2025-05-08 08:50:56,657 - INFO - Ruta de DOWNLOAD_FOLDER: C:\AutoReportV2\backend\temp
2025-05-08 08:50:56,795 - INFO - [31m[1mWARNING: This is a development server. Do not use it in a production deployment. Use a production WSGI server instead.[0m
 * Running on http://127.0.0.1:5000
2025-05-08 08:50:56,796 - INFO - [33mPress CTRL+C to quit[0m
2025-05-08 08:50:56,798 - INFO -  * Restarting with stat
2025-05-08 08:50:57,831 - INFO - Ruta de DOWNLOAD_FOLDER: C:\AutoReportV2\backend\temp
2025-05-08 08:50:57,838 - WARNING -  * Debugger is active!
2025-05-08 08:50:57,849 - INFO -  * Debugger PIN: 131-187-550
2025-05-08 08:52:11,296 - INFO - Ruta de DOWNLOAD_FOLDER: C:\AutoReportV2\backend\temp
2025-05-08 08:52:11,332 - INFO - [31m[1mWARNING: This is a development server. Do not use it in a production deployment. Use a production WSGI server instead.[0m
 * Running on http://127.0.0.1:5000
2025-05-08 08:52:11,333 - INFO - [33mPress CTRL+C to quit[0m
2025-05-08 08:52:11,334 - INFO -  * Restarting with stat
2025-05-08 08:52:12,732 - INFO - Ruta de DOWNLOAD_FOLDER: C:\AutoReportV2\backend\temp
2025-05-08 08:52:12,748 - WARNING -  * Debugger is active!
2025-05-08 08:52:12,759 - INFO -  * Debugger PIN: 131-187-550
2025-05-08 09:04:10,626 - INFO -  * Detected change in 'C:\\AutoReportV2\\backend\\app\\routes.py', reloading
2025-05-08 09:04:10,763 - INFO -  * Restarting with stat
2025-05-08 09:04:28,232 - INFO - Ruta de DOWNLOAD_FOLDER: C:\AutoReportV2\backend\temp
2025-05-08 09:04:28,359 - WARNING -  * Debugger is active!
2025-05-08 09:04:28,361 - INFO -  * Debugger PIN: 131-187-550
2025-05-08 09:04:31,727 - INFO -  * Detected change in 'C:\\AutoReportV2\\backend\\app\\routes.py', reloading
2025-05-08 09:04:31,877 - INFO -  * Restarting with stat
2025-05-08 09:04:33,343 - INFO - Ruta de DOWNLOAD_FOLDER: C:\AutoReportV2\backend\temp
2025-05-08 09:04:33,359 - WARNING -  * Debugger is active!
2025-05-08 09:04:33,366 - INFO -  * Debugger PIN: 131-187-550
2025-05-08 09:12:36,334 - INFO -  * Detected change in 'C:\\AutoReportV2\\backend\\app\\routes.py', reloading
2025-05-08 09:12:36,585 - INFO -  * Restarting with stat
2025-05-08 09:12:54,719 - INFO - Ruta de DOWNLOAD_FOLDER: C:\AutoReportV2\backend\temp
2025-05-08 09:12:54,810 - WARNING -  * Debugger is active!
2025-05-08 09:12:54,820 - INFO -  * Debugger PIN: 131-187-550
2025-05-08 09:14:50,364 - INFO -  * Detected change in 'C:\\AutoReportV2\\backend\\app\\routes.py', reloading
2025-05-08 09:14:50,499 - INFO -  * Restarting with stat
2025-05-08 09:14:51,611 - INFO - Ruta de DOWNLOAD_FOLDER: C:\AutoReportV2\backend\temp
2025-05-08 09:14:51,635 - WARNING -  * Debugger is active!
2025-05-08 09:14:51,637 - INFO -  * Debugger PIN: 131-187-550
2025-05-08 11:41:21,297 - INFO - 127.0.0.1 - - [08/May/2025 11:41:21] "[35m[1mPOST /run-process HTTP/1.1[0m" 500 -
2025-05-08 11:41:33,942 - INFO -  * Detected change in 'C:\\AutoReportV2\\backend\\app\\routes.py', reloading
2025-05-08 11:41:34,160 - INFO -  * Restarting with stat
2025-05-08 11:41:58,956 - INFO - Ruta de DOWNLOAD_FOLDER: C:\AutoReportV2\backend\temp
2025-05-08 11:41:59,171 - WARNING -  * Debugger is active!
2025-05-08 11:41:59,183 - INFO -  * Debugger PIN: 131-187-550
2025-05-08 11:42:10,179 - INFO -  * Detected change in 'C:\\AutoReportV2\\backend\\app\\routes.py', reloading
2025-05-08 11:42:10,362 - INFO -  * Restarting with stat
2025-05-08 11:42:11,705 - INFO - Ruta de DOWNLOAD_FOLDER: C:\AutoReportV2\backend\temp
2025-05-08 11:42:11,735 - WARNING -  * Debugger is active!
2025-05-08 11:42:11,739 - INFO -  * Debugger PIN: 131-187-550
2025-05-08 11:42:23,873 - INFO -  * Detected change in 'C:\\AutoReportV2\\backend\\app\\routes.py', reloading
2025-05-08 11:42:24,028 - INFO -  * Restarting with stat
2025-05-08 11:42:25,493 - INFO - Ruta de DOWNLOAD_FOLDER: C:\AutoReportV2\backend\temp
2025-05-08 11:42:25,519 - WARNING -  * Debugger is active!
2025-05-08 11:42:25,523 - INFO -  * Debugger PIN: 131-187-550
2025-05-08 11:42:27,825 - INFO -  * Detected change in 'C:\\AutoReportV2\\backend\\app\\routes.py', reloading
2025-05-08 11:42:28,009 - INFO -  * Restarting with stat
2025-05-08 11:42:30,160 - INFO - Ruta de DOWNLOAD_FOLDER: C:\AutoReportV2\backend\temp
2025-05-08 11:42:30,189 - WARNING -  * Debugger is active!
2025-05-08 11:42:30,193 - INFO -  * Debugger PIN: 131-187-550
2025-05-08 11:42:56,695 - INFO -  * Detected change in 'C:\\AutoReportV2\\backend\\app\\routes.py', reloading
2025-05-08 11:42:56,988 - INFO -  * Restarting with stat
2025-05-08 11:42:58,747 - INFO - Ruta de DOWNLOAD_FOLDER: C:\AutoReportV2\backend\temp
2025-05-08 11:42:58,785 - WARNING -  * Debugger is active!
2025-05-08 11:42:58,799 - INFO -  * Debugger PIN: 131-187-550
2025-05-08 11:43:19,903 - INFO -  * Detected change in 'C:\\AutoReportV2\\backend\\app\\routes.py', reloading
2025-05-08 11:43:20,117 - INFO -  * Restarting with stat
2025-05-08 11:43:31,914 - INFO - Ruta de DOWNLOAD_FOLDER: C:\AutoReportV2\backend\temp
2025-05-08 11:43:31,998 - INFO - [31m[1mWARNING: This is a development server. Do not use it in a production deployment. Use a production WSGI server instead.[0m
 * Running on http://127.0.0.1:5000
2025-05-08 11:43:31,998 - INFO - [33mPress CTRL+C to quit[0m
2025-05-08 11:43:32,003 - INFO -  * Restarting with stat
2025-05-08 11:43:33,532 - INFO - Ruta de DOWNLOAD_FOLDER: C:\AutoReportV2\backend\temp
2025-05-08 11:43:33,552 - WARNING -  * Debugger is active!
2025-05-08 11:43:33,552 - INFO -  * Debugger PIN: 131-187-550
2025-05-08 11:44:34,657 - INFO - Ruta de DOWNLOAD_FOLDER: C:\AutoReportV2\backend\temp
2025-05-08 11:44:34,700 - INFO - [31m[1mWARNING: This is a development server. Do not use it in a production deployment. Use a production WSGI server instead.[0m
 * Running on http://127.0.0.1:5000
2025-05-08 11:44:34,700 - INFO - [33mPress CTRL+C to quit[0m
2025-05-08 11:44:34,702 - INFO -  * Restarting with stat
2025-05-08 11:44:35,957 - INFO - Ruta de DOWNLOAD_FOLDER: C:\AutoReportV2\backend\temp
2025-05-08 11:44:35,988 - WARNING -  * Debugger is active!
2025-05-08 11:44:35,993 - INFO -  * Debugger PIN: 131-187-550
2025-05-08 11:47:34,707 - INFO - 127.0.0.1 - - [08/May/2025 11:47:34] "[35m[1mPOST /run-process HTTP/1.1[0m" 500 -
2025-05-08 11:47:44,439 - INFO -  * Detected change in 'C:\\AutoReportV2\\backend\\app\\routes.py', reloading
2025-05-08 11:47:44,606 - INFO -  * Restarting with stat
2025-05-08 11:48:09,554 - INFO - Ruta de DOWNLOAD_FOLDER: C:\AutoReportV2\backend\temp
2025-05-08 11:48:09,708 - INFO - [31m[1mWARNING: This is a development server. Do not use it in a production deployment. Use a production WSGI server instead.[0m
 * Running on http://127.0.0.1:5000
2025-05-08 11:48:09,708 - INFO - [33mPress CTRL+C to quit[0m
2025-05-08 11:48:09,725 - INFO -  * Restarting with stat
2025-05-08 11:48:11,163 - INFO - Ruta de DOWNLOAD_FOLDER: C:\AutoReportV2\backend\temp
2025-05-08 11:48:11,206 - WARNING -  * Debugger is active!
2025-05-08 11:48:11,209 - INFO -  * Debugger PIN: 131-187-550
2025-05-08 11:50:08,400 - INFO - 127.0.0.1 - - [08/May/2025 11:50:08] "[35m[1mPOST /run-process HTTP/1.1[0m" 500 -
2025-05-08 11:54:00,975 - INFO -  * Detected change in 'C:\\AutoReportV2\\backend\\app\\routes.py', reloading
2025-05-08 11:54:01,151 - INFO -  * Restarting with stat
2025-05-08 11:54:02,585 - INFO - Ruta de DOWNLOAD_FOLDER: C:\AutoReportV2\backend\temp
2025-05-08 11:54:02,600 - WARNING -  * Debugger is active!
2025-05-08 11:54:02,600 - INFO -  * Debugger PIN: 131-187-550
2025-05-08 11:54:04,844 - INFO -  * Detected change in 'C:\\AutoReportV2\\backend\\app\\routes.py', reloading
2025-05-08 11:54:04,985 - INFO -  * Restarting with stat
2025-05-08 11:54:06,151 - INFO - Ruta de DOWNLOAD_FOLDER: C:\AutoReportV2\backend\temp
2025-05-08 11:54:06,171 - WARNING -  * Debugger is active!
2025-05-08 11:54:06,171 - INFO -  * Debugger PIN: 131-187-550
2025-05-08 11:54:08,486 - INFO -  * Detected change in 'C:\\AutoReportV2\\backend\\app\\routes.py', reloading
2025-05-08 11:54:08,657 - INFO -  * Restarting with stat
2025-05-08 11:54:09,886 - INFO - Ruta de DOWNLOAD_FOLDER: C:\AutoReportV2\backend\temp
2025-05-08 11:54:09,902 - WARNING -  * Debugger is active!
2025-05-08 11:54:09,906 - INFO -  * Debugger PIN: 131-187-550
2025-05-08 11:54:18,402 - INFO - Ruta de DOWNLOAD_FOLDER: C:\AutoReportV2\backend\temp
2025-05-08 11:54:18,435 - INFO - [31m[1mWARNING: This is a development server. Do not use it in a production deployment. Use a production WSGI server instead.[0m
 * Running on http://127.0.0.1:5000
2025-05-08 11:54:18,435 - INFO - [33mPress CTRL+C to quit[0m
2025-05-08 11:54:18,435 - INFO -  * Restarting with stat
2025-05-08 11:54:19,499 - INFO - Ruta de DOWNLOAD_FOLDER: C:\AutoReportV2\backend\temp
2025-05-08 11:54:19,511 - WARNING -  * Debugger is active!
2025-05-08 11:54:19,521 - INFO -  * Debugger PIN: 131-187-550
2025-05-08 11:56:54,619 - INFO -  * Detected change in 'C:\\AutoReportV2\\backend\\app\\routes.py', reloading
2025-05-08 11:56:54,763 - INFO -  * Restarting with stat
2025-05-08 11:56:56,347 - INFO - Ruta de DOWNLOAD_FOLDER: C:\AutoReportV2\backend\temp
2025-05-08 11:56:56,361 - WARNING -  * Debugger is active!
2025-05-08 11:56:56,369 - INFO -  * Debugger PIN: 131-187-550
2025-05-08 11:58:12,760 - INFO -  * Detected change in 'C:\\AutoReportV2\\backend\\app\\routes.py', reloading
2025-05-08 11:58:12,960 - INFO -  * Restarting with stat
2025-05-08 11:58:14,795 - INFO - Ruta de DOWNLOAD_FOLDER: C:\AutoReportV2\backend\temp
2025-05-08 11:58:14,819 - WARNING -  * Debugger is active!
2025-05-08 11:58:14,819 - INFO -  * Debugger PIN: 131-187-550
2025-05-08 11:58:35,374 - INFO -  * Detected change in 'C:\\AutoReportV2\\backend\\app\\routes.py', reloading
2025-05-08 11:58:35,544 - INFO -  * Restarting with stat
2025-05-08 11:58:37,081 - INFO - Ruta de DOWNLOAD_FOLDER: C:\AutoReportV2\backend\temp
2025-05-08 11:58:37,098 - WARNING -  * Debugger is active!
2025-05-08 11:58:37,107 - INFO -  * Debugger PIN: 131-187-550
2025-05-08 11:58:49,014 - INFO -  * Detected change in 'C:\\AutoReportV2\\backend\\app\\routes.py', reloading
2025-05-08 11:58:49,256 - INFO -  * Restarting with stat
2025-05-08 11:58:50,624 - INFO - Ruta de DOWNLOAD_FOLDER: C:\AutoReportV2\backend\temp
2025-05-08 11:58:50,632 - WARNING -  * Debugger is active!
2025-05-08 11:58:50,641 - INFO -  * Debugger PIN: 131-187-550
2025-05-08 11:58:51,832 - INFO -  * Detected change in 'C:\\AutoReportV2\\backend\\app\\routes.py', reloading
2025-05-08 11:58:51,958 - INFO -  * Restarting with stat
2025-05-08 11:58:53,397 - INFO - Ruta de DOWNLOAD_FOLDER: C:\AutoReportV2\backend\temp
2025-05-08 11:58:53,413 - WARNING -  * Debugger is active!
2025-05-08 11:58:53,422 - INFO -  * Debugger PIN: 131-187-550
2025-05-08 11:58:57,832 - INFO -  * Detected change in 'C:\\AutoReportV2\\backend\\app\\routes.py', reloading
2025-05-08 11:58:57,983 - INFO -  * Restarting with stat
2025-05-08 11:58:59,208 - INFO - Ruta de DOWNLOAD_FOLDER: C:\AutoReportV2\backend\temp
2025-05-08 11:58:59,223 - WARNING -  * Debugger is active!
2025-05-08 11:58:59,224 - INFO -  * Debugger PIN: 131-187-550
2025-05-08 11:59:52,234 - INFO - Ruta de DOWNLOAD_FOLDER: C:\AutoReportV2\backend\temp
2025-05-08 11:59:52,275 - INFO - [31m[1mWARNING: This is a development server. Do not use it in a production deployment. Use a production WSGI server instead.[0m
 * Running on http://127.0.0.1:5000
2025-05-08 11:59:52,275 - INFO - [33mPress CTRL+C to quit[0m
2025-05-08 11:59:52,275 - INFO -  * Restarting with stat
2025-05-08 11:59:53,500 - INFO - Ruta de DOWNLOAD_FOLDER: C:\AutoReportV2\backend\temp
2025-05-08 11:59:53,519 - WARNING -  * Debugger is active!
2025-05-08 11:59:53,525 - INFO -  * Debugger PIN: 131-187-550
2025-05-08 12:01:38,502 - INFO - 127.0.0.1 - - [08/May/2025 12:01:38] "[35m[1mPOST /run-process HTTP/1.1[0m" 500 -
2025-05-08 12:02:33,884 - INFO -  * Detected change in 'C:\\AutoReportV2\\backend\\app\\routes.py', reloading
2025-05-08 12:02:34,014 - INFO -  * Restarting with stat
2025-05-08 12:02:53,188 - INFO - Ruta de DOWNLOAD_FOLDER: C:\AutoReportV2\backend\temp
2025-05-08 12:02:53,300 - WARNING -  * Debugger is active!
2025-05-08 12:02:53,304 - INFO -  * Debugger PIN: 131-187-550
2025-05-12 09:00:45,389 - INFO - Ruta de DOWNLOAD_FOLDER: C:\AutoReportV2\backend\temp
2025-05-12 09:00:45,543 - INFO - [31m[1mWARNING: This is a development server. Do not use it in a production deployment. Use a production WSGI server instead.[0m
 * Running on http://127.0.0.1:5000
2025-05-12 09:00:45,543 - INFO - [33mPress CTRL+C to quit[0m
2025-05-12 09:00:45,555 - INFO -  * Restarting with stat
2025-05-12 09:00:46,616 - INFO - Ruta de DOWNLOAD_FOLDER: C:\AutoReportV2\backend\temp
2025-05-12 09:00:46,640 - WARNING -  * Debugger is active!
2025-05-12 09:00:46,655 - INFO -  * Debugger PIN: 113-474-299
2025-05-12 09:06:03,593 - INFO - 127.0.0.1 - - [12/May/2025 09:06:03] "[35m[1mPOST /run-process HTTP/1.1[0m" 500 -
2025-05-12 09:07:10,347 - INFO -  * Detected change in 'C:\\AutoReportV2\\backend\\app\\routes.py', reloading
2025-05-12 09:07:10,585 - INFO -  * Restarting with stat
2025-05-12 09:07:12,118 - INFO - Ruta de DOWNLOAD_FOLDER: C:\AutoReportV2\backend\temp
2025-05-12 09:07:12,134 - WARNING -  * Debugger is active!
2025-05-12 09:07:12,139 - INFO -  * Debugger PIN: 113-474-299
2025-05-12 09:07:15,650 - INFO -  * Detected change in 'C:\\AutoReportV2\\backend\\app\\routes.py', reloading
2025-05-12 09:07:15,780 - INFO -  * Restarting with stat
2025-05-12 09:07:17,062 - INFO - Ruta de DOWNLOAD_FOLDER: C:\AutoReportV2\backend\temp
2025-05-12 09:07:17,079 - WARNING -  * Debugger is active!
2025-05-12 09:07:17,085 - INFO -  * Debugger PIN: 113-474-299
2025-05-12 09:07:19,360 - INFO -  * Detected change in 'C:\\AutoReportV2\\backend\\app\\routes.py', reloading
2025-05-12 09:07:19,511 - INFO -  * Restarting with stat
2025-05-12 09:07:20,766 - INFO - Ruta de DOWNLOAD_FOLDER: C:\AutoReportV2\backend\temp
2025-05-12 09:07:20,783 - WARNING -  * Debugger is active!
2025-05-12 09:07:20,784 - INFO -  * Debugger PIN: 113-474-299
2025-05-12 09:07:20,957 - INFO -  * Detected change in 'C:\\AutoReportV2\\backend\\app\\routes.py', reloading
2025-05-12 09:07:21,080 - INFO -  * Restarting with stat
2025-05-12 09:07:22,383 - INFO - Ruta de DOWNLOAD_FOLDER: C:\AutoReportV2\backend\temp
2025-05-12 09:07:22,410 - WARNING -  * Debugger is active!
2025-05-12 09:07:22,424 - INFO -  * Debugger PIN: 113-474-299
2025-05-12 09:09:29,790 - INFO - 127.0.0.1 - - [12/May/2025 09:09:29] "[35m[1mPOST /run-process HTTP/1.1[0m" 500 -
2025-05-12 09:12:06,157 - INFO - 127.0.0.1 - - [12/May/2025 09:12:06] "[35m[1mPOST /run-process HTTP/1.1[0m" 500 -
2025-05-12 09:13:21,919 - INFO -  * Detected change in 'C:\\AutoReportV2\\backend\\app\\routes.py', reloading
2025-05-12 09:13:22,052 - INFO -  * Restarting with stat
2025-05-12 09:13:23,240 - INFO - Ruta de DOWNLOAD_FOLDER: C:\AutoReportV2\backend\temp
2025-05-12 09:13:23,257 - WARNING -  * Debugger is active!
2025-05-12 09:13:23,262 - INFO -  * Debugger PIN: 113-474-299
2025-05-12 09:14:14,141 - INFO -  * Detected change in 'C:\\AutoReportV2\\backend\\app\\routes.py', reloading
2025-05-12 09:14:14,286 - INFO -  * Restarting with stat
2025-05-12 09:14:15,651 - INFO - Ruta de DOWNLOAD_FOLDER: C:\AutoReportV2\backend\temp
2025-05-12 09:14:15,667 - WARNING -  * Debugger is active!
2025-05-12 09:14:15,677 - INFO -  * Debugger PIN: 113-474-299
2025-05-12 09:14:19,085 - INFO -  * Detected change in 'C:\\AutoReportV2\\backend\\app\\routes.py', reloading
2025-05-12 09:14:19,215 - INFO -  * Restarting with stat
2025-05-12 09:14:20,403 - INFO - Ruta de DOWNLOAD_FOLDER: C:\AutoReportV2\backend\temp
2025-05-12 09:14:20,431 - WARNING -  * Debugger is active!
2025-05-12 09:14:20,436 - INFO -  * Debugger PIN: 113-474-299
2025-05-12 09:14:28,176 - INFO -  * Detected change in 'C:\\AutoReportV2\\backend\\app\\routes.py', reloading
2025-05-12 09:14:28,314 - INFO -  * Restarting with stat
2025-05-12 09:14:29,592 - INFO - Ruta de DOWNLOAD_FOLDER: C:\AutoReportV2\backend\temp
2025-05-12 09:14:29,614 - WARNING -  * Debugger is active!
2025-05-12 09:14:29,618 - INFO -  * Debugger PIN: 113-474-299
2025-05-12 09:17:17,221 - INFO - 127.0.0.1 - - [12/May/2025 09:17:17] "[35m[1mPOST /run-process HTTP/1.1[0m" 500 -
2025-05-12 09:18:17,730 - INFO -  * Detected change in 'C:\\AutoReportV2\\backend\\app\\routes.py', reloading
2025-05-12 09:18:17,879 - INFO -  * Restarting with stat
2025-05-12 09:18:19,501 - INFO - Ruta de DOWNLOAD_FOLDER: C:\AutoReportV2\backend\temp
2025-05-12 09:18:19,518 - WARNING -  * Debugger is active!
2025-05-12 09:18:19,518 - INFO -  * Debugger PIN: 113-474-299
2025-05-12 09:20:46,838 - INFO - 127.0.0.1 - - [12/May/2025 09:20:46] "[35m[1mPOST /run-process HTTP/1.1[0m" 500 -
2025-05-12 09:25:46,361 - INFO -  * Detected change in 'C:\\AutoReportV2\\backend\\app\\routes.py', reloading
2025-05-12 09:25:46,532 - INFO -  * Restarting with stat
2025-05-12 09:25:48,238 - INFO - Ruta de DOWNLOAD_FOLDER: C:\AutoReportV2\backend\temp
2025-05-12 09:25:48,269 - WARNING -  * Debugger is active!
2025-05-12 09:25:48,274 - INFO -  * Debugger PIN: 113-474-299
2025-05-12 09:28:18,319 - INFO - 127.0.0.1 - - [12/May/2025 09:28:18] "[35m[1mPOST /run-process HTTP/1.1[0m" 500 -
2025-05-12 09:28:29,437 - INFO -  * Detected change in 'C:\\AutoReportV2\\backend\\app\\routes.py', reloading
2025-05-12 09:28:29,565 - INFO -  * Restarting with stat
2025-05-12 09:28:49,995 - INFO - Ruta de DOWNLOAD_FOLDER: C:\AutoReportV2\backend\temp
2025-05-12 09:28:50,165 - WARNING -  * Debugger is active!
2025-05-12 09:28:50,190 - INFO -  * Debugger PIN: 113-474-299
2025-05-12 09:29:55,424 - INFO - 127.0.0.1 - - [12/May/2025 09:29:55] "[35m[1mPOST /run-process HTTP/1.1[0m" 500 -
2025-05-12 09:31:55,024 - INFO -  * Detected change in 'C:\\AutoReportV2\\backend\\app\\routes.py', reloading
2025-05-12 09:31:55,170 - INFO -  * Restarting with stat
2025-05-12 09:31:56,508 - INFO - Ruta de DOWNLOAD_FOLDER: C:\AutoReportV2\backend\temp
2025-05-12 09:31:56,527 - WARNING -  * Debugger is active!
2025-05-12 09:31:56,541 - INFO -  * Debugger PIN: 113-474-299
2025-05-12 09:31:58,918 - INFO -  * Detected change in 'C:\\AutoReportV2\\backend\\app\\routes.py', reloading
2025-05-12 09:31:59,339 - INFO -  * Restarting with stat
2025-05-12 09:32:01,207 - INFO - Ruta de DOWNLOAD_FOLDER: C:\AutoReportV2\backend\temp
2025-05-12 09:32:01,231 - WARNING -  * Debugger is active!
2025-05-12 09:32:01,249 - INFO -  * Debugger PIN: 113-474-299
2025-05-12 09:34:57,867 - INFO - 127.0.0.1 - - [12/May/2025 09:34:57] "[35m[1mPOST /run-process HTTP/1.1[0m" 500 -
2025-05-12 09:35:11,001 - INFO -  * Detected change in 'C:\\AutoReportV2\\backend\\app\\routes.py', reloading
2025-05-12 09:35:11,144 - INFO -  * Restarting with stat
2025-05-12 09:35:12,403 - INFO - Ruta de DOWNLOAD_FOLDER: C:\AutoReportV2\backend\temp
2025-05-12 09:35:12,422 - WARNING -  * Debugger is active!
2025-05-12 09:35:12,427 - INFO -  * Debugger PIN: 113-474-299
2025-05-12 09:35:13,659 - INFO -  * Detected change in 'C:\\AutoReportV2\\backend\\app\\routes.py', reloading
2025-05-12 09:35:13,787 - INFO -  * Restarting with stat
2025-05-12 09:35:14,939 - INFO - Ruta de DOWNLOAD_FOLDER: C:\AutoReportV2\backend\temp
2025-05-12 09:35:14,954 - WARNING -  * Debugger is active!
2025-05-12 09:35:14,956 - INFO -  * Debugger PIN: 113-474-299
2025-05-12 09:35:18,370 - INFO -  * Detected change in 'C:\\AutoReportV2\\backend\\app\\routes.py', reloading
2025-05-12 09:35:18,495 - INFO -  * Restarting with stat
2025-05-12 09:35:19,670 - INFO - Ruta de DOWNLOAD_FOLDER: C:\AutoReportV2\backend\temp
2025-05-12 09:35:19,692 - WARNING -  * Debugger is active!
2025-05-12 09:35:19,699 - INFO -  * Debugger PIN: 113-474-299
2025-05-12 09:35:20,997 - INFO -  * Detected change in 'C:\\AutoReportV2\\backend\\app\\routes.py', reloading
2025-05-12 09:35:21,124 - INFO -  * Restarting with stat
2025-05-12 09:35:22,608 - INFO - Ruta de DOWNLOAD_FOLDER: C:\AutoReportV2\backend\temp
2025-05-12 09:35:22,631 - WARNING -  * Debugger is active!
2025-05-12 09:35:22,631 - INFO -  * Debugger PIN: 113-474-299
2025-05-12 09:35:48,582 - INFO - Ruta de DOWNLOAD_FOLDER: C:\AutoReportV2\backend\temp
2025-05-12 09:35:48,616 - INFO - [31m[1mWARNING: This is a development server. Do not use it in a production deployment. Use a production WSGI server instead.[0m
 * Running on http://127.0.0.1:5000
2025-05-12 09:35:48,616 - INFO - [33mPress CTRL+C to quit[0m
2025-05-12 09:35:48,616 - INFO -  * Restarting with stat
2025-05-12 09:35:49,618 - INFO - Ruta de DOWNLOAD_FOLDER: C:\AutoReportV2\backend\temp
2025-05-12 09:35:49,634 - WARNING -  * Debugger is active!
2025-05-12 09:35:49,634 - INFO -  * Debugger PIN: 113-474-299
2025-05-12 09:36:07,474 - INFO - Ruta de DOWNLOAD_FOLDER: C:\AutoReportV2\backend\temp
2025-05-12 09:36:07,509 - INFO - [31m[1mWARNING: This is a development server. Do not use it in a production deployment. Use a production WSGI server instead.[0m
 * Running on http://127.0.0.1:5000
2025-05-12 09:36:07,509 - INFO - [33mPress CTRL+C to quit[0m
2025-05-12 09:36:07,513 - INFO -  * Restarting with stat
2025-05-12 09:36:09,066 - INFO - Ruta de DOWNLOAD_FOLDER: C:\AutoReportV2\backend\temp
2025-05-12 09:36:09,088 - WARNING -  * Debugger is active!
2025-05-12 09:36:09,094 - INFO -  * Debugger PIN: 113-474-299
2025-05-12 09:38:02,339 - INFO - 127.0.0.1 - - [12/May/2025 09:38:02] "[35m[1mPOST /run-process HTTP/1.1[0m" 500 -
2025-05-12 09:40:06,526 - INFO - 127.0.0.1 - - [12/May/2025 09:40:06] "[35m[1mPOST /run-process HTTP/1.1[0m" 500 -
2025-05-12 09:41:32,169 - INFO -  * Detected change in 'C:\\AutoReportV2\\backend\\app\\routes.py', reloading
2025-05-12 09:41:32,327 - INFO -  * Restarting with stat
2025-05-12 09:41:33,630 - INFO - Ruta de DOWNLOAD_FOLDER: C:\AutoReportV2\backend\temp
2025-05-12 09:41:33,643 - WARNING -  * Debugger is active!
2025-05-12 09:41:33,651 - INFO -  * Debugger PIN: 113-474-299
2025-05-12 09:41:35,948 - INFO -  * Detected change in 'C:\\AutoReportV2\\backend\\app\\routes.py', reloading
2025-05-12 09:41:36,089 - INFO -  * Restarting with stat
2025-05-12 09:41:37,390 - INFO - Ruta de DOWNLOAD_FOLDER: C:\AutoReportV2\backend\temp
2025-05-12 09:41:37,405 - WARNING -  * Debugger is active!
2025-05-12 09:41:37,405 - INFO -  * Debugger PIN: 113-474-299
2025-05-12 09:43:55,820 - INFO - 127.0.0.1 - - [12/May/2025 09:43:55] "[35m[1mPOST /run-process HTTP/1.1[0m" 500 -
2025-05-12 09:44:52,993 - INFO -  * Detected change in 'C:\\AutoReportV2\\backend\\app\\routes.py', reloading
2025-05-12 09:44:53,263 - INFO -  * Restarting with stat
2025-05-12 09:45:11,862 - INFO - Ruta de DOWNLOAD_FOLDER: C:\AutoReportV2\backend\temp
2025-05-12 09:45:11,976 - WARNING -  * Debugger is active!
2025-05-12 09:45:11,976 - INFO -  * Debugger PIN: 113-474-299
2025-05-12 09:45:57,565 - INFO -  * Detected change in 'C:\\AutoReportV2\\backend\\app\\routes.py', reloading
2025-05-12 09:45:57,686 - INFO -  * Restarting with stat
2025-05-12 09:45:58,894 - INFO - Ruta de DOWNLOAD_FOLDER: C:\AutoReportV2\backend\temp
2025-05-12 09:45:58,920 - WARNING -  * Debugger is active!
2025-05-12 09:45:58,924 - INFO -  * Debugger PIN: 113-474-299
2025-05-12 09:48:24,445 - INFO - 127.0.0.1 - - [12/May/2025 09:48:24] "[35m[1mPOST /run-process HTTP/1.1[0m" 500 -
2025-05-12 09:49:09,109 - INFO -  * Detected change in 'C:\\AutoReportV2\\backend\\app\\routes.py', reloading
2025-05-12 09:49:09,246 - INFO -  * Restarting with stat
2025-05-12 09:49:10,455 - INFO - Ruta de DOWNLOAD_FOLDER: C:\AutoReportV2\backend\temp
2025-05-12 09:49:10,470 - WARNING -  * Debugger is active!
2025-05-12 09:49:10,474 - INFO -  * Debugger PIN: 113-474-299
2025-05-12 09:50:17,870 - INFO -  * Detected change in 'C:\\AutoReportV2\\backend\\app\\routes.py', reloading
2025-05-12 09:50:18,015 - INFO -  * Restarting with stat
2025-05-12 09:50:19,272 - INFO - Ruta de DOWNLOAD_FOLDER: C:\AutoReportV2\backend\temp
2025-05-12 09:50:19,286 - WARNING -  * Debugger is active!
2025-05-12 09:50:19,295 - INFO -  * Debugger PIN: 113-474-299
2025-05-12 09:50:25,928 - INFO -  * Detected change in 'C:\\AutoReportV2\\backend\\app\\routes.py', reloading
2025-05-12 09:50:26,052 - INFO -  * Restarting with stat
2025-05-12 09:50:27,188 - INFO - Ruta de DOWNLOAD_FOLDER: C:\AutoReportV2\backend\temp
2025-05-12 09:50:27,212 - WARNING -  * Debugger is active!
2025-05-12 09:50:27,214 - INFO -  * Debugger PIN: 113-474-299
2025-05-12 09:50:33,947 - INFO -  * Detected change in 'C:\\AutoReportV2\\backend\\app\\routes.py', reloading
2025-05-12 09:50:34,095 - INFO -  * Restarting with stat
2025-05-12 09:50:35,618 - INFO - Ruta de DOWNLOAD_FOLDER: C:\AutoReportV2\backend\temp
2025-05-12 09:50:35,640 - WARNING -  * Debugger is active!
2025-05-12 09:50:35,640 - INFO -  * Debugger PIN: 113-474-299
2025-05-12 09:52:23,997 - INFO - 127.0.0.1 - - [12/May/2025 09:52:23] "[35m[1mPOST /run-process HTTP/1.1[0m" 500 -
2025-05-12 09:52:49,742 - INFO -  * Detected change in 'C:\\AutoReportV2\\backend\\app\\routes.py', reloading
2025-05-12 09:52:49,886 - INFO -  * Restarting with stat
2025-05-12 09:52:51,239 - INFO - Ruta de DOWNLOAD_FOLDER: C:\AutoReportV2\backend\temp
2025-05-12 09:52:51,272 - WARNING -  * Debugger is active!
2025-05-12 09:52:51,278 - INFO -  * Debugger PIN: 113-474-299
2025-05-12 09:52:52,492 - INFO -  * Detected change in 'C:\\AutoReportV2\\backend\\app\\routes.py', reloading
2025-05-12 09:52:52,610 - INFO -  * Restarting with stat
2025-05-12 09:52:53,649 - INFO - Ruta de DOWNLOAD_FOLDER: C:\AutoReportV2\backend\temp
2025-05-12 09:52:53,665 - WARNING -  * Debugger is active!
2025-05-12 09:52:53,680 - INFO -  * Debugger PIN: 113-474-299
2025-05-12 10:01:12,472 - INFO -  * Detected change in 'C:\\AutoReportV2\\backend\\app\\routes.py', reloading
2025-05-12 10:01:12,618 - INFO -  * Restarting with stat
2025-05-12 10:01:34,809 - INFO - Ruta de DOWNLOAD_FOLDER: C:\AutoReportV2\backend\temp
2025-05-12 10:01:34,942 - WARNING -  * Debugger is active!
2025-05-12 10:01:34,942 - INFO -  * Debugger PIN: 113-474-299
2025-05-12 10:04:08,858 - INFO -  * Detected change in 'C:\\AutoReportV2\\backend\\app\\routes.py', reloading
2025-05-12 10:04:09,079 - INFO -  * Restarting with stat
2025-05-12 10:05:35,505 - INFO - Ruta de DOWNLOAD_FOLDER: C:\AutoReportV2\backend\temp
2025-05-12 10:05:35,548 - INFO - [31m[1mWARNING: This is a development server. Do not use it in a production deployment. Use a production WSGI server instead.[0m
 * Running on http://127.0.0.1:5000
2025-05-12 10:05:35,549 - INFO - [33mPress CTRL+C to quit[0m
2025-05-12 10:05:35,550 - INFO -  * Restarting with stat
2025-05-12 10:05:36,420 - INFO - Ruta de DOWNLOAD_FOLDER: C:\AutoReportV2\backend\temp
2025-05-12 10:05:36,437 - WARNING -  * Debugger is active!
2025-05-12 10:05:36,441 - INFO -  * Debugger PIN: 113-474-299
2025-05-12 10:07:26,707 - INFO - 127.0.0.1 - - [12/May/2025 10:07:26] "[35m[1mPOST /run-process HTTP/1.1[0m" 500 -
2025-05-12 10:09:04,218 - INFO -  * Detected change in 'C:\\AutoReportV2\\backend\\app\\routes.py', reloading
2025-05-12 10:09:04,383 - INFO -  * Restarting with stat
2025-05-12 10:09:05,484 - INFO - Ruta de DOWNLOAD_FOLDER: C:\AutoReportV2\backend\temp
2025-05-12 10:09:05,501 - WARNING -  * Debugger is active!
2025-05-12 10:09:05,513 - INFO -  * Debugger PIN: 113-474-299
2025-05-12 10:09:09,883 - INFO -  * Detected change in 'C:\\AutoReportV2\\backend\\app\\routes.py', reloading
2025-05-12 10:09:10,008 - INFO -  * Restarting with stat
2025-05-12 10:09:42,724 - INFO - Ruta de DOWNLOAD_FOLDER: C:\AutoReportV2\backend\temp
2025-05-12 10:09:42,755 - INFO - [31m[1mWARNING: This is a development server. Do not use it in a production deployment. Use a production WSGI server instead.[0m
 * Running on http://127.0.0.1:5000
2025-05-12 10:09:42,755 - INFO - [33mPress CTRL+C to quit[0m
2025-05-12 10:09:42,757 - INFO -  * Restarting with stat
2025-05-12 10:09:43,676 - INFO - Ruta de DOWNLOAD_FOLDER: C:\AutoReportV2\backend\temp
2025-05-12 10:09:43,689 - WARNING -  * Debugger is active!
2025-05-12 10:09:43,694 - INFO -  * Debugger PIN: 113-474-299
2025-05-12 10:11:25,652 - INFO - Ruta de DOWNLOAD_FOLDER: C:\AutoReportV2\backend\temp
2025-05-12 10:11:25,679 - INFO - [31m[1mWARNING: This is a development server. Do not use it in a production deployment. Use a production WSGI server instead.[0m
 * Running on http://127.0.0.1:5000
2025-05-12 10:11:25,679 - INFO - [33mPress CTRL+C to quit[0m
2025-05-12 10:11:25,681 - INFO -  * Restarting with stat
2025-05-12 10:11:26,615 - INFO - Ruta de DOWNLOAD_FOLDER: C:\AutoReportV2\backend\temp
2025-05-12 10:11:26,634 - WARNING -  * Debugger is active!
2025-05-12 10:11:26,647 - INFO -  * Debugger PIN: 113-474-299
2025-05-12 10:29:17,673 - INFO - Ruta de DOWNLOAD_FOLDER: C:\AutoReportV2\backend\temp
2025-05-12 10:29:17,779 - INFO - [31m[1mWARNING: This is a development server. Do not use it in a production deployment. Use a production WSGI server instead.[0m
 * Running on http://127.0.0.1:5000
2025-05-12 10:29:17,779 - INFO - [33mPress CTRL+C to quit[0m
2025-05-12 10:29:17,794 - INFO -  * Restarting with stat
2025-05-12 10:29:18,712 - INFO - Ruta de DOWNLOAD_FOLDER: C:\AutoReportV2\backend\temp
2025-05-12 10:29:18,724 - WARNING -  * Debugger is active!
2025-05-12 10:29:18,728 - INFO -  * Debugger PIN: 113-474-299
2025-05-12 10:31:58,590 - INFO -  * Detected change in 'C:\\AutoReportV2\\backend\\app\\routes.py', reloading
2025-05-12 10:31:58,702 - INFO -  * Restarting with stat
2025-05-12 10:31:59,810 - INFO - Ruta de DOWNLOAD_FOLDER: C:\AutoReportV2\backend\temp
2025-05-12 10:31:59,823 - WARNING -  * Debugger is active!
2025-05-12 10:31:59,828 - INFO -  * Debugger PIN: 113-474-299
2025-05-12 10:32:01,066 - INFO -  * Detected change in 'C:\\AutoReportV2\\backend\\app\\routes.py', reloading
2025-05-12 10:32:01,210 - INFO -  * Restarting with stat
2025-05-12 10:32:02,443 - INFO - Ruta de DOWNLOAD_FOLDER: C:\AutoReportV2\backend\temp
2025-05-12 10:32:02,461 - WARNING -  * Debugger is active!
2025-05-12 10:32:02,467 - INFO -  * Debugger PIN: 113-474-299
2025-05-12 10:34:04,895 - INFO -  * Detected change in 'C:\\AutoReportV2\\backend\\app\\routes.py', reloading
2025-05-12 10:34:05,051 - INFO -  * Restarting with stat
2025-05-12 10:34:06,258 - INFO - Ruta de DOWNLOAD_FOLDER: C:\AutoReportV2\backend\temp
2025-05-12 10:34:06,288 - WARNING -  * Debugger is active!
2025-05-12 10:34:06,293 - INFO -  * Debugger PIN: 113-474-299
2025-05-12 10:36:52,535 - INFO -  * Detected change in 'C:\\AutoReportV2\\backend\\app\\routes.py', reloading
2025-05-12 10:36:52,655 - INFO -  * Restarting with stat
2025-05-12 10:36:53,721 - INFO - Ruta de DOWNLOAD_FOLDER: C:\AutoReportV2\backend\temp
2025-05-12 10:36:53,744 - WARNING -  * Debugger is active!
2025-05-12 10:36:53,751 - INFO -  * Debugger PIN: 113-474-299
2025-05-12 10:39:15,784 - INFO -  * Detected change in 'C:\\AutoReportV2\\backend\\app\\routes.py', reloading
2025-05-12 10:39:15,890 - INFO -  * Restarting with stat
2025-05-12 10:39:16,830 - INFO - Ruta de DOWNLOAD_FOLDER: C:\AutoReportV2\backend\temp
2025-05-12 10:39:16,849 - WARNING -  * Debugger is active!
2025-05-12 10:39:16,852 - INFO -  * Debugger PIN: 113-474-299
2025-05-12 10:41:34,294 - INFO -  * Detected change in 'C:\\AutoReportV2\\backend\\app\\routes.py', reloading
2025-05-12 10:41:34,409 - INFO -  * Restarting with stat
2025-05-12 10:41:35,426 - INFO - Ruta de DOWNLOAD_FOLDER: C:\AutoReportV2\backend\temp
2025-05-12 10:41:35,439 - WARNING -  * Debugger is active!
2025-05-12 10:41:35,443 - INFO -  * Debugger PIN: 113-474-299
2025-05-12 10:41:50,585 - INFO -  * Detected change in 'C:\\AutoReportV2\\backend\\app\\routes.py', reloading
2025-05-12 10:41:50,698 - INFO -  * Restarting with stat
2025-05-12 10:41:51,757 - INFO - Ruta de DOWNLOAD_FOLDER: C:\AutoReportV2\backend\temp
2025-05-12 10:41:51,772 - WARNING -  * Debugger is active!
2025-05-12 10:41:51,776 - INFO -  * Debugger PIN: 113-474-299
2025-05-12 10:43:08,787 - INFO -  * Detected change in 'C:\\AutoReportV2\\backend\\app\\routes.py', reloading
2025-05-12 10:43:08,902 - INFO -  * Restarting with stat
2025-05-12 10:43:22,675 - INFO - Ruta de DOWNLOAD_FOLDER: C:\AutoReportV2\backend\temp
2025-05-12 10:43:22,770 - WARNING -  * Debugger is active!
2025-05-12 10:43:22,771 - INFO -  * Debugger PIN: 113-474-299
2025-05-12 10:43:24,098 - INFO -  * Detected change in 'C:\\AutoReportV2\\backend\\app\\routes.py', reloading
2025-05-12 10:43:24,199 - INFO -  * Restarting with stat
2025-05-12 10:43:25,232 - INFO - Ruta de DOWNLOAD_FOLDER: C:\AutoReportV2\backend\temp
2025-05-12 10:43:25,249 - WARNING -  * Debugger is active!
2025-05-12 10:43:25,253 - INFO -  * Debugger PIN: 113-474-299
2025-05-12 10:43:27,566 - INFO -  * Detected change in 'C:\\AutoReportV2\\backend\\app\\routes.py', reloading
2025-05-12 10:43:27,682 - INFO -  * Restarting with stat
2025-05-12 10:43:28,662 - INFO - Ruta de DOWNLOAD_FOLDER: C:\AutoReportV2\backend\temp
2025-05-12 10:43:28,664 - WARNING -  * Debugger is active!
2025-05-12 10:43:28,680 - INFO -  * Debugger PIN: 113-474-299
2025-05-12 10:43:34,136 - INFO -  * Detected change in 'C:\\AutoReportV2\\backend\\app\\routes.py', reloading
2025-05-12 10:43:34,264 - INFO -  * Restarting with stat
2025-05-12 10:43:35,478 - INFO - Ruta de DOWNLOAD_FOLDER: C:\AutoReportV2\backend\temp
2025-05-12 10:43:35,501 - WARNING -  * Debugger is active!
2025-05-12 10:43:35,510 - INFO -  * Debugger PIN: 113-474-299
2025-05-12 10:43:36,771 - INFO -  * Detected change in 'C:\\AutoReportV2\\backend\\app\\routes.py', reloading
2025-05-12 10:43:36,882 - INFO -  * Restarting with stat
2025-05-12 10:43:37,877 - INFO - Ruta de DOWNLOAD_FOLDER: C:\AutoReportV2\backend\temp
2025-05-12 10:43:37,897 - WARNING -  * Debugger is active!
2025-05-12 10:43:37,900 - INFO -  * Debugger PIN: 113-474-299
2025-05-12 10:43:39,112 - INFO -  * Detected change in 'C:\\AutoReportV2\\backend\\app\\routes.py', reloading
2025-05-12 10:43:39,236 - INFO -  * Restarting with stat
2025-05-12 10:43:40,332 - INFO - Ruta de DOWNLOAD_FOLDER: C:\AutoReportV2\backend\temp
2025-05-12 10:43:40,347 - WARNING -  * Debugger is active!
2025-05-12 10:43:40,347 - INFO -  * Debugger PIN: 113-474-299
2025-05-12 10:43:42,627 - INFO -  * Detected change in 'C:\\AutoReportV2\\backend\\app\\routes.py', reloading
2025-05-12 10:43:42,737 - INFO -  * Restarting with stat
2025-05-12 10:43:43,865 - INFO - Ruta de DOWNLOAD_FOLDER: C:\AutoReportV2\backend\temp
2025-05-12 10:43:43,880 - WARNING -  * Debugger is active!
2025-05-12 10:43:43,898 - INFO -  * Debugger PIN: 113-474-299
2025-05-12 10:43:46,161 - INFO -  * Detected change in 'C:\\AutoReportV2\\backend\\app\\routes.py', reloading
2025-05-12 10:43:46,272 - INFO -  * Restarting with stat
2025-05-12 10:43:47,446 - INFO - Ruta de DOWNLOAD_FOLDER: C:\AutoReportV2\backend\temp
2025-05-12 10:43:47,463 - WARNING -  * Debugger is active!
2025-05-12 10:43:47,474 - INFO -  * Debugger PIN: 113-474-299
2025-05-12 10:43:49,748 - INFO -  * Detected change in 'C:\\AutoReportV2\\backend\\app\\routes.py', reloading
2025-05-12 10:43:49,900 - INFO -  * Restarting with stat
2025-05-12 10:43:50,984 - INFO - Ruta de DOWNLOAD_FOLDER: C:\AutoReportV2\backend\temp
2025-05-12 10:43:50,999 - WARNING -  * Debugger is active!
2025-05-12 10:43:51,003 - INFO -  * Debugger PIN: 113-474-299
2025-05-12 10:44:03,979 - INFO -  * Detected change in 'C:\\AutoReportV2\\backend\\app\\routes.py', reloading
2025-05-12 10:44:04,096 - INFO -  * Restarting with stat
2025-05-12 10:44:05,077 - INFO - Ruta de DOWNLOAD_FOLDER: C:\AutoReportV2\backend\temp
2025-05-12 10:44:05,090 - WARNING -  * Debugger is active!
2025-05-12 10:44:05,095 - INFO -  * Debugger PIN: 113-474-299
2025-05-12 10:44:09,554 - INFO -  * Detected change in 'C:\\AutoReportV2\\backend\\app\\routes.py', reloading
2025-05-12 10:44:09,662 - INFO -  * Restarting with stat
2025-05-12 10:44:10,691 - INFO - Ruta de DOWNLOAD_FOLDER: C:\AutoReportV2\backend\temp
2025-05-12 10:44:10,704 - WARNING -  * Debugger is active!
2025-05-12 10:44:10,711 - INFO -  * Debugger PIN: 113-474-299
2025-05-12 10:44:13,025 - INFO -  * Detected change in 'C:\\AutoReportV2\\backend\\app\\routes.py', reloading
2025-05-12 10:44:13,126 - INFO -  * Restarting with stat
2025-05-12 10:44:14,140 - INFO - Ruta de DOWNLOAD_FOLDER: C:\AutoReportV2\backend\temp
2025-05-12 10:44:14,163 - WARNING -  * Debugger is active!
2025-05-12 10:44:14,167 - INFO -  * Debugger PIN: 113-474-299
2025-05-12 10:44:17,558 - INFO -  * Detected change in 'C:\\AutoReportV2\\backend\\app\\routes.py', reloading
2025-05-12 10:44:17,684 - INFO -  * Restarting with stat
2025-05-12 10:44:18,842 - INFO - Ruta de DOWNLOAD_FOLDER: C:\AutoReportV2\backend\temp
2025-05-12 10:44:18,858 - WARNING -  * Debugger is active!
2025-05-12 10:44:18,873 - INFO -  * Debugger PIN: 113-474-299
2025-05-12 10:44:22,258 - INFO -  * Detected change in 'C:\\AutoReportV2\\backend\\app\\routes.py', reloading
2025-05-12 10:44:22,402 - INFO -  * Restarting with stat
2025-05-12 10:44:23,478 - INFO - Ruta de DOWNLOAD_FOLDER: C:\AutoReportV2\backend\temp
2025-05-12 10:44:23,490 - WARNING -  * Debugger is active!
2025-05-12 10:44:23,496 - INFO -  * Debugger PIN: 113-474-299
2025-05-12 10:44:25,778 - INFO -  * Detected change in 'C:\\AutoReportV2\\backend\\app\\routes.py', reloading
2025-05-12 10:44:25,894 - INFO -  * Restarting with stat
2025-05-12 10:44:26,985 - INFO - Ruta de DOWNLOAD_FOLDER: C:\AutoReportV2\backend\temp
2025-05-12 10:44:26,998 - WARNING -  * Debugger is active!
2025-05-12 10:44:27,003 - INFO -  * Debugger PIN: 113-474-299
2025-05-12 10:44:37,989 - INFO -  * Detected change in 'C:\\AutoReportV2\\backend\\app\\routes.py', reloading
2025-05-12 10:44:38,112 - INFO -  * Restarting with stat
2025-05-12 10:44:39,019 - INFO - Ruta de DOWNLOAD_FOLDER: C:\AutoReportV2\backend\temp
2025-05-12 10:44:39,035 - WARNING -  * Debugger is active!
2025-05-12 10:44:39,049 - INFO -  * Debugger PIN: 113-474-299
2025-05-12 10:44:49,808 - INFO -  * Detected change in 'C:\\AutoReportV2\\backend\\app\\routes.py', reloading
2025-05-12 10:44:49,925 - INFO -  * Restarting with stat
2025-05-12 10:44:51,154 - INFO - Ruta de DOWNLOAD_FOLDER: C:\AutoReportV2\backend\temp
2025-05-12 10:44:51,174 - WARNING -  * Debugger is active!
2025-05-12 10:44:51,179 - INFO -  * Debugger PIN: 113-474-299
2025-05-12 10:44:53,470 - INFO -  * Detected change in 'C:\\AutoReportV2\\backend\\app\\routes.py', reloading
2025-05-12 10:44:53,587 - INFO -  * Restarting with stat
2025-05-12 10:44:54,808 - INFO - Ruta de DOWNLOAD_FOLDER: C:\AutoReportV2\backend\temp
2025-05-12 10:44:54,820 - WARNING -  * Debugger is active!
2025-05-12 10:44:54,832 - INFO -  * Debugger PIN: 113-474-299
2025-05-12 10:44:56,120 - INFO -  * Detected change in 'C:\\AutoReportV2\\backend\\app\\routes.py', reloading
2025-05-12 10:44:56,237 - INFO -  * Restarting with stat
2025-05-12 10:44:57,321 - INFO - Ruta de DOWNLOAD_FOLDER: C:\AutoReportV2\backend\temp
2025-05-12 10:44:57,342 - WARNING -  * Debugger is active!
2025-05-12 10:44:57,344 - INFO -  * Debugger PIN: 113-474-299
2025-05-12 10:44:59,619 - INFO -  * Detected change in 'C:\\AutoReportV2\\backend\\app\\routes.py', reloading
2025-05-12 10:44:59,719 - INFO -  * Restarting with stat
2025-05-12 10:45:00,728 - INFO - Ruta de DOWNLOAD_FOLDER: C:\AutoReportV2\backend\temp
2025-05-12 10:45:00,736 - WARNING -  * Debugger is active!
2025-05-12 10:45:00,747 - INFO -  * Debugger PIN: 113-474-299
2025-05-12 10:45:19,038 - INFO -  * Detected change in 'C:\\AutoReportV2\\backend\\app\\routes.py', reloading
2025-05-12 10:45:19,169 - INFO -  * Restarting with stat
2025-05-12 10:45:20,575 - INFO - Ruta de DOWNLOAD_FOLDER: C:\AutoReportV2\backend\temp
2025-05-12 10:45:20,603 - WARNING -  * Debugger is active!
2025-05-12 10:45:20,607 - INFO -  * Debugger PIN: 113-474-299
2025-05-12 10:45:21,981 - INFO -  * Detected change in 'C:\\AutoReportV2\\backend\\app\\routes.py', reloading
2025-05-12 10:45:22,151 - INFO -  * Restarting with stat
2025-05-12 10:45:23,690 - INFO - Ruta de DOWNLOAD_FOLDER: C:\AutoReportV2\backend\temp
2025-05-12 10:45:23,712 - WARNING -  * Debugger is active!
2025-05-12 10:45:23,720 - INFO -  * Debugger PIN: 113-474-299
2025-05-12 10:45:33,036 - INFO -  * Detected change in 'C:\\AutoReportV2\\backend\\app\\routes.py', reloading
2025-05-12 10:45:33,232 - INFO -  * Restarting with stat
2025-05-12 10:45:36,018 - INFO - Ruta de DOWNLOAD_FOLDER: C:\AutoReportV2\backend\temp
2025-05-12 10:45:36,063 - WARNING -  * Debugger is active!
2025-05-12 10:45:36,075 - INFO -  * Debugger PIN: 113-474-299
2025-05-12 10:45:47,830 - INFO -  * Detected change in 'C:\\AutoReportV2\\backend\\app\\routes.py', reloading
2025-05-12 10:45:47,963 - INFO -  * Restarting with stat
2025-05-12 10:45:49,096 - INFO - Ruta de DOWNLOAD_FOLDER: C:\AutoReportV2\backend\temp
2025-05-12 10:45:49,123 - WARNING -  * Debugger is active!
2025-05-12 10:45:49,127 - INFO -  * Debugger PIN: 113-474-299
2025-05-12 10:46:05,263 - INFO -  * Detected change in 'C:\\AutoReportV2\\backend\\app\\routes.py', reloading
2025-05-12 10:46:05,390 - INFO -  * Restarting with stat
2025-05-12 10:46:06,354 - INFO - Ruta de DOWNLOAD_FOLDER: C:\AutoReportV2\backend\temp
2025-05-12 10:46:06,379 - WARNING -  * Debugger is active!
2025-05-12 10:46:06,384 - INFO -  * Debugger PIN: 113-474-299
2025-05-12 10:46:14,010 - INFO -  * Detected change in 'C:\\AutoReportV2\\backend\\app\\routes.py', reloading
2025-05-12 10:46:14,120 - INFO -  * Restarting with stat
2025-05-12 10:46:15,145 - INFO - Ruta de DOWNLOAD_FOLDER: C:\AutoReportV2\backend\temp
2025-05-12 10:46:15,160 - WARNING -  * Debugger is active!
2025-05-12 10:46:15,164 - INFO -  * Debugger PIN: 113-474-299
2025-05-12 10:46:17,483 - INFO -  * Detected change in 'C:\\AutoReportV2\\backend\\app\\routes.py', reloading
2025-05-12 10:46:17,637 - INFO -  * Restarting with stat
2025-05-12 10:46:18,847 - INFO - Ruta de DOWNLOAD_FOLDER: C:\AutoReportV2\backend\temp
2025-05-12 10:46:18,861 - WARNING -  * Debugger is active!
2025-05-12 10:46:18,868 - INFO -  * Debugger PIN: 113-474-299
2025-05-12 10:46:27,752 - INFO -  * Detected change in 'C:\\AutoReportV2\\backend\\app\\routes.py', reloading
2025-05-12 10:46:27,870 - INFO -  * Restarting with stat
2025-05-12 10:46:29,097 - INFO - Ruta de DOWNLOAD_FOLDER: C:\AutoReportV2\backend\temp
2025-05-12 10:46:29,117 - WARNING -  * Debugger is active!
2025-05-12 10:46:29,123 - INFO -  * Debugger PIN: 113-474-299
2025-05-12 10:46:41,223 - INFO -  * Detected change in 'C:\\AutoReportV2\\backend\\app\\routes.py', reloading
2025-05-12 10:46:41,336 - INFO -  * Restarting with stat
2025-05-12 10:46:42,240 - INFO - Ruta de DOWNLOAD_FOLDER: C:\AutoReportV2\backend\temp
2025-05-12 10:46:42,255 - WARNING -  * Debugger is active!
2025-05-12 10:46:42,270 - INFO -  * Debugger PIN: 113-474-299
2025-05-12 10:46:52,015 - INFO -  * Detected change in 'C:\\AutoReportV2\\backend\\app\\routes.py', reloading
2025-05-12 10:46:52,128 - INFO -  * Restarting with stat
2025-05-12 10:46:53,271 - INFO - Ruta de DOWNLOAD_FOLDER: C:\AutoReportV2\backend\temp
2025-05-12 10:46:53,294 - WARNING -  * Debugger is active!
2025-05-12 10:46:53,294 - INFO -  * Debugger PIN: 113-474-299
2025-05-12 10:46:56,656 - INFO -  * Detected change in 'C:\\AutoReportV2\\backend\\app\\routes.py', reloading
2025-05-12 10:46:56,789 - INFO -  * Restarting with stat
2025-05-12 10:46:57,804 - INFO - Ruta de DOWNLOAD_FOLDER: C:\AutoReportV2\backend\temp
2025-05-12 10:46:57,826 - WARNING -  * Debugger is active!
2025-05-12 10:46:57,826 - INFO -  * Debugger PIN: 113-474-299
2025-05-12 10:47:12,045 - INFO -  * Detected change in 'C:\\AutoReportV2\\backend\\app\\routes.py', reloading
2025-05-12 10:47:12,175 - INFO -  * Restarting with stat
2025-05-12 10:47:13,140 - INFO - Ruta de DOWNLOAD_FOLDER: C:\AutoReportV2\backend\temp
2025-05-12 10:47:13,153 - WARNING -  * Debugger is active!
2025-05-12 10:47:13,157 - INFO -  * Debugger PIN: 113-474-299
2025-05-12 10:47:16,489 - INFO -  * Detected change in 'C:\\AutoReportV2\\backend\\app\\routes.py', reloading
2025-05-12 10:47:16,614 - INFO -  * Restarting with stat
2025-05-12 10:47:17,583 - INFO - Ruta de DOWNLOAD_FOLDER: C:\AutoReportV2\backend\temp
2025-05-12 10:47:17,597 - WARNING -  * Debugger is active!
2025-05-12 10:47:17,603 - INFO -  * Debugger PIN: 113-474-299
2025-05-12 10:47:24,198 - INFO -  * Detected change in 'C:\\AutoReportV2\\backend\\app\\routes.py', reloading
2025-05-12 10:47:24,309 - INFO -  * Restarting with stat
2025-05-12 10:47:25,523 - INFO - Ruta de DOWNLOAD_FOLDER: C:\AutoReportV2\backend\temp
2025-05-12 10:47:25,554 - WARNING -  * Debugger is active!
2025-05-12 10:47:25,576 - INFO -  * Debugger PIN: 113-474-299
2025-05-12 10:47:38,799 - INFO -  * Detected change in 'C:\\AutoReportV2\\backend\\app\\routes.py', reloading
2025-05-12 10:47:38,915 - INFO -  * Restarting with stat
2025-05-12 10:47:39,828 - INFO - Ruta de DOWNLOAD_FOLDER: C:\AutoReportV2\backend\temp
2025-05-12 10:47:39,844 - WARNING -  * Debugger is active!
2025-05-12 10:47:39,857 - INFO -  * Debugger PIN: 113-474-299
2025-05-12 10:47:54,348 - INFO -  * Detected change in 'C:\\AutoReportV2\\backend\\app\\routes.py', reloading
2025-05-12 10:47:54,518 - INFO -  * Restarting with stat
2025-05-12 10:47:55,631 - INFO - Ruta de DOWNLOAD_FOLDER: C:\AutoReportV2\backend\temp
2025-05-12 10:47:55,646 - WARNING -  * Debugger is active!
2025-05-12 10:47:55,658 - INFO -  * Debugger PIN: 113-474-299
2025-05-12 10:47:58,996 - INFO -  * Detected change in 'C:\\AutoReportV2\\backend\\app\\routes.py', reloading
2025-05-12 10:47:59,113 - INFO -  * Restarting with stat
2025-05-12 10:48:00,104 - INFO - Ruta de DOWNLOAD_FOLDER: C:\AutoReportV2\backend\temp
2025-05-12 10:48:00,120 - WARNING -  * Debugger is active!
2025-05-12 10:48:00,136 - INFO -  * Debugger PIN: 113-474-299
2025-05-12 10:48:09,834 - INFO -  * Detected change in 'C:\\AutoReportV2\\backend\\app\\routes.py', reloading
2025-05-12 10:48:09,962 - INFO -  * Restarting with stat
2025-05-12 10:48:10,977 - INFO - Ruta de DOWNLOAD_FOLDER: C:\AutoReportV2\backend\temp
2025-05-12 10:48:10,989 - WARNING -  * Debugger is active!
2025-05-12 10:48:10,996 - INFO -  * Debugger PIN: 113-474-299
2025-05-12 10:48:20,753 - INFO -  * Detected change in 'C:\\AutoReportV2\\backend\\app\\routes.py', reloading
2025-05-12 10:48:20,868 - INFO -  * Restarting with stat
2025-05-12 10:48:21,945 - INFO - Ruta de DOWNLOAD_FOLDER: C:\AutoReportV2\backend\temp
2025-05-12 10:48:21,957 - WARNING -  * Debugger is active!
2025-05-12 10:48:21,962 - INFO -  * Debugger PIN: 113-474-299
2025-05-12 10:48:32,731 - INFO -  * Detected change in 'C:\\AutoReportV2\\backend\\app\\routes.py', reloading
2025-05-12 10:48:32,845 - INFO -  * Restarting with stat
2025-05-12 10:48:33,892 - INFO - Ruta de DOWNLOAD_FOLDER: C:\AutoReportV2\backend\temp
2025-05-12 10:48:33,925 - WARNING -  * Debugger is active!
2025-05-12 10:48:33,926 - INFO -  * Debugger PIN: 113-474-299
2025-05-12 10:48:35,164 - INFO -  * Detected change in 'C:\\AutoReportV2\\backend\\app\\routes.py', reloading
2025-05-12 10:48:35,292 - INFO -  * Restarting with stat
2025-05-12 10:48:36,274 - INFO - Ruta de DOWNLOAD_FOLDER: C:\AutoReportV2\backend\temp
2025-05-12 10:48:36,291 - WARNING -  * Debugger is active!
2025-05-12 10:48:36,304 - INFO -  * Debugger PIN: 113-474-299
2025-05-12 10:48:40,776 - INFO -  * Detected change in 'C:\\AutoReportV2\\backend\\app\\routes.py', reloading
2025-05-12 10:48:40,912 - INFO -  * Restarting with stat
2025-05-12 10:48:42,107 - INFO - Ruta de DOWNLOAD_FOLDER: C:\AutoReportV2\backend\temp
2025-05-12 10:48:42,125 - WARNING -  * Debugger is active!
2025-05-12 10:48:42,138 - INFO -  * Debugger PIN: 113-474-299
2025-05-12 10:48:44,407 - INFO -  * Detected change in 'C:\\AutoReportV2\\backend\\app\\routes.py', reloading
2025-05-12 10:48:44,507 - INFO -  * Restarting with stat
2025-05-12 10:48:45,590 - INFO - Ruta de DOWNLOAD_FOLDER: C:\AutoReportV2\backend\temp
2025-05-12 10:48:45,608 - WARNING -  * Debugger is active!
2025-05-12 10:48:45,613 - INFO -  * Debugger PIN: 113-474-299
2025-05-12 10:48:47,907 - INFO -  * Detected change in 'C:\\AutoReportV2\\backend\\app\\routes.py', reloading
2025-05-12 10:48:48,024 - INFO -  * Restarting with stat
2025-05-12 10:48:49,195 - INFO - Ruta de DOWNLOAD_FOLDER: C:\AutoReportV2\backend\temp
2025-05-12 10:48:49,228 - WARNING -  * Debugger is active!
2025-05-12 10:48:49,233 - INFO -  * Debugger PIN: 113-474-299
2025-05-12 10:49:04,556 - INFO -  * Detected change in 'C:\\AutoReportV2\\backend\\app\\routes.py', reloading
2025-05-12 10:49:04,689 - INFO -  * Restarting with stat
2025-05-12 10:49:05,791 - INFO - Ruta de DOWNLOAD_FOLDER: C:\AutoReportV2\backend\temp
2025-05-12 10:49:05,812 - WARNING -  * Debugger is active!
2025-05-12 10:49:05,812 - INFO -  * Debugger PIN: 113-474-299
2025-05-12 10:49:12,413 - INFO -  * Detected change in 'C:\\AutoReportV2\\backend\\app\\routes.py', reloading
2025-05-12 10:49:12,542 - INFO -  * Restarting with stat
2025-05-12 10:49:13,655 - INFO - Ruta de DOWNLOAD_FOLDER: C:\AutoReportV2\backend\temp
2025-05-12 10:49:13,673 - WARNING -  * Debugger is active!
2025-05-12 10:49:13,687 - INFO -  * Debugger PIN: 113-474-299
2025-05-12 10:49:40,675 - INFO -  * Detected change in 'C:\\AutoReportV2\\backend\\app\\routes.py', reloading
2025-05-12 10:49:40,785 - INFO -  * Restarting with stat
2025-05-12 10:49:41,864 - INFO - Ruta de DOWNLOAD_FOLDER: C:\AutoReportV2\backend\temp
2025-05-12 10:49:41,890 - WARNING -  * Debugger is active!
2025-05-12 10:49:41,890 - INFO -  * Debugger PIN: 113-474-299
2025-05-12 10:49:44,199 - INFO -  * Detected change in 'C:\\AutoReportV2\\backend\\app\\routes.py', reloading
2025-05-12 10:49:44,316 - INFO -  * Restarting with stat
2025-05-12 10:49:45,379 - INFO - Ruta de DOWNLOAD_FOLDER: C:\AutoReportV2\backend\temp
2025-05-12 10:49:45,394 - WARNING -  * Debugger is active!
2025-05-12 10:49:45,399 - INFO -  * Debugger PIN: 113-474-299
2025-05-12 10:49:48,834 - INFO -  * Detected change in 'C:\\AutoReportV2\\backend\\app\\routes.py', reloading
2025-05-12 10:49:48,941 - INFO -  * Restarting with stat
2025-05-12 10:49:50,517 - INFO - Ruta de DOWNLOAD_FOLDER: C:\AutoReportV2\backend\temp
2025-05-12 10:49:50,543 - WARNING -  * Debugger is active!
2025-05-12 10:49:50,551 - INFO -  * Debugger PIN: 113-474-299
2025-05-12 10:49:50,750 - INFO -  * Detected change in 'C:\\AutoReportV2\\backend\\app\\routes.py', reloading
2025-05-12 10:49:50,931 - INFO -  * Restarting with stat
2025-05-12 10:49:52,700 - INFO - Ruta de DOWNLOAD_FOLDER: C:\AutoReportV2\backend\temp
2025-05-12 10:49:52,728 - WARNING -  * Debugger is active!
2025-05-12 10:49:52,738 - INFO -  * Debugger PIN: 113-474-299
2025-05-12 10:49:54,098 - INFO -  * Detected change in 'C:\\AutoReportV2\\backend\\app\\routes.py', reloading
2025-05-12 10:49:54,234 - INFO -  * Restarting with stat
2025-05-12 10:49:55,939 - INFO - Ruta de DOWNLOAD_FOLDER: C:\AutoReportV2\backend\temp
2025-05-12 10:49:55,972 - WARNING -  * Debugger is active!
2025-05-12 10:49:55,978 - INFO -  * Debugger PIN: 113-474-299
2025-05-12 10:50:08,563 - INFO -  * Detected change in 'C:\\AutoReportV2\\backend\\app\\routes.py', reloading
2025-05-12 10:50:08,680 - INFO -  * Restarting with stat
2025-05-12 10:50:09,702 - INFO - Ruta de DOWNLOAD_FOLDER: C:\AutoReportV2\backend\temp
2025-05-12 10:50:09,715 - WARNING -  * Debugger is active!
2025-05-12 10:50:09,719 - INFO -  * Debugger PIN: 113-474-299
2025-05-12 10:50:13,046 - INFO -  * Detected change in 'C:\\AutoReportV2\\backend\\app\\routes.py', reloading
2025-05-12 10:50:13,162 - INFO -  * Restarting with stat
2025-05-12 10:50:14,195 - INFO - Ruta de DOWNLOAD_FOLDER: C:\AutoReportV2\backend\temp
2025-05-12 10:50:14,219 - WARNING -  * Debugger is active!
2025-05-12 10:50:14,225 - INFO -  * Debugger PIN: 113-474-299
2025-05-12 10:50:15,451 - INFO -  * Detected change in 'C:\\AutoReportV2\\backend\\app\\routes.py', reloading
2025-05-12 10:50:15,561 - INFO -  * Restarting with stat
2025-05-12 10:50:16,678 - INFO - Ruta de DOWNLOAD_FOLDER: C:\AutoReportV2\backend\temp
2025-05-12 10:50:16,698 - WARNING -  * Debugger is active!
2025-05-12 10:50:16,712 - INFO -  * Debugger PIN: 113-474-299
2025-05-12 10:50:17,911 - INFO -  * Detected change in 'C:\\AutoReportV2\\backend\\app\\routes.py', reloading
2025-05-12 10:50:18,016 - INFO -  * Restarting with stat
2025-05-12 10:50:18,944 - INFO - Ruta de DOWNLOAD_FOLDER: C:\AutoReportV2\backend\temp
2025-05-12 10:50:18,966 - WARNING -  * Debugger is active!
2025-05-12 10:50:18,967 - INFO -  * Debugger PIN: 113-474-299
2025-05-12 10:50:20,199 - INFO -  * Detected change in 'C:\\AutoReportV2\\backend\\app\\routes.py', reloading
2025-05-12 10:50:20,314 - INFO -  * Restarting with stat
2025-05-12 10:50:21,405 - INFO - Ruta de DOWNLOAD_FOLDER: C:\AutoReportV2\backend\temp
2025-05-12 10:50:21,429 - WARNING -  * Debugger is active!
2025-05-12 10:50:21,441 - INFO -  * Debugger PIN: 113-474-299
2025-05-12 10:50:22,768 - INFO -  * Detected change in 'C:\\AutoReportV2\\backend\\app\\routes.py', reloading
2025-05-12 10:50:22,877 - INFO -  * Restarting with stat
2025-05-12 10:50:23,959 - INFO - Ruta de DOWNLOAD_FOLDER: C:\AutoReportV2\backend\temp
2025-05-12 10:50:23,975 - WARNING -  * Debugger is active!
2025-05-12 10:50:23,988 - INFO -  * Debugger PIN: 113-474-299
2025-05-12 10:50:26,322 - INFO -  * Detected change in 'C:\\AutoReportV2\\backend\\app\\routes.py', reloading
2025-05-12 10:50:26,432 - INFO -  * Restarting with stat
2025-05-12 10:50:27,610 - INFO - Ruta de DOWNLOAD_FOLDER: C:\AutoReportV2\backend\temp
2025-05-12 10:50:27,629 - WARNING -  * Debugger is active!
2025-05-12 10:50:27,632 - INFO -  * Debugger PIN: 113-474-299
2025-05-12 10:50:29,926 - INFO -  * Detected change in 'C:\\AutoReportV2\\backend\\app\\routes.py', reloading
2025-05-12 10:50:30,043 - INFO -  * Restarting with stat
2025-05-12 10:50:31,226 - INFO - Ruta de DOWNLOAD_FOLDER: C:\AutoReportV2\backend\temp
2025-05-12 10:50:31,243 - WARNING -  * Debugger is active!
2025-05-12 10:50:31,264 - INFO -  * Debugger PIN: 113-474-299
2025-05-12 10:50:32,565 - INFO -  * Detected change in 'C:\\AutoReportV2\\backend\\app\\routes.py', reloading
2025-05-12 10:50:32,693 - INFO -  * Restarting with stat
2025-05-12 10:50:34,009 - INFO - Ruta de DOWNLOAD_FOLDER: C:\AutoReportV2\backend\temp
2025-05-12 10:50:34,048 - WARNING -  * Debugger is active!
2025-05-12 10:50:34,054 - INFO -  * Debugger PIN: 113-474-299
2025-05-12 10:50:35,323 - INFO -  * Detected change in 'C:\\AutoReportV2\\backend\\app\\routes.py', reloading
2025-05-12 10:50:35,457 - INFO -  * Restarting with stat
2025-05-12 10:50:36,830 - INFO - Ruta de DOWNLOAD_FOLDER: C:\AutoReportV2\backend\temp
2025-05-12 10:50:36,849 - WARNING -  * Debugger is active!
2025-05-12 10:50:36,855 - INFO -  * Debugger PIN: 113-474-299
2025-05-12 10:50:53,974 - INFO -  * Detected change in 'C:\\AutoReportV2\\backend\\app\\routes.py', reloading
2025-05-12 10:50:54,090 - INFO -  * Restarting with stat
2025-05-12 10:50:55,044 - INFO - Ruta de DOWNLOAD_FOLDER: C:\AutoReportV2\backend\temp
2025-05-12 10:50:55,066 - WARNING -  * Debugger is active!
2025-05-12 10:50:55,071 - INFO -  * Debugger PIN: 113-474-299
2025-05-12 10:50:59,468 - INFO -  * Detected change in 'C:\\AutoReportV2\\backend\\app\\routes.py', reloading
2025-05-12 10:50:59,604 - INFO -  * Restarting with stat
2025-05-12 10:51:00,678 - INFO - Ruta de DOWNLOAD_FOLDER: C:\AutoReportV2\backend\temp
2025-05-12 10:51:00,698 - WARNING -  * Debugger is active!
2025-05-12 10:51:00,702 - INFO -  * Debugger PIN: 113-474-299
2025-05-12 10:51:04,048 - INFO -  * Detected change in 'C:\\AutoReportV2\\backend\\app\\routes.py', reloading
2025-05-12 10:51:04,227 - INFO -  * Restarting with stat
2025-05-12 10:51:05,277 - INFO - Ruta de DOWNLOAD_FOLDER: C:\AutoReportV2\backend\temp
2025-05-12 10:51:05,291 - WARNING -  * Debugger is active!
2025-05-12 10:51:05,295 - INFO -  * Debugger PIN: 113-474-299
2025-05-12 10:51:21,930 - INFO -  * Detected change in 'C:\\AutoReportV2\\backend\\app\\routes.py', reloading
2025-05-12 10:51:22,055 - INFO -  * Restarting with stat
2025-05-12 10:51:23,419 - INFO - Ruta de DOWNLOAD_FOLDER: C:\AutoReportV2\backend\temp
2025-05-12 10:51:23,450 - WARNING -  * Debugger is active!
2025-05-12 10:51:23,455 - INFO -  * Debugger PIN: 113-474-299
2025-05-12 10:51:31,235 - INFO -  * Detected change in 'C:\\AutoReportV2\\backend\\app\\routes.py', reloading
2025-05-12 10:51:31,362 - INFO -  * Restarting with stat
2025-05-12 10:51:32,470 - INFO - Ruta de DOWNLOAD_FOLDER: C:\AutoReportV2\backend\temp
2025-05-12 10:51:32,487 - WARNING -  * Debugger is active!
2025-05-12 10:51:32,489 - INFO -  * Debugger PIN: 113-474-299
2025-05-12 10:51:34,885 - INFO -  * Detected change in 'C:\\AutoReportV2\\backend\\app\\routes.py', reloading
2025-05-12 10:51:35,002 - INFO -  * Restarting with stat
2025-05-12 10:51:36,305 - INFO - Ruta de DOWNLOAD_FOLDER: C:\AutoReportV2\backend\temp
2025-05-12 10:51:36,324 - WARNING -  * Debugger is active!
2025-05-12 10:51:36,327 - INFO -  * Debugger PIN: 113-474-299
2025-05-12 10:51:38,675 - INFO -  * Detected change in 'C:\\AutoReportV2\\backend\\app\\routes.py', reloading
2025-05-12 10:51:38,796 - INFO -  * Restarting with stat
2025-05-12 10:51:40,552 - INFO - Ruta de DOWNLOAD_FOLDER: C:\AutoReportV2\backend\temp
2025-05-12 10:51:40,588 - WARNING -  * Debugger is active!
2025-05-12 10:51:40,592 - INFO -  * Debugger PIN: 113-474-299
2025-05-12 10:51:51,734 - INFO -  * Detected change in 'C:\\AutoReportV2\\backend\\app\\routes.py', reloading
2025-05-12 10:51:51,854 - INFO -  * Restarting with stat
2025-05-12 10:51:53,102 - INFO - Ruta de DOWNLOAD_FOLDER: C:\AutoReportV2\backend\temp
2025-05-12 10:51:53,117 - WARNING -  * Debugger is active!
2025-05-12 10:51:53,135 - INFO -  * Debugger PIN: 113-474-299
2025-05-12 10:52:17,777 - INFO -  * Detected change in 'C:\\AutoReportV2\\backend\\app\\routes.py', reloading
2025-05-12 10:52:17,907 - INFO -  * Restarting with stat
2025-05-12 10:52:18,855 - INFO - Ruta de DOWNLOAD_FOLDER: C:\AutoReportV2\backend\temp
2025-05-12 10:52:18,863 - WARNING -  * Debugger is active!
2025-05-12 10:52:18,877 - INFO -  * Debugger PIN: 113-474-299
2025-05-12 10:52:22,216 - INFO -  * Detected change in 'C:\\AutoReportV2\\backend\\app\\routes.py', reloading
2025-05-12 10:52:22,324 - INFO -  * Restarting with stat
2025-05-12 10:52:23,671 - INFO - Ruta de DOWNLOAD_FOLDER: C:\AutoReportV2\backend\temp
2025-05-12 10:52:23,686 - WARNING -  * Debugger is active!
2025-05-12 10:52:23,690 - INFO -  * Debugger PIN: 113-474-299
2025-05-12 10:52:28,127 - INFO -  * Detected change in 'C:\\AutoReportV2\\backend\\app\\routes.py', reloading
2025-05-12 10:52:28,245 - INFO -  * Restarting with stat
2025-05-12 10:52:29,353 - INFO - Ruta de DOWNLOAD_FOLDER: C:\AutoReportV2\backend\temp
2025-05-12 10:52:29,353 - WARNING -  * Debugger is active!
2025-05-12 10:52:29,370 - INFO -  * Debugger PIN: 113-474-299
2025-05-12 10:52:34,849 - INFO -  * Detected change in 'C:\\AutoReportV2\\backend\\app\\routes.py', reloading
2025-05-12 10:52:34,981 - INFO -  * Restarting with stat
2025-05-12 10:52:36,424 - INFO - Ruta de DOWNLOAD_FOLDER: C:\AutoReportV2\backend\temp
2025-05-12 10:52:36,436 - WARNING -  * Debugger is active!
2025-05-12 10:52:36,441 - INFO -  * Debugger PIN: 113-474-299
2025-05-12 10:52:46,385 - INFO -  * Detected change in 'C:\\AutoReportV2\\backend\\app\\routes.py', reloading
2025-05-12 10:52:46,508 - INFO -  * Restarting with stat
2025-05-12 10:52:47,594 - INFO - Ruta de DOWNLOAD_FOLDER: C:\AutoReportV2\backend\temp
2025-05-12 10:52:47,611 - WARNING -  * Debugger is active!
2025-05-12 10:52:47,614 - INFO -  * Debugger PIN: 113-474-299
2025-05-12 10:52:52,124 - INFO -  * Detected change in 'C:\\AutoReportV2\\backend\\app\\routes.py', reloading
2025-05-12 10:52:52,225 - INFO -  * Restarting with stat
2025-05-12 10:52:53,257 - INFO - Ruta de DOWNLOAD_FOLDER: C:\AutoReportV2\backend\temp
2025-05-12 10:52:53,278 - WARNING -  * Debugger is active!
2025-05-12 10:52:53,284 - INFO -  * Debugger PIN: 113-474-299
2025-05-12 10:52:54,484 - INFO -  * Detected change in 'C:\\AutoReportV2\\backend\\app\\routes.py', reloading
2025-05-12 10:52:54,592 - INFO -  * Restarting with stat
2025-05-12 10:52:55,857 - INFO - Ruta de DOWNLOAD_FOLDER: C:\AutoReportV2\backend\temp
2025-05-12 10:52:55,874 - WARNING -  * Debugger is active!
2025-05-12 10:52:55,889 - INFO -  * Debugger PIN: 113-474-299
2025-05-12 10:52:57,141 - INFO -  * Detected change in 'C:\\AutoReportV2\\backend\\app\\routes.py', reloading
2025-05-12 10:52:57,240 - INFO -  * Restarting with stat
2025-05-12 10:52:58,672 - INFO - Ruta de DOWNLOAD_FOLDER: C:\AutoReportV2\backend\temp
2025-05-12 10:52:58,695 - WARNING -  * Debugger is active!
2025-05-12 10:52:58,704 - INFO -  * Debugger PIN: 113-474-299
2025-05-12 10:53:17,304 - INFO -  * Detected change in 'C:\\AutoReportV2\\backend\\app\\routes.py', reloading
2025-05-12 10:53:17,404 - INFO -  * Restarting with stat
2025-05-12 10:53:18,457 - INFO - Ruta de DOWNLOAD_FOLDER: C:\AutoReportV2\backend\temp
2025-05-12 10:53:18,479 - WARNING -  * Debugger is active!
2025-05-12 10:53:18,481 - INFO -  * Debugger PIN: 113-474-299
2025-05-12 10:53:19,778 - INFO -  * Detected change in 'C:\\AutoReportV2\\backend\\app\\routes.py', reloading
2025-05-12 10:53:19,971 - INFO -  * Restarting with stat
2025-05-12 10:53:21,054 - INFO - Ruta de DOWNLOAD_FOLDER: C:\AutoReportV2\backend\temp
2025-05-12 10:53:21,071 - WARNING -  * Debugger is active!
2025-05-12 10:53:21,084 - INFO -  * Debugger PIN: 113-474-299
2025-05-12 10:53:24,404 - INFO -  * Detected change in 'C:\\AutoReportV2\\backend\\app\\routes.py', reloading
2025-05-12 10:53:24,519 - INFO -  * Restarting with stat
2025-05-12 10:53:25,720 - INFO - Ruta de DOWNLOAD_FOLDER: C:\AutoReportV2\backend\temp
2025-05-12 10:53:25,732 - WARNING -  * Debugger is active!
2025-05-12 10:53:25,740 - INFO -  * Debugger PIN: 113-474-299
2025-05-12 10:53:26,948 - INFO -  * Detected change in 'C:\\AutoReportV2\\backend\\app\\routes.py', reloading
2025-05-12 10:53:27,053 - INFO -  * Restarting with stat
2025-05-12 10:53:28,369 - INFO - Ruta de DOWNLOAD_FOLDER: C:\AutoReportV2\backend\temp
2025-05-12 10:53:28,390 - WARNING -  * Debugger is active!
2025-05-12 10:53:28,400 - INFO -  * Debugger PIN: 113-474-299
2025-05-12 10:53:31,838 - INFO -  * Detected change in 'C:\\AutoReportV2\\backend\\app\\routes.py', reloading
2025-05-12 10:53:31,950 - INFO -  * Restarting with stat
2025-05-12 10:53:33,393 - INFO - Ruta de DOWNLOAD_FOLDER: C:\AutoReportV2\backend\temp
2025-05-12 10:53:33,440 - WARNING -  * Debugger is active!
2025-05-12 10:53:33,466 - INFO -  * Debugger PIN: 113-474-299
2025-05-12 10:53:42,686 - INFO -  * Detected change in 'C:\\AutoReportV2\\backend\\app\\routes.py', reloading
2025-05-12 10:53:42,813 - INFO -  * Restarting with stat
2025-05-12 10:53:43,901 - INFO - Ruta de DOWNLOAD_FOLDER: C:\AutoReportV2\backend\temp
2025-05-12 10:53:43,917 - WARNING -  * Debugger is active!
2025-05-12 10:53:43,921 - INFO -  * Debugger PIN: 113-474-299
2025-05-12 10:53:48,318 - INFO -  * Detected change in 'C:\\AutoReportV2\\backend\\app\\routes.py', reloading
2025-05-12 10:53:48,427 - INFO -  * Restarting with stat
2025-05-12 10:53:49,462 - INFO - Ruta de DOWNLOAD_FOLDER: C:\AutoReportV2\backend\temp
2025-05-12 10:53:49,476 - WARNING -  * Debugger is active!
2025-05-12 10:53:49,480 - INFO -  * Debugger PIN: 113-474-299
2025-05-12 10:53:55,066 - INFO -  * Detected change in 'C:\\AutoReportV2\\backend\\app\\routes.py', reloading
2025-05-12 10:53:55,200 - INFO -  * Restarting with stat
2025-05-12 10:53:56,316 - INFO - Ruta de DOWNLOAD_FOLDER: C:\AutoReportV2\backend\temp
2025-05-12 10:53:56,349 - WARNING -  * Debugger is active!
2025-05-12 10:53:56,360 - INFO -  * Debugger PIN: 113-474-299
2025-05-12 10:53:58,667 - INFO -  * Detected change in 'C:\\AutoReportV2\\backend\\app\\routes.py', reloading
2025-05-12 10:53:58,784 - INFO -  * Restarting with stat
2025-05-12 10:53:59,866 - INFO - Ruta de DOWNLOAD_FOLDER: C:\AutoReportV2\backend\temp
2025-05-12 10:53:59,888 - WARNING -  * Debugger is active!
2025-05-12 10:53:59,897 - INFO -  * Debugger PIN: 113-474-299
2025-05-12 10:54:21,131 - INFO -  * Detected change in 'C:\\AutoReportV2\\backend\\app\\routes.py', reloading
2025-05-12 10:54:21,230 - INFO -  * Restarting with stat
2025-05-12 10:54:22,144 - INFO - Ruta de DOWNLOAD_FOLDER: C:\AutoReportV2\backend\temp
2025-05-12 10:54:22,160 - WARNING -  * Debugger is active!
2025-05-12 10:54:22,172 - INFO -  * Debugger PIN: 113-474-299
2025-05-12 10:54:26,595 - INFO -  * Detected change in 'C:\\AutoReportV2\\backend\\app\\routes.py', reloading
2025-05-12 10:54:26,700 - INFO -  * Restarting with stat
2025-05-12 10:54:27,779 - INFO - Ruta de DOWNLOAD_FOLDER: C:\AutoReportV2\backend\temp
2025-05-12 10:54:27,779 - WARNING -  * Debugger is active!
2025-05-12 10:54:27,799 - INFO -  * Debugger PIN: 113-474-299
2025-05-12 10:54:28,996 - INFO -  * Detected change in 'C:\\AutoReportV2\\backend\\app\\routes.py', reloading
2025-05-12 10:54:29,095 - INFO -  * Restarting with stat
2025-05-12 10:54:30,089 - INFO - Ruta de DOWNLOAD_FOLDER: C:\AutoReportV2\backend\temp
2025-05-12 10:54:30,095 - WARNING -  * Debugger is active!
2025-05-12 10:54:30,113 - INFO -  * Debugger PIN: 113-474-299
2025-05-12 10:54:31,387 - INFO -  * Detected change in 'C:\\AutoReportV2\\backend\\app\\routes.py', reloading
2025-05-12 10:54:31,494 - INFO -  * Restarting with stat
2025-05-12 10:54:32,557 - INFO - Ruta de DOWNLOAD_FOLDER: C:\AutoReportV2\backend\temp
2025-05-12 10:54:32,571 - WARNING -  * Debugger is active!
2025-05-12 10:54:32,578 - INFO -  * Debugger PIN: 113-474-299
2025-05-12 10:54:35,975 - INFO -  * Detected change in 'C:\\AutoReportV2\\backend\\app\\routes.py', reloading
2025-05-12 10:54:36,117 - INFO -  * Restarting with stat
2025-05-12 10:54:37,301 - INFO - Ruta de DOWNLOAD_FOLDER: C:\AutoReportV2\backend\temp
2025-05-12 10:54:37,317 - WARNING -  * Debugger is active!
2025-05-12 10:54:37,332 - INFO -  * Debugger PIN: 113-474-299
2025-05-12 10:54:49,626 - INFO -  * Detected change in 'C:\\AutoReportV2\\backend\\app\\routes.py', reloading
2025-05-12 10:54:49,743 - INFO -  * Restarting with stat
2025-05-12 10:54:50,742 - INFO - Ruta de DOWNLOAD_FOLDER: C:\AutoReportV2\backend\temp
2025-05-12 10:54:50,764 - WARNING -  * Debugger is active!
2025-05-12 10:54:50,768 - INFO -  * Debugger PIN: 113-474-299
2025-05-12 10:54:52,098 - INFO -  * Detected change in 'C:\\AutoReportV2\\backend\\app\\routes.py', reloading
2025-05-12 10:54:52,242 - INFO -  * Restarting with stat
2025-05-12 10:54:53,325 - INFO - Ruta de DOWNLOAD_FOLDER: C:\AutoReportV2\backend\temp
2025-05-12 10:54:53,347 - WARNING -  * Debugger is active!
2025-05-12 10:54:53,347 - INFO -  * Debugger PIN: 113-474-299
2025-05-12 10:54:55,592 - INFO -  * Detected change in 'C:\\AutoReportV2\\backend\\app\\routes.py', reloading
2025-05-12 10:54:55,703 - INFO -  * Restarting with stat
2025-05-12 10:54:56,918 - INFO - Ruta de DOWNLOAD_FOLDER: C:\AutoReportV2\backend\temp
2025-05-12 10:54:56,939 - WARNING -  * Debugger is active!
2025-05-12 10:54:56,945 - INFO -  * Debugger PIN: 113-474-299
2025-05-12 10:55:08,942 - INFO -  * Detected change in 'C:\\AutoReportV2\\backend\\app\\routes.py', reloading
2025-05-12 10:55:09,095 - INFO -  * Restarting with stat
2025-05-12 10:55:10,181 - INFO - Ruta de DOWNLOAD_FOLDER: C:\AutoReportV2\backend\temp
2025-05-12 10:55:10,196 - WARNING -  * Debugger is active!
2025-05-12 10:55:10,216 - INFO -  * Debugger PIN: 113-474-299
2025-05-12 10:55:20,047 - INFO -  * Detected change in 'C:\\AutoReportV2\\backend\\app\\routes.py', reloading
2025-05-12 10:55:20,153 - INFO -  * Restarting with stat
2025-05-12 10:55:21,393 - INFO - Ruta de DOWNLOAD_FOLDER: C:\AutoReportV2\backend\temp
2025-05-12 10:55:21,410 - WARNING -  * Debugger is active!
2025-05-12 10:55:21,415 - INFO -  * Debugger PIN: 113-474-299
2025-05-12 10:55:33,687 - INFO -  * Detected change in 'C:\\AutoReportV2\\backend\\app\\routes.py', reloading
2025-05-12 10:55:33,788 - INFO -  * Restarting with stat
2025-05-12 10:55:34,788 - INFO - Ruta de DOWNLOAD_FOLDER: C:\AutoReportV2\backend\temp
2025-05-12 10:55:34,807 - WARNING -  * Debugger is active!
2025-05-12 10:55:34,812 - INFO -  * Debugger PIN: 113-474-299
2025-05-12 10:55:40,309 - INFO -  * Detected change in 'C:\\AutoReportV2\\backend\\app\\routes.py', reloading
2025-05-12 10:55:40,436 - INFO -  * Restarting with stat
2025-05-12 10:55:41,486 - INFO - Ruta de DOWNLOAD_FOLDER: C:\AutoReportV2\backend\temp
2025-05-12 10:55:41,504 - WARNING -  * Debugger is active!
2025-05-12 10:55:41,508 - INFO -  * Debugger PIN: 113-474-299
2025-05-12 10:55:42,708 - INFO -  * Detected change in 'C:\\AutoReportV2\\backend\\app\\routes.py', reloading
2025-05-12 10:55:42,819 - INFO -  * Restarting with stat
2025-05-12 10:55:43,968 - INFO - Ruta de DOWNLOAD_FOLDER: C:\AutoReportV2\backend\temp
2025-05-12 10:55:43,987 - WARNING -  * Debugger is active!
2025-05-12 10:55:43,992 - INFO -  * Debugger PIN: 113-474-299
2025-05-12 10:55:46,253 - INFO -  * Detected change in 'C:\\AutoReportV2\\backend\\app\\routes.py', reloading
2025-05-12 10:55:46,355 - INFO -  * Restarting with stat
2025-05-12 10:55:47,235 - INFO - Ruta de DOWNLOAD_FOLDER: C:\AutoReportV2\backend\temp
2025-05-12 10:55:47,261 - WARNING -  * Debugger is active!
2025-05-12 10:55:47,267 - INFO -  * Debugger PIN: 113-474-299
2025-05-12 10:55:51,839 - INFO -  * Detected change in 'C:\\AutoReportV2\\backend\\app\\routes.py', reloading
2025-05-12 10:55:51,965 - INFO -  * Restarting with stat
2025-05-12 10:55:53,253 - INFO - Ruta de DOWNLOAD_FOLDER: C:\AutoReportV2\backend\temp
2025-05-12 10:55:53,277 - WARNING -  * Debugger is active!
2025-05-12 10:55:53,287 - INFO -  * Debugger PIN: 113-474-299
2025-05-12 10:56:04,283 - INFO -  * Detected change in 'C:\\AutoReportV2\\backend\\app\\routes.py', reloading
2025-05-12 10:56:04,418 - INFO -  * Restarting with stat
2025-05-12 10:56:05,382 - INFO - Ruta de DOWNLOAD_FOLDER: C:\AutoReportV2\backend\temp
2025-05-12 10:56:05,388 - WARNING -  * Debugger is active!
2025-05-12 10:56:05,399 - INFO -  * Debugger PIN: 113-474-299
2025-05-12 10:56:07,665 - INFO -  * Detected change in 'C:\\AutoReportV2\\backend\\app\\routes.py', reloading
2025-05-12 10:56:07,850 - INFO -  * Restarting with stat
2025-05-12 11:03:09,525 - INFO - Ruta de DOWNLOAD_FOLDER: C:\AutoReportV2\backend\temp
2025-05-12 11:03:09,577 - INFO - [31m[1mWARNING: This is a development server. Do not use it in a production deployment. Use a production WSGI server instead.[0m
 * Running on http://127.0.0.1:5000
2025-05-12 11:03:09,578 - INFO - [33mPress CTRL+C to quit[0m
2025-05-12 11:03:09,580 - INFO -  * Restarting with stat
2025-05-12 11:03:10,591 - INFO - Ruta de DOWNLOAD_FOLDER: C:\AutoReportV2\backend\temp
2025-05-12 11:03:10,591 - WARNING -  * Debugger is active!
2025-05-12 11:03:10,612 - INFO -  * Debugger PIN: 113-474-299
2025-05-12 11:04:50,390 - INFO - Ruta de DOWNLOAD_FOLDER: C:\AutoReportV2\backend\temp
2025-05-12 11:04:50,415 - INFO - [31m[1mWARNING: This is a development server. Do not use it in a production deployment. Use a production WSGI server instead.[0m
 * Running on http://127.0.0.1:5000
2025-05-12 11:04:50,415 - INFO - [33mPress CTRL+C to quit[0m
2025-05-12 11:04:50,431 - INFO -  * Restarting with stat
2025-05-12 11:04:51,293 - INFO - Ruta de DOWNLOAD_FOLDER: C:\AutoReportV2\backend\temp
2025-05-12 11:04:51,308 - WARNING -  * Debugger is active!
2025-05-12 11:04:51,321 - INFO -  * Debugger PIN: 113-474-299
2025-05-12 11:13:29,154 - INFO - Ruta de DOWNLOAD_FOLDER: C:\AutoReportV2\backend\temp
2025-05-12 11:13:29,252 - INFO - [31m[1mWARNING: This is a development server. Do not use it in a production deployment. Use a production WSGI server instead.[0m
 * Running on http://127.0.0.1:5000
2025-05-12 11:13:29,252 - INFO - [33mPress CTRL+C to quit[0m
2025-05-12 11:13:29,271 - INFO -  * Restarting with stat
2025-05-12 11:13:30,158 - INFO - Ruta de DOWNLOAD_FOLDER: C:\AutoReportV2\backend\temp
2025-05-12 11:13:30,176 - WARNING -  * Debugger is active!
2025-05-12 11:13:30,180 - INFO -  * Debugger PIN: 113-474-299
2025-05-12 11:29:37,587 - INFO - 127.0.0.1 - - [12/May/2025 11:29:37] "[35m[1mPOST /run-process HTTP/1.1[0m" 500 -
2025-05-12 11:54:06,875 - INFO -  * Detected change in 'C:\\AutoReportV2\\backend\\app\\routes.py', reloading
2025-05-12 11:54:07,022 - INFO -  * Restarting with stat
2025-05-12 11:54:20,754 - INFO - Ruta de DOWNLOAD_FOLDER: C:\AutoReportV2\backend\temp
2025-05-12 11:54:20,840 - WARNING -  * Debugger is active!
2025-05-12 11:54:20,850 - INFO -  * Debugger PIN: 113-474-299
2025-05-12 11:59:20,965 - INFO -  * Detected change in 'C:\\AutoReportV2\\backend\\app\\routes.py', reloading
2025-05-12 11:59:21,079 - INFO -  * Restarting with stat
2025-05-12 11:59:34,622 - INFO - Ruta de DOWNLOAD_FOLDER: C:\AutoReportV2\backend\temp
2025-05-12 11:59:34,700 - WARNING -  * Debugger is active!
2025-05-12 11:59:34,704 - INFO -  * Debugger PIN: 113-474-299
2025-05-12 11:59:46,600 - INFO -  * Detected change in 'C:\\AutoReportV2\\backend\\app\\routes.py', reloading
2025-05-12 11:59:46,755 - INFO -  * Restarting with stat
2025-05-12 11:59:47,930 - INFO - Ruta de DOWNLOAD_FOLDER: C:\AutoReportV2\backend\temp
2025-05-12 11:59:47,943 - WARNING -  * Debugger is active!
2025-05-12 11:59:47,946 - INFO -  * Debugger PIN: 113-474-299
2025-05-12 11:59:48,059 - INFO -  * Detected change in 'C:\\AutoReportV2\\backend\\app\\routes.py', reloading
2025-05-12 11:59:48,182 - INFO -  * Restarting with stat
2025-05-12 11:59:49,205 - INFO - Ruta de DOWNLOAD_FOLDER: C:\AutoReportV2\backend\temp
2025-05-12 11:59:49,217 - WARNING -  * Debugger is active!
2025-05-12 11:59:49,222 - INFO -  * Debugger PIN: 113-474-299
2025-05-12 12:01:11,362 - INFO -  * Detected change in 'C:\\AutoReportV2\\backend\\app\\routes.py', reloading
2025-05-12 12:01:11,507 - INFO -  * Restarting with stat
2025-05-12 12:01:12,743 - INFO - Ruta de DOWNLOAD_FOLDER: C:\AutoReportV2\backend\temp
2025-05-12 12:01:12,754 - WARNING -  * Debugger is active!
2025-05-12 12:01:12,760 - INFO -  * Debugger PIN: 113-474-299
2025-05-12 12:01:21,490 - INFO -  * Detected change in 'C:\\AutoReportV2\\backend\\app\\routes.py', reloading
2025-05-12 12:01:21,616 - INFO -  * Restarting with stat
2025-05-12 12:01:22,710 - INFO - Ruta de DOWNLOAD_FOLDER: C:\AutoReportV2\backend\temp
2025-05-12 12:01:22,724 - WARNING -  * Debugger is active!
2025-05-12 12:01:22,728 - INFO -  * Debugger PIN: 113-474-299
2025-05-12 12:01:28,195 - INFO -  * Detected change in 'C:\\AutoReportV2\\backend\\app\\routes.py', reloading
2025-05-12 12:01:28,327 - INFO -  * Restarting with stat
2025-05-12 12:01:29,401 - INFO - Ruta de DOWNLOAD_FOLDER: C:\AutoReportV2\backend\temp
2025-05-12 12:01:29,415 - WARNING -  * Debugger is active!
2025-05-12 12:01:29,418 - INFO -  * Debugger PIN: 113-474-299
2025-05-12 12:01:29,559 - INFO -  * Detected change in 'C:\\AutoReportV2\\backend\\app\\routes.py', reloading
2025-05-12 12:01:29,666 - INFO -  * Restarting with stat
2025-05-12 12:01:30,646 - INFO - Ruta de DOWNLOAD_FOLDER: C:\AutoReportV2\backend\temp
2025-05-12 12:01:30,659 - WARNING -  * Debugger is active!
2025-05-12 12:01:30,663 - INFO -  * Debugger PIN: 113-474-299
2025-05-12 12:02:17,767 - INFO -  * Detected change in 'C:\\AutoReportV2\\backend\\app\\routes.py', reloading
2025-05-12 12:02:17,909 - INFO -  * Restarting with stat
2025-05-12 12:02:18,950 - INFO - Ruta de DOWNLOAD_FOLDER: C:\AutoReportV2\backend\temp
2025-05-12 12:02:18,963 - WARNING -  * Debugger is active!
2025-05-12 12:02:18,969 - INFO -  * Debugger PIN: 113-474-299
2025-05-12 12:02:22,307 - INFO -  * Detected change in 'C:\\AutoReportV2\\backend\\app\\routes.py', reloading
2025-05-12 12:02:22,414 - INFO -  * Restarting with stat
2025-05-12 12:02:23,455 - INFO - Ruta de DOWNLOAD_FOLDER: C:\AutoReportV2\backend\temp
2025-05-12 12:02:23,469 - WARNING -  * Debugger is active!
2025-05-12 12:02:23,474 - INFO -  * Debugger PIN: 113-474-299
2025-05-12 12:02:25,810 - INFO -  * Detected change in 'C:\\AutoReportV2\\backend\\app\\routes.py', reloading
2025-05-12 12:02:25,918 - INFO -  * Restarting with stat
2025-05-12 12:13:10,854 - INFO - Ruta de DOWNLOAD_FOLDER: C:\AutoReportV2\backend\temp
2025-05-12 12:13:10,901 - INFO - [31m[1mWARNING: This is a development server. Do not use it in a production deployment. Use a production WSGI server instead.[0m
 * Running on http://127.0.0.1:5000
2025-05-12 12:13:10,901 - INFO - [33mPress CTRL+C to quit[0m
2025-05-12 12:13:10,901 - INFO -  * Restarting with stat
2025-05-12 12:13:11,877 - INFO - Ruta de DOWNLOAD_FOLDER: C:\AutoReportV2\backend\temp
2025-05-12 12:13:11,889 - WARNING -  * Debugger is active!
2025-05-12 12:13:11,899 - INFO -  * Debugger PIN: 113-474-299
2025-05-12 12:13:47,465 - INFO - Ruta de DOWNLOAD_FOLDER: C:\AutoReportV2\backend\temp
2025-05-12 12:13:47,576 - INFO - [31m[1mWARNING: This is a development server. Do not use it in a production deployment. Use a production WSGI server instead.[0m
 * Running on http://127.0.0.1:5000
2025-05-12 12:13:47,576 - INFO - [33mPress CTRL+C to quit[0m
2025-05-12 12:13:47,609 - INFO -  * Restarting with stat
2025-05-12 12:13:48,514 - INFO - Ruta de DOWNLOAD_FOLDER: C:\AutoReportV2\backend\temp
2025-05-12 12:13:48,525 - WARNING -  * Debugger is active!
2025-05-12 12:13:48,532 - INFO -  * Debugger PIN: 113-474-299
2025-05-12 12:24:49,073 - INFO - 127.0.0.1 - - [12/May/2025 12:24:49] "POST /run-process HTTP/1.1" 200 -
2025-05-12 12:48:35,659 - INFO - Ruta de DOWNLOAD_FOLDER: C:\AutoReportV2\backend\temp
2025-05-12 12:48:35,767 - INFO - [31m[1mWARNING: This is a development server. Do not use it in a production deployment. Use a production WSGI server instead.[0m
 * Running on http://127.0.0.1:5000
2025-05-12 12:48:35,767 - INFO - [33mPress CTRL+C to quit[0m
2025-05-12 12:48:35,767 - INFO -  * Restarting with stat
2025-05-12 12:48:36,701 - INFO - Ruta de DOWNLOAD_FOLDER: C:\AutoReportV2\backend\temp
2025-05-12 12:48:36,701 - WARNING -  * Debugger is active!
2025-05-12 12:48:36,719 - INFO -  * Debugger PIN: 113-474-299
2025-05-12 12:49:57,789 - INFO -  * Detected change in 'C:\\AutoReportV2\\backend\\app\\routes.py', reloading
2025-05-12 12:49:57,893 - INFO -  * Restarting with stat
2025-05-12 12:49:58,860 - INFO - Ruta de DOWNLOAD_FOLDER: C:\AutoReportV2\backend\temp
2025-05-12 12:49:58,880 - WARNING -  * Debugger is active!
2025-05-12 12:49:58,885 - INFO -  * Debugger PIN: 113-474-299
2025-05-12 12:50:09,640 - INFO -  * Detected change in 'C:\\AutoReportV2\\backend\\app\\routes.py', reloading
2025-05-12 12:50:09,738 - INFO -  * Restarting with stat
2025-05-12 12:50:10,821 - INFO - Ruta de DOWNLOAD_FOLDER: C:\AutoReportV2\backend\temp
2025-05-12 12:50:10,840 - WARNING -  * Debugger is active!
2025-05-12 12:50:10,847 - INFO -  * Debugger PIN: 113-474-299
2025-05-12 12:50:12,043 - INFO -  * Detected change in 'C:\\AutoReportV2\\backend\\app\\routes.py', reloading
2025-05-12 12:50:12,154 - INFO -  * Restarting with stat
2025-05-12 12:50:13,131 - INFO - Ruta de DOWNLOAD_FOLDER: C:\AutoReportV2\backend\temp
2025-05-12 12:50:13,147 - WARNING -  * Debugger is active!
2025-05-12 12:50:13,163 - INFO -  * Debugger PIN: 113-474-299
2025-05-12 13:04:16,498 - INFO - Ruta de DOWNLOAD_FOLDER: C:\AutoReportV2\backend\temp
2025-05-12 13:04:16,615 - INFO - [31m[1mWARNING: This is a development server. Do not use it in a production deployment. Use a production WSGI server instead.[0m
 * Running on http://127.0.0.1:5000
2025-05-12 13:04:16,615 - INFO - [33mPress CTRL+C to quit[0m
2025-05-12 13:04:16,633 - INFO -  * Restarting with stat
2025-05-12 13:04:17,599 - INFO - Ruta de DOWNLOAD_FOLDER: C:\AutoReportV2\backend\temp
2025-05-12 13:04:17,614 - WARNING -  * Debugger is active!
2025-05-12 13:04:17,625 - INFO -  * Debugger PIN: 113-474-299
2025-05-12 13:25:35,115 - INFO -  * Detected change in 'C:\\AutoReportV2\\backend\\app\\routes.py', reloading
2025-05-12 13:25:35,231 - INFO -  * Restarting with stat
2025-05-12 13:25:48,759 - INFO - Ruta de DOWNLOAD_FOLDER: C:\AutoReportV2\backend\temp
2025-05-12 13:25:48,854 - WARNING -  * Debugger is active!
2025-05-12 13:25:48,859 - INFO -  * Debugger PIN: 113-474-299
2025-05-12 13:25:58,645 - INFO -  * Detected change in 'C:\\AutoReportV2\\backend\\app\\routes.py', reloading
2025-05-12 13:25:58,775 - INFO -  * Restarting with stat
2025-05-12 13:25:59,794 - INFO - Ruta de DOWNLOAD_FOLDER: C:\AutoReportV2\backend\temp
2025-05-12 13:25:59,816 - WARNING -  * Debugger is active!
2025-05-12 13:25:59,816 - INFO -  * Debugger PIN: 113-474-299
2025-05-12 13:26:02,078 - INFO -  * Detected change in 'C:\\AutoReportV2\\backend\\app\\routes.py', reloading
2025-05-12 13:26:02,253 - INFO -  * Restarting with stat
2025-05-12 13:26:03,494 - INFO - Ruta de DOWNLOAD_FOLDER: C:\AutoReportV2\backend\temp
2025-05-12 13:26:03,522 - WARNING -  * Debugger is active!
2025-05-12 13:26:03,528 - INFO -  * Debugger PIN: 113-474-299
2025-05-12 13:26:05,824 - INFO -  * Detected change in 'C:\\AutoReportV2\\backend\\app\\routes.py', reloading
2025-05-12 13:26:05,951 - INFO -  * Restarting with stat
2025-05-12 13:26:06,960 - INFO - Ruta de DOWNLOAD_FOLDER: C:\AutoReportV2\backend\temp
2025-05-12 13:26:06,960 - WARNING -  * Debugger is active!
2025-05-12 13:26:06,979 - INFO -  * Debugger PIN: 113-474-299
2025-05-12 13:26:08,199 - INFO -  * Detected change in 'C:\\AutoReportV2\\backend\\app\\routes.py', reloading
2025-05-12 13:26:08,315 - INFO -  * Restarting with stat
2025-05-12 13:26:09,325 - INFO - Ruta de DOWNLOAD_FOLDER: C:\AutoReportV2\backend\temp
2025-05-12 13:26:09,338 - WARNING -  * Debugger is active!
2025-05-12 13:26:09,343 - INFO -  * Debugger PIN: 113-474-299
2025-05-12 13:26:13,726 - INFO -  * Detected change in 'C:\\AutoReportV2\\backend\\app\\routes.py', reloading
2025-05-12 13:26:13,827 - INFO -  * Restarting with stat
2025-05-12 13:26:14,814 - INFO - Ruta de DOWNLOAD_FOLDER: C:\AutoReportV2\backend\temp
2025-05-12 13:26:14,836 - WARNING -  * Debugger is active!
2025-05-12 13:26:14,836 - INFO -  * Debugger PIN: 113-474-299
2025-05-12 13:26:23,543 - INFO -  * Detected change in 'C:\\AutoReportV2\\backend\\app\\routes.py', reloading
2025-05-12 13:26:23,658 - INFO -  * Restarting with stat
2025-05-12 13:26:24,672 - INFO - Ruta de DOWNLOAD_FOLDER: C:\AutoReportV2\backend\temp
2025-05-12 13:26:24,677 - WARNING -  * Debugger is active!
2025-05-12 13:26:24,687 - INFO -  * Debugger PIN: 113-474-299
2025-05-12 13:26:25,878 - INFO -  * Detected change in 'C:\\AutoReportV2\\backend\\app\\routes.py', reloading
2025-05-12 13:26:26,011 - INFO -  * Restarting with stat
2025-05-12 13:26:27,093 - INFO - Ruta de DOWNLOAD_FOLDER: C:\AutoReportV2\backend\temp
2025-05-12 13:26:27,105 - WARNING -  * Debugger is active!
2025-05-12 13:26:27,110 - INFO -  * Debugger PIN: 113-474-299
2025-05-13 08:39:09,450 - INFO - Ruta de DOWNLOAD_FOLDER: C:\AutoReportV2\backend\temp
2025-05-13 08:39:09,563 - INFO - [31m[1mWARNING: This is a development server. Do not use it in a production deployment. Use a production WSGI server instead.[0m
 * Running on http://127.0.0.1:5000
2025-05-13 08:39:09,564 - INFO - [33mPress CTRL+C to quit[0m
2025-05-13 08:39:09,573 - INFO -  * Restarting with stat
2025-05-13 08:39:10,512 - INFO - Ruta de DOWNLOAD_FOLDER: C:\AutoReportV2\backend\temp
2025-05-13 08:39:10,525 - WARNING -  * Debugger is active!
2025-05-13 08:39:10,539 - INFO -  * Debugger PIN: 113-474-299
2025-05-13 09:11:20,067 - INFO - Ruta de DOWNLOAD_FOLDER: C:\AutoReportV2\backend\temp
2025-05-13 09:11:20,301 - INFO - [31m[1mWARNING: This is a development server. Do not use it in a production deployment. Use a production WSGI server instead.[0m
 * Running on http://127.0.0.1:5000
2025-05-13 09:11:20,301 - INFO - [33mPress CTRL+C to quit[0m
2025-05-13 09:11:20,301 - INFO -  * Restarting with stat
2025-05-13 09:11:21,352 - INFO - Ruta de DOWNLOAD_FOLDER: C:\AutoReportV2\backend\temp
2025-05-13 09:11:21,352 - WARNING -  * Debugger is active!
2025-05-13 09:11:21,370 - INFO -  * Debugger PIN: 259-138-747
2025-05-13 09:17:46,420 - ERROR - Error al procesar el archivo descargado: No se encontró ningún archivo .xlsx
Traceback (most recent call last):
  File "C:\AutoReportV2\backend\app\routes.py", line 340, in run_process
    archivo_descargado = get_latest_file(DOWNLOAD_FOLDER)
                         ^^^^^^^^^^^^^^^^^^^^^^^^^^^^^^^^
  File "C:\AutoReportV2\backend\app\routes.py", line 337, in get_latest_file
    raise FileNotFoundError("No se encontró ningún archivo .xlsx")
FileNotFoundError: No se encontró ningún archivo .xlsx
2025-05-13 09:17:46,437 - INFO - 127.0.0.1 - - [13/May/2025 09:17:46] "[35m[1mPOST /run-process HTTP/1.1[0m" 500 -
2025-05-13 09:19:33,980 - INFO -  * Detected change in 'C:\\AutoReportV2\\backend\\app\\routes.py', reloading
2025-05-13 09:19:34,127 - INFO -  * Restarting with stat
2025-05-13 09:19:37,864 - INFO - Ruta de DOWNLOAD_FOLDER: C:\AutoReportV2\backend\temp
2025-05-13 09:19:37,884 - WARNING -  * Debugger is active!
2025-05-13 09:19:37,886 - INFO -  * Debugger PIN: 259-138-747
2025-05-13 09:19:39,931 - INFO -  * Detected change in 'C:\\AutoReportV2\\backend\\app\\routes.py', reloading
2025-05-13 09:19:40,093 - INFO -  * Restarting with stat
2025-05-13 09:19:41,211 - INFO - Ruta de DOWNLOAD_FOLDER: C:\AutoReportV2\backend\temp
2025-05-13 09:19:41,225 - WARNING -  * Debugger is active!
2025-05-13 09:19:41,227 - INFO -  * Debugger PIN: 259-138-747
2025-05-13 09:39:59,666 - INFO - 127.0.0.1 - - [13/May/2025 09:39:59] "[35m[1mPOST /run-process HTTP/1.1[0m" 500 -
2025-05-13 10:52:37,966 - INFO -  * Detected change in 'C:\\AutoReportV2\\backend\\app\\routes.py', reloading
2025-05-13 10:52:38,185 - INFO -  * Restarting with stat
2025-05-13 10:52:42,168 - INFO - Ruta de DOWNLOAD_FOLDER: C:\AutoReportV2\backend\temp
2025-05-13 10:52:42,200 - WARNING -  * Debugger is active!
2025-05-13 10:52:42,207 - INFO -  * Debugger PIN: 259-138-747
2025-05-13 10:53:08,361 - INFO -  * Detected change in 'C:\\AutoReportV2\\backend\\app\\routes.py', reloading
2025-05-13 10:53:08,485 - INFO -  * Restarting with stat
2025-05-13 10:53:09,711 - INFO - Ruta de DOWNLOAD_FOLDER: C:\AutoReportV2\backend\temp
2025-05-13 10:53:09,729 - WARNING -  * Debugger is active!
2025-05-13 10:53:09,732 - INFO -  * Debugger PIN: 259-138-747
2025-05-13 10:56:27,878 - INFO -  * Detected change in 'C:\\AutoReportV2\\backend\\app\\routes.py', reloading
2025-05-13 10:56:28,003 - INFO -  * Restarting with stat
2025-05-13 11:02:31,350 - INFO - Ruta de DOWNLOAD_FOLDER: C:\AutoReportV2\backend\temp
2025-05-13 11:02:31,387 - INFO - [31m[1mWARNING: This is a development server. Do not use it in a production deployment. Use a production WSGI server instead.[0m
 * Running on http://127.0.0.1:5000
2025-05-13 11:02:31,387 - INFO - [33mPress CTRL+C to quit[0m
2025-05-13 11:02:31,387 - INFO -  * Restarting with stat
2025-05-13 11:02:32,453 - INFO - Ruta de DOWNLOAD_FOLDER: C:\AutoReportV2\backend\temp
2025-05-13 11:02:32,470 - WARNING -  * Debugger is active!
2025-05-13 11:02:32,472 - INFO -  * Debugger PIN: 259-138-747
2025-05-13 11:11:43,794 - INFO -  * Detected change in 'C:\\AutoReportV2\\backend\\app\\routes.py', reloading
2025-05-13 11:11:43,926 - INFO -  * Restarting with stat
2025-05-13 11:11:45,136 - INFO - Ruta de DOWNLOAD_FOLDER: C:\AutoReportV2\backend\temp
2025-05-13 11:11:45,153 - WARNING -  * Debugger is active!
2025-05-13 11:11:45,155 - INFO -  * Debugger PIN: 259-138-747
2025-05-13 11:12:15,351 - INFO -  * Detected change in 'C:\\AutoReportV2\\backend\\app\\routes.py', reloading
2025-05-13 11:12:15,514 - INFO -  * Restarting with stat
2025-05-13 11:15:14,425 - INFO - Ruta de DOWNLOAD_FOLDER: C:\AutoReportV2\backend\temp
2025-05-13 11:15:14,483 - INFO - [31m[1mWARNING: This is a development server. Do not use it in a production deployment. Use a production WSGI server instead.[0m
 * Running on http://127.0.0.1:5000
2025-05-13 11:15:14,483 - INFO - [33mPress CTRL+C to quit[0m
2025-05-13 11:15:14,485 - INFO -  * Restarting with stat
2025-05-13 11:15:16,039 - INFO - Ruta de DOWNLOAD_FOLDER: C:\AutoReportV2\backend\temp
2025-05-13 11:15:16,061 - WARNING -  * Debugger is active!
2025-05-13 11:15:16,063 - INFO -  * Debugger PIN: 259-138-747
2025-05-13 11:25:23,642 - INFO - 127.0.0.1 - - [13/May/2025 11:25:23] "POST /run-process HTTP/1.1" 200 -
2025-05-15 13:50:38,679 - INFO -  * Detected change in 'C:\\AutoReportV2\\backend\\app\\routes.py', reloading
2025-05-15 13:50:59,690 - INFO -  * Restarting with stat
2025-05-15 13:51:04,477 - INFO - Ruta de DOWNLOAD_FOLDER: C:\AutoReportV2\backend\temp
2025-05-15 13:51:04,530 - WARNING -  * Debugger is active!
2025-05-15 13:51:04,533 - INFO -  * Debugger PIN: 259-138-747
2025-05-15 14:14:29,712 - INFO -  * Detected change in 'C:\\AutoReportV2\\backend\\app\\utils\\forecast_processor.py', reloading
2025-05-15 14:14:29,870 - INFO -  * Restarting with stat
2025-05-15 14:14:34,024 - INFO - Ruta de DOWNLOAD_FOLDER: C:\AutoReportV2\backend\temp
2025-05-15 14:14:34,052 - WARNING -  * Debugger is active!
2025-05-15 14:14:34,055 - INFO -  * Debugger PIN: 259-138-747
2025-05-15 14:16:38,075 - INFO -  * Detected change in 'C:\\AutoReportV2\\backend\\app\\utils\\forecast_processor.py', reloading
2025-05-15 14:16:38,242 - INFO -  * Restarting with stat
2025-05-15 14:16:40,523 - INFO - Ruta de DOWNLOAD_FOLDER: C:\AutoReportV2\backend\temp
2025-05-15 14:16:40,557 - WARNING -  * Debugger is active!
2025-05-15 14:16:40,564 - INFO -  * Debugger PIN: 259-138-747
2025-05-15 14:16:42,593 - INFO -  * Detected change in 'C:\\AutoReportV2\\backend\\app\\utils\\forecast_processor.py', reloading
2025-05-15 14:16:42,822 - INFO -  * Restarting with stat
2025-05-15 14:16:44,672 - INFO - Ruta de DOWNLOAD_FOLDER: C:\AutoReportV2\backend\temp
2025-05-15 14:16:44,712 - WARNING -  * Debugger is active!
2025-05-15 14:16:44,721 - INFO -  * Debugger PIN: 259-138-747
2025-05-15 14:16:45,756 - INFO -  * Detected change in 'C:\\AutoReportV2\\backend\\app\\utils\\forecast_processor.py', reloading
2025-05-15 14:16:45,903 - INFO -  * Restarting with stat
2025-05-15 14:16:47,623 - INFO - Ruta de DOWNLOAD_FOLDER: C:\AutoReportV2\backend\temp
2025-05-15 14:16:47,652 - WARNING -  * Debugger is active!
2025-05-15 14:16:47,660 - INFO -  * Debugger PIN: 259-138-747
2025-05-15 14:16:49,694 - INFO -  * Detected change in 'C:\\AutoReportV2\\backend\\app\\utils\\forecast_processor.py', reloading
2025-05-15 14:16:49,838 - INFO -  * Restarting with stat
2025-05-15 14:16:51,452 - INFO - Ruta de DOWNLOAD_FOLDER: C:\AutoReportV2\backend\temp
2025-05-15 14:16:51,481 - WARNING -  * Debugger is active!
2025-05-15 14:16:51,485 - INFO -  * Debugger PIN: 259-138-747
2025-05-15 14:17:04,606 - INFO -  * Detected change in 'C:\\AutoReportV2\\backend\\app\\utils\\forecast_processor.py', reloading
2025-05-15 14:17:04,733 - INFO -  * Restarting with stat
2025-05-15 14:17:06,424 - INFO - Ruta de DOWNLOAD_FOLDER: C:\AutoReportV2\backend\temp
2025-05-15 14:17:06,455 - WARNING -  * Debugger is active!
2025-05-15 14:17:06,458 - INFO -  * Debugger PIN: 259-138-747
2025-05-15 14:17:54,853 - INFO -  * Detected change in 'C:\\AutoReportV2\\backend\\app\\utils\\forecast_processor.py', reloading
2025-05-15 14:17:54,994 - INFO -  * Restarting with stat
2025-05-15 14:17:56,703 - INFO - Ruta de DOWNLOAD_FOLDER: C:\AutoReportV2\backend\temp
2025-05-15 14:17:56,738 - WARNING -  * Debugger is active!
2025-05-15 14:17:56,743 - INFO -  * Debugger PIN: 259-138-747
2025-05-15 14:17:57,786 - INFO -  * Detected change in 'C:\\AutoReportV2\\backend\\app\\utils\\forecast_processor.py', reloading
2025-05-15 14:17:57,926 - INFO -  * Restarting with stat
2025-05-15 14:17:59,497 - INFO - Ruta de DOWNLOAD_FOLDER: C:\AutoReportV2\backend\temp
2025-05-15 14:17:59,522 - WARNING -  * Debugger is active!
2025-05-15 14:17:59,526 - INFO -  * Debugger PIN: 259-138-747
2025-05-15 14:37:38,804 - INFO -  * Detected change in 'C:\\AutoReportV2\\backend\\app\\utils\\forecast_processor.py', reloading
2025-05-15 14:37:38,959 - INFO -  * Restarting with stat
2025-05-15 14:37:43,028 - INFO - Ruta de DOWNLOAD_FOLDER: C:\AutoReportV2\backend\temp
2025-05-15 14:37:43,075 - WARNING -  * Debugger is active!
2025-05-15 14:37:43,079 - INFO -  * Debugger PIN: 259-138-747
2025-05-15 14:37:45,155 - INFO -  * Detected change in 'C:\\AutoReportV2\\backend\\app\\utils\\forecast_processor.py', reloading
2025-05-15 14:37:45,312 - INFO -  * Restarting with stat
2025-05-15 14:37:47,455 - INFO - Ruta de DOWNLOAD_FOLDER: C:\AutoReportV2\backend\temp
2025-05-15 14:37:47,484 - WARNING -  * Debugger is active!
2025-05-15 14:37:47,489 - INFO -  * Debugger PIN: 259-138-747
2025-05-15 14:37:49,522 - INFO -  * Detected change in 'C:\\AutoReportV2\\backend\\app\\utils\\forecast_processor.py', reloading
2025-05-15 14:37:49,669 - INFO -  * Restarting with stat
2025-05-15 14:37:51,629 - INFO - Ruta de DOWNLOAD_FOLDER: C:\AutoReportV2\backend\temp
2025-05-15 14:37:51,665 - WARNING -  * Debugger is active!
2025-05-15 14:37:51,671 - INFO -  * Debugger PIN: 259-138-747
2025-05-15 14:37:54,712 - INFO -  * Detected change in 'C:\\AutoReportV2\\backend\\app\\utils\\forecast_processor.py', reloading
2025-05-15 14:37:54,942 - INFO -  * Restarting with stat
2025-05-15 14:37:56,801 - INFO - Ruta de DOWNLOAD_FOLDER: C:\AutoReportV2\backend\temp
2025-05-15 14:37:56,829 - WARNING -  * Debugger is active!
2025-05-15 14:37:56,832 - INFO -  * Debugger PIN: 259-138-747
2025-05-15 14:37:57,866 - INFO -  * Detected change in 'C:\\AutoReportV2\\backend\\app\\utils\\forecast_processor.py', reloading
2025-05-15 14:37:58,037 - INFO -  * Restarting with stat
2025-05-15 14:37:59,976 - INFO - Ruta de DOWNLOAD_FOLDER: C:\AutoReportV2\backend\temp
2025-05-15 14:38:00,011 - WARNING -  * Debugger is active!
2025-05-15 14:38:00,015 - INFO -  * Debugger PIN: 259-138-747
2025-05-15 14:38:02,052 - INFO -  * Detected change in 'C:\\AutoReportV2\\backend\\app\\utils\\forecast_processor.py', reloading
2025-05-15 14:38:02,237 - INFO -  * Restarting with stat
2025-05-15 14:38:04,365 - INFO - Ruta de DOWNLOAD_FOLDER: C:\AutoReportV2\backend\temp
2025-05-15 14:38:04,396 - WARNING -  * Debugger is active!
2025-05-15 14:38:04,400 - INFO -  * Debugger PIN: 259-138-747
2025-05-15 14:38:27,581 - INFO -  * Detected change in 'C:\\AutoReportV2\\backend\\app\\utils\\forecast_processor.py', reloading
2025-05-15 14:38:27,723 - INFO -  * Restarting with stat
2025-05-15 14:38:29,401 - INFO - Ruta de DOWNLOAD_FOLDER: C:\AutoReportV2\backend\temp
2025-05-15 14:38:29,419 - WARNING -  * Debugger is active!
2025-05-15 14:38:29,423 - INFO -  * Debugger PIN: 259-138-747
2025-05-15 14:38:31,457 - INFO -  * Detected change in 'C:\\AutoReportV2\\backend\\app\\utils\\forecast_processor.py', reloading
2025-05-15 14:38:31,603 - INFO -  * Restarting with stat
2025-05-15 14:38:34,265 - INFO - Ruta de DOWNLOAD_FOLDER: C:\AutoReportV2\backend\temp
2025-05-15 14:38:34,288 - WARNING -  * Debugger is active!
2025-05-15 14:38:34,298 - INFO -  * Debugger PIN: 259-138-747
2025-05-15 14:38:38,340 - INFO -  * Detected change in 'C:\\AutoReportV2\\backend\\app\\utils\\forecast_processor.py', reloading
2025-05-15 14:38:38,499 - INFO -  * Restarting with stat
2025-05-15 14:38:40,449 - INFO - Ruta de DOWNLOAD_FOLDER: C:\AutoReportV2\backend\temp
2025-05-15 14:38:40,507 - WARNING -  * Debugger is active!
2025-05-15 14:38:40,515 - INFO -  * Debugger PIN: 259-138-747
2025-05-15 14:38:42,559 - INFO -  * Detected change in 'C:\\AutoReportV2\\backend\\app\\utils\\forecast_processor.py', reloading
2025-05-15 14:38:42,722 - INFO -  * Restarting with stat
2025-05-15 14:38:44,901 - INFO - Ruta de DOWNLOAD_FOLDER: C:\AutoReportV2\backend\temp
2025-05-15 14:38:44,932 - WARNING -  * Debugger is active!
2025-05-15 14:38:44,934 - INFO -  * Debugger PIN: 259-138-747
2025-05-15 14:38:45,970 - INFO -  * Detected change in 'C:\\AutoReportV2\\backend\\app\\utils\\forecast_processor.py', reloading
2025-05-15 14:38:46,149 - INFO -  * Restarting with stat
2025-05-15 14:38:48,019 - INFO - Ruta de DOWNLOAD_FOLDER: C:\AutoReportV2\backend\temp
2025-05-15 14:38:48,057 - WARNING -  * Debugger is active!
2025-05-15 14:38:48,060 - INFO -  * Debugger PIN: 259-138-747
2025-05-15 14:38:50,097 - INFO -  * Detected change in 'C:\\AutoReportV2\\backend\\app\\utils\\forecast_processor.py', reloading
2025-05-15 14:38:50,239 - INFO -  * Restarting with stat
2025-05-15 14:38:52,658 - INFO - Ruta de DOWNLOAD_FOLDER: C:\AutoReportV2\backend\temp
2025-05-15 14:38:52,703 - WARNING -  * Debugger is active!
2025-05-15 14:38:52,707 - INFO -  * Debugger PIN: 259-138-747
2025-05-15 14:38:53,748 - INFO -  * Detected change in 'C:\\AutoReportV2\\backend\\app\\utils\\forecast_processor.py', reloading
2025-05-15 14:38:53,898 - INFO -  * Restarting with stat
2025-05-15 14:38:55,648 - INFO - Ruta de DOWNLOAD_FOLDER: C:\AutoReportV2\backend\temp
2025-05-15 14:38:55,668 - WARNING -  * Debugger is active!
2025-05-15 14:38:55,680 - INFO -  * Debugger PIN: 259-138-747
2025-05-15 14:38:59,725 - INFO -  * Detected change in 'C:\\AutoReportV2\\backend\\app\\utils\\forecast_processor.py', reloading
2025-05-15 14:38:59,878 - INFO -  * Restarting with stat
2025-05-15 14:39:01,602 - INFO - Ruta de DOWNLOAD_FOLDER: C:\AutoReportV2\backend\temp
2025-05-15 14:39:01,636 - WARNING -  * Debugger is active!
2025-05-15 14:39:01,639 - INFO -  * Debugger PIN: 259-138-747
2025-05-15 14:39:06,690 - INFO -  * Detected change in 'C:\\AutoReportV2\\backend\\app\\utils\\forecast_processor.py', reloading
2025-05-15 14:39:06,850 - INFO -  * Restarting with stat
2025-05-15 14:39:08,605 - INFO - Ruta de DOWNLOAD_FOLDER: C:\AutoReportV2\backend\temp
2025-05-15 14:39:08,633 - WARNING -  * Debugger is active!
2025-05-15 14:39:08,635 - INFO -  * Debugger PIN: 259-138-747
2025-05-15 14:39:10,668 - INFO -  * Detected change in 'C:\\AutoReportV2\\backend\\app\\utils\\forecast_processor.py', reloading
2025-05-15 14:39:10,799 - INFO -  * Restarting with stat
2025-05-15 14:39:12,610 - INFO - Ruta de DOWNLOAD_FOLDER: C:\AutoReportV2\backend\temp
2025-05-15 14:39:12,632 - WARNING -  * Debugger is active!
2025-05-15 14:39:12,639 - INFO -  * Debugger PIN: 259-138-747
2025-05-15 14:39:13,668 - INFO -  * Detected change in 'C:\\AutoReportV2\\backend\\app\\utils\\forecast_processor.py', reloading
2025-05-15 14:39:13,947 - INFO -  * Restarting with stat
2025-05-19 09:26:15,240 - INFO - Ruta de DOWNLOAD_FOLDER: C:\AutoReportV2\backend\temp
2025-05-19 09:26:15,327 - INFO - [31m[1mWARNING: This is a development server. Do not use it in a production deployment. Use a production WSGI server instead.[0m
 * Running on http://127.0.0.1:5000
2025-05-19 09:26:15,329 - INFO - [33mPress CTRL+C to quit[0m
2025-05-19 09:26:15,329 - INFO -  * Restarting with stat
2025-05-19 09:26:16,852 - INFO - Ruta de DOWNLOAD_FOLDER: C:\AutoReportV2\backend\temp
2025-05-19 09:26:16,874 - WARNING -  * Debugger is active!
2025-05-19 09:26:16,890 - INFO -  * Debugger PIN: 259-138-747
2025-05-19 09:30:17,776 - INFO - 127.0.0.1 - - [19/May/2025 09:30:17] "[35m[1mPOST /run-process HTTP/1.1[0m" 500 -
2025-05-19 09:34:25,142 - INFO - 127.0.0.1 - - [19/May/2025 09:34:25] "[35m[1mPOST /run-process HTTP/1.1[0m" 500 -
2025-05-19 09:37:07,061 - INFO -  * Detected change in 'C:\\AutoReportV2\\backend\\app\\routes.py', reloading
2025-05-19 09:37:07,209 - INFO -  * Restarting with stat
2025-05-19 09:37:10,603 - INFO - Ruta de DOWNLOAD_FOLDER: C:\AutoReportV2\backend\temp
2025-05-19 09:37:10,618 - WARNING -  * Debugger is active!
2025-05-19 09:37:10,635 - INFO -  * Debugger PIN: 259-138-747
2025-05-19 09:43:19,340 - INFO -  * Detected change in 'C:\\AutoReportV2\\backend\\app\\routes.py', reloading
2025-05-19 09:43:19,522 - INFO -  * Restarting with stat
2025-05-19 09:43:21,057 - INFO - Ruta de DOWNLOAD_FOLDER: C:\AutoReportV2\backend\temp
2025-05-19 09:43:21,073 - WARNING -  * Debugger is active!
2025-05-19 09:43:21,091 - INFO -  * Debugger PIN: 259-138-747
2025-05-19 09:46:13,719 - INFO - 127.0.0.1 - - [19/May/2025 09:46:13] "[35m[1mPOST /run-process HTTP/1.1[0m" 500 -
2025-05-19 09:50:00,428 - INFO -  * Detected change in 'C:\\AutoReportV2\\backend\\app\\routes.py', reloading
2025-05-19 09:50:00,652 - INFO -  * Restarting with stat
2025-05-19 09:50:05,138 - INFO - Ruta de DOWNLOAD_FOLDER: C:\AutoReportV2\backend\temp
2025-05-19 09:50:05,164 - WARNING -  * Debugger is active!
2025-05-19 09:50:05,164 - INFO -  * Debugger PIN: 259-138-747
2025-05-19 09:52:17,169 - INFO -  * Detected change in 'C:\\AutoReportV2\\backend\\app\\routes.py', reloading
2025-05-19 09:52:17,307 - INFO -  * Restarting with stat
2025-05-19 09:52:44,152 - INFO - Ruta de DOWNLOAD_FOLDER: C:\AutoReportV2\backend\temp
2025-05-19 09:52:44,191 - INFO - [31m[1mWARNING: This is a development server. Do not use it in a production deployment. Use a production WSGI server instead.[0m
 * Running on http://127.0.0.1:5000
2025-05-19 09:52:44,191 - INFO - [33mPress CTRL+C to quit[0m
2025-05-19 09:52:44,199 - INFO -  * Restarting with stat
2025-05-19 09:52:45,639 - INFO - Ruta de DOWNLOAD_FOLDER: C:\AutoReportV2\backend\temp
2025-05-19 09:52:45,665 - WARNING -  * Debugger is active!
2025-05-19 09:52:45,672 - INFO -  * Debugger PIN: 259-138-747
2025-05-19 09:55:37,489 - INFO - Ruta de DOWNLOAD_FOLDER: C:\AutoReportV2\backend\temp
2025-05-19 09:55:37,535 - INFO - [31m[1mWARNING: This is a development server. Do not use it in a production deployment. Use a production WSGI server instead.[0m
 * Running on http://127.0.0.1:5000
2025-05-19 09:55:37,535 - INFO - [33mPress CTRL+C to quit[0m
2025-05-19 09:55:37,546 - INFO -  * Restarting with stat
2025-05-19 09:55:39,135 - INFO - Ruta de DOWNLOAD_FOLDER: C:\AutoReportV2\backend\temp
2025-05-19 09:55:39,166 - WARNING -  * Debugger is active!
2025-05-19 09:55:39,172 - INFO -  * Debugger PIN: 259-138-747
2025-05-19 10:04:39,808 - ERROR - Error al procesar el archivo descargado: 'Country'
Traceback (most recent call last):
  File "C:\Users\AlexixJohanOrostegui\AppData\Local\Programs\Python\Python311\Lib\site-packages\pandas\core\indexes\base.py", line 3805, in get_loc
    return self._engine.get_loc(casted_key)
           ^^^^^^^^^^^^^^^^^^^^^^^^^^^^^^^^
  File "index.pyx", line 167, in pandas._libs.index.IndexEngine.get_loc
  File "index.pyx", line 196, in pandas._libs.index.IndexEngine.get_loc
  File "pandas\\_libs\\hashtable_class_helper.pxi", line 7081, in pandas._libs.hashtable.PyObjectHashTable.get_item
  File "pandas\\_libs\\hashtable_class_helper.pxi", line 7089, in pandas._libs.hashtable.PyObjectHashTable.get_item
KeyError: 'Country'

The above exception was the direct cause of the following exception:

Traceback (most recent call last):
  File "C:\AutoReportV2\backend\app\routes.py", line 365, in run_process
    resultado = procesar_forecast(archivo_descargado, forecast_base)
                ^^^^^^^^^^^^^^^^^^^^^^^^^^^^^^^^^^^^^^^^^^^^^^^^^^^^
  File "C:\AutoReportV2\backend\app\utils\forecast_processor.py", line 444, in procesar_forecast
    (tabla4["Country"] == country) &
     ~~~~~~^^^^^^^^^^^
  File "C:\Users\AlexixJohanOrostegui\AppData\Local\Programs\Python\Python311\Lib\site-packages\pandas\core\frame.py", line 4102, in __getitem__
    indexer = self.columns.get_loc(key)
              ^^^^^^^^^^^^^^^^^^^^^^^^^
  File "C:\Users\AlexixJohanOrostegui\AppData\Local\Programs\Python\Python311\Lib\site-packages\pandas\core\indexes\base.py", line 3812, in get_loc
    raise KeyError(key) from err
KeyError: 'Country'
2025-05-19 10:04:39,947 - INFO - 127.0.0.1 - - [19/May/2025 10:04:39] "[35m[1mPOST /run-process HTTP/1.1[0m" 500 -
2025-05-19 10:09:31,990 - INFO -  * Detected change in 'C:\\AutoReportV2\\backend\\app\\utils\\forecast_processor.py', reloading
2025-05-19 10:09:37,741 - INFO -  * Restarting with stat
2025-05-19 10:09:43,021 - INFO - Ruta de DOWNLOAD_FOLDER: C:\AutoReportV2\backend\temp
2025-05-19 10:09:43,060 - WARNING -  * Debugger is active!
2025-05-19 10:09:43,063 - INFO -  * Debugger PIN: 259-138-747
2025-05-19 10:19:51,906 - ERROR - Error al procesar el archivo descargado: 'Country'
Traceback (most recent call last):
  File "C:\Users\AlexixJohanOrostegui\AppData\Local\Programs\Python\Python311\Lib\site-packages\pandas\core\indexes\base.py", line 3805, in get_loc
    return self._engine.get_loc(casted_key)
           ^^^^^^^^^^^^^^^^^^^^^^^^^^^^^^^^
  File "index.pyx", line 167, in pandas._libs.index.IndexEngine.get_loc
  File "index.pyx", line 196, in pandas._libs.index.IndexEngine.get_loc
  File "pandas\\_libs\\hashtable_class_helper.pxi", line 7081, in pandas._libs.hashtable.PyObjectHashTable.get_item
  File "pandas\\_libs\\hashtable_class_helper.pxi", line 7089, in pandas._libs.hashtable.PyObjectHashTable.get_item
KeyError: 'Country'

The above exception was the direct cause of the following exception:

Traceback (most recent call last):
  File "C:\AutoReportV2\backend\app\routes.py", line 365, in run_process
    resultado = procesar_forecast(archivo_descargado, forecast_base)
                ^^^^^^^^^^^^^^^^^^^^^^^^^^^^^^^^^^^^^^^^^^^^^^^^^^^^
  File "C:\AutoReportV2\backend\app\utils\forecast_processor.py", line 445, in procesar_forecast
    (tabla4["Country"] == country) &
     ~~~~~~^^^^^^^^^^^
  File "C:\Users\AlexixJohanOrostegui\AppData\Local\Programs\Python\Python311\Lib\site-packages\pandas\core\frame.py", line 4102, in __getitem__
    indexer = self.columns.get_loc(key)
              ^^^^^^^^^^^^^^^^^^^^^^^^^
  File "C:\Users\AlexixJohanOrostegui\AppData\Local\Programs\Python\Python311\Lib\site-packages\pandas\core\indexes\base.py", line 3812, in get_loc
    raise KeyError(key) from err
KeyError: 'Country'
2025-05-19 10:19:52,122 - INFO - 127.0.0.1 - - [19/May/2025 10:19:52] "[35m[1mPOST /run-process HTTP/1.1[0m" 500 -
2025-05-19 10:23:11,074 - INFO - Ruta de DOWNLOAD_FOLDER: C:\AutoReportV2\backend\temp
2025-05-19 10:23:11,165 - INFO - [31m[1mWARNING: This is a development server. Do not use it in a production deployment. Use a production WSGI server instead.[0m
 * Running on http://127.0.0.1:5000
2025-05-19 10:23:11,166 - INFO - [33mPress CTRL+C to quit[0m
2025-05-19 10:23:11,168 - INFO -  * Restarting with stat
2025-05-19 10:23:12,814 - INFO - Ruta de DOWNLOAD_FOLDER: C:\AutoReportV2\backend\temp
2025-05-19 10:23:12,837 - WARNING -  * Debugger is active!
2025-05-19 10:23:12,840 - INFO -  * Debugger PIN: 259-138-747
2025-05-19 10:27:28,998 - INFO - 127.0.0.1 - - [19/May/2025 10:27:28] "[35m[1mPOST /run-process HTTP/1.1[0m" 500 -
2025-05-19 10:38:40,695 - ERROR - Error al procesar el archivo descargado: 'Country'
Traceback (most recent call last):
  File "C:\Users\AlexixJohanOrostegui\AppData\Local\Programs\Python\Python311\Lib\site-packages\pandas\core\indexes\base.py", line 3805, in get_loc
    return self._engine.get_loc(casted_key)
           ^^^^^^^^^^^^^^^^^^^^^^^^^^^^^^^^
  File "index.pyx", line 167, in pandas._libs.index.IndexEngine.get_loc
  File "index.pyx", line 196, in pandas._libs.index.IndexEngine.get_loc
  File "pandas\\_libs\\hashtable_class_helper.pxi", line 7081, in pandas._libs.hashtable.PyObjectHashTable.get_item
  File "pandas\\_libs\\hashtable_class_helper.pxi", line 7089, in pandas._libs.hashtable.PyObjectHashTable.get_item
KeyError: 'Country'

The above exception was the direct cause of the following exception:

Traceback (most recent call last):
  File "C:\AutoReportV2\backend\app\routes.py", line 365, in run_process
    resultado = procesar_forecast(archivo_descargado, forecast_base)
                ^^^^^^^^^^^^^^^^^^^^^^^^^^^^^^^^^^^^^^^^^^^^^^^^^^^^
  File "C:\AutoReportV2\backend\app\utils\forecast_processor.py", line 445, in procesar_forecast
    (tabla4["Country"] == country) &
     ~~~~~~^^^^^^^^^^^
  File "C:\Users\AlexixJohanOrostegui\AppData\Local\Programs\Python\Python311\Lib\site-packages\pandas\core\frame.py", line 4102, in __getitem__
    indexer = self.columns.get_loc(key)
              ^^^^^^^^^^^^^^^^^^^^^^^^^
  File "C:\Users\AlexixJohanOrostegui\AppData\Local\Programs\Python\Python311\Lib\site-packages\pandas\core\indexes\base.py", line 3812, in get_loc
    raise KeyError(key) from err
KeyError: 'Country'
2025-05-19 10:38:40,896 - INFO - 127.0.0.1 - - [19/May/2025 10:38:40] "[35m[1mPOST /run-process HTTP/1.1[0m" 500 -
2025-05-19 10:42:10,744 - INFO - Ruta de DOWNLOAD_FOLDER: C:\AutoReportV2\backend\temp
2025-05-19 10:42:10,783 - INFO - [31m[1mWARNING: This is a development server. Do not use it in a production deployment. Use a production WSGI server instead.[0m
 * Running on http://127.0.0.1:5000
2025-05-19 10:42:10,784 - INFO - [33mPress CTRL+C to quit[0m
2025-05-19 10:42:10,786 - INFO -  * Restarting with stat
2025-05-19 10:42:11,938 - INFO - Ruta de DOWNLOAD_FOLDER: C:\AutoReportV2\backend\temp
2025-05-19 10:42:11,957 - WARNING -  * Debugger is active!
2025-05-19 10:42:11,959 - INFO -  * Debugger PIN: 259-138-747
2025-05-19 10:51:28,372 - ERROR - Error al procesar el archivo descargado: 'Country'
Traceback (most recent call last):
  File "C:\Users\AlexixJohanOrostegui\AppData\Local\Programs\Python\Python311\Lib\site-packages\pandas\core\indexes\base.py", line 3805, in get_loc
    return self._engine.get_loc(casted_key)
           ^^^^^^^^^^^^^^^^^^^^^^^^^^^^^^^^
  File "index.pyx", line 167, in pandas._libs.index.IndexEngine.get_loc
  File "index.pyx", line 196, in pandas._libs.index.IndexEngine.get_loc
  File "pandas\\_libs\\hashtable_class_helper.pxi", line 7081, in pandas._libs.hashtable.PyObjectHashTable.get_item
  File "pandas\\_libs\\hashtable_class_helper.pxi", line 7089, in pandas._libs.hashtable.PyObjectHashTable.get_item
KeyError: 'Country'

The above exception was the direct cause of the following exception:

Traceback (most recent call last):
  File "C:\AutoReportV2\backend\app\routes.py", line 365, in run_process
    resultado = procesar_forecast(archivo_descargado, forecast_base)
                ^^^^^^^^^^^^^^^^^^^^^^^^^^^^^^^^^^^^^^^^^^^^^^^^^^^^
  File "C:\AutoReportV2\backend\app\utils\forecast_processor.py", line 445, in procesar_forecast
    (tabla4["Country"] == country) &
     ~~~~~~^^^^^^^^^^^
  File "C:\Users\AlexixJohanOrostegui\AppData\Local\Programs\Python\Python311\Lib\site-packages\pandas\core\frame.py", line 4102, in __getitem__
    indexer = self.columns.get_loc(key)
              ^^^^^^^^^^^^^^^^^^^^^^^^^
  File "C:\Users\AlexixJohanOrostegui\AppData\Local\Programs\Python\Python311\Lib\site-packages\pandas\core\indexes\base.py", line 3812, in get_loc
    raise KeyError(key) from err
KeyError: 'Country'
2025-05-19 10:51:28,561 - INFO - 127.0.0.1 - - [19/May/2025 10:51:28] "[35m[1mPOST /run-process HTTP/1.1[0m" 500 -
2025-05-19 10:55:47,343 - INFO -  * Detected change in 'C:\\AutoReportV2\\backend\\app\\utils\\forecast_processor.py', reloading
2025-05-19 10:55:52,664 - INFO -  * Restarting with stat
2025-05-19 10:55:55,749 - INFO - Ruta de DOWNLOAD_FOLDER: C:\AutoReportV2\backend\temp
2025-05-19 10:55:55,770 - WARNING -  * Debugger is active!
2025-05-19 10:55:55,773 - INFO -  * Debugger PIN: 259-138-747
2025-05-19 10:57:22,149 - INFO -  * Detected change in 'C:\\AutoReportV2\\backend\\app\\utils\\forecast_processor.py', reloading
2025-05-19 10:57:22,289 - INFO -  * Restarting with stat
2025-05-19 10:58:47,132 - INFO - Ruta de DOWNLOAD_FOLDER: C:\AutoReportV2\backend\temp
2025-05-19 10:58:47,180 - INFO - [31m[1mWARNING: This is a development server. Do not use it in a production deployment. Use a production WSGI server instead.[0m
 * Running on http://127.0.0.1:5000
2025-05-19 10:58:47,180 - INFO - [33mPress CTRL+C to quit[0m
2025-05-19 10:58:47,181 - INFO -  * Restarting with stat
2025-05-19 10:58:48,434 - INFO - Ruta de DOWNLOAD_FOLDER: C:\AutoReportV2\backend\temp
2025-05-19 10:58:48,453 - WARNING -  * Debugger is active!
2025-05-19 10:58:48,455 - INFO -  * Debugger PIN: 259-138-747
2025-05-19 11:07:29,908 - INFO - 127.0.0.1 - - [19/May/2025 11:07:29] "POST /run-process HTTP/1.1" 200 -
2025-05-19 12:57:48,678 - INFO -  * Detected change in 'C:\\AutoReportV2\\backend\\app\\utils\\forecast_processor.py', reloading
2025-05-19 12:57:56,913 - INFO -  * Restarting with stat
2025-05-19 12:58:01,701 - INFO - Ruta de DOWNLOAD_FOLDER: C:\AutoReportV2\backend\temp
2025-05-19 12:58:01,741 - WARNING -  * Debugger is active!
2025-05-19 12:58:01,744 - INFO -  * Debugger PIN: 259-138-747
2025-05-19 12:58:16,831 - INFO -  * Detected change in 'C:\\AutoReportV2\\backend\\app\\utils\\forecast_processor.py', reloading
2025-05-19 12:58:16,947 - INFO -  * Restarting with stat
2025-05-19 12:58:18,145 - INFO - Ruta de DOWNLOAD_FOLDER: C:\AutoReportV2\backend\temp
2025-05-19 12:58:18,163 - WARNING -  * Debugger is active!
2025-05-19 12:58:18,166 - INFO -  * Debugger PIN: 259-138-747
2025-05-19 12:58:37,279 - INFO -  * Detected change in 'C:\\AutoReportV2\\backend\\app\\utils\\forecast_processor.py', reloading
2025-05-19 12:58:37,481 - INFO -  * Restarting with stat
2025-05-19 12:58:38,722 - INFO - Ruta de DOWNLOAD_FOLDER: C:\AutoReportV2\backend\temp
2025-05-19 12:58:38,742 - WARNING -  * Debugger is active!
2025-05-19 12:58:38,744 - INFO -  * Debugger PIN: 259-138-747
2025-05-19 12:58:39,762 - INFO -  * Detected change in 'C:\\AutoReportV2\\backend\\app\\utils\\forecast_processor.py', reloading
2025-05-19 12:58:39,895 - INFO -  * Restarting with stat
2025-05-19 12:58:41,201 - INFO - Ruta de DOWNLOAD_FOLDER: C:\AutoReportV2\backend\temp
2025-05-19 12:58:41,218 - WARNING -  * Debugger is active!
2025-05-19 12:58:41,221 - INFO -  * Debugger PIN: 259-138-747
2025-05-19 13:07:20,407 - ERROR - Error al procesar el archivo descargado: index 11 is out of bounds for axis 0 with size 11
Traceback (most recent call last):
  File "C:\AutoReportV2\backend\app\routes.py", line 365, in run_process
    resultado = procesar_forecast(archivo_descargado, forecast_base)
                ^^^^^^^^^^^^^^^^^^^^^^^^^^^^^^^^^^^^^^^^^^^^^^^^^^^^
  File "C:\AutoReportV2\backend\app\utils\forecast_processor.py", line 442, in procesar_forecast
    rev_col = tabla4.columns[11]      # Columna K (Rev $)
              ~~~~~~~~~~~~~~^^^^
  File "C:\Users\AlexixJohanOrostegui\AppData\Local\Programs\Python\Python311\Lib\site-packages\pandas\core\indexes\base.py", line 5389, in __getitem__
    return getitem(key)
           ^^^^^^^^^^^^
IndexError: index 11 is out of bounds for axis 0 with size 11
2025-05-19 13:07:20,539 - INFO - 127.0.0.1 - - [19/May/2025 13:07:20] "[35m[1mPOST /run-process HTTP/1.1[0m" 500 -
2025-05-19 13:11:31,867 - INFO -  * Detected change in 'C:\\AutoReportV2\\backend\\app\\utils\\forecast_processor.py', reloading
2025-05-19 13:11:36,254 - INFO -  * Restarting with stat
2025-05-19 13:11:39,713 - INFO - Ruta de DOWNLOAD_FOLDER: C:\AutoReportV2\backend\temp
2025-05-19 13:11:39,738 - WARNING -  * Debugger is active!
2025-05-19 13:11:39,740 - INFO -  * Debugger PIN: 259-138-747
2025-05-19 13:11:40,783 - INFO -  * Detected change in 'C:\\AutoReportV2\\backend\\app\\utils\\forecast_processor.py', reloading
2025-05-19 13:11:40,908 - INFO -  * Restarting with stat
2025-05-19 13:11:42,349 - INFO - Ruta de DOWNLOAD_FOLDER: C:\AutoReportV2\backend\temp
2025-05-19 13:11:42,369 - WARNING -  * Debugger is active!
2025-05-19 13:11:42,373 - INFO -  * Debugger PIN: 259-138-747
2025-05-19 13:11:43,392 - INFO -  * Detected change in 'C:\\AutoReportV2\\backend\\app\\utils\\forecast_processor.py', reloading
2025-05-19 13:11:43,522 - INFO -  * Restarting with stat
2025-05-19 13:11:44,984 - INFO - Ruta de DOWNLOAD_FOLDER: C:\AutoReportV2\backend\temp
2025-05-19 13:11:45,004 - WARNING -  * Debugger is active!
2025-05-19 13:11:45,006 - INFO -  * Debugger PIN: 259-138-747
2025-05-19 13:20:16,743 - INFO - 127.0.0.1 - - [19/May/2025 13:20:16] "POST /run-process HTTP/1.1" 200 -
2025-05-19 13:26:37,742 - INFO -  * Detected change in 'C:\\AutoReportV2\\backend\\app\\utils\\forecast_processor.py', reloading
2025-05-19 13:26:43,591 - INFO -  * Restarting with stat
2025-05-19 13:26:47,601 - INFO - Ruta de DOWNLOAD_FOLDER: C:\AutoReportV2\backend\temp
2025-05-19 13:26:47,626 - WARNING -  * Debugger is active!
2025-05-19 13:26:47,628 - INFO -  * Debugger PIN: 259-138-747
2025-05-19 13:26:58,720 - INFO -  * Detected change in 'C:\\AutoReportV2\\backend\\app\\utils\\forecast_processor.py', reloading
2025-05-19 13:26:58,861 - INFO -  * Restarting with stat
2025-05-19 13:27:00,116 - INFO - Ruta de DOWNLOAD_FOLDER: C:\AutoReportV2\backend\temp
2025-05-19 13:27:00,132 - WARNING -  * Debugger is active!
2025-05-19 13:27:00,134 - INFO -  * Debugger PIN: 259-138-747
2025-05-19 13:27:11,190 - INFO -  * Detected change in 'C:\\AutoReportV2\\backend\\app\\utils\\forecast_processor.py', reloading
2025-05-19 13:27:11,324 - INFO -  * Restarting with stat
2025-05-19 13:30:35,373 - INFO - Ruta de DOWNLOAD_FOLDER: C:\AutoReportV2\backend\temp
2025-05-19 13:30:35,417 - INFO - [31m[1mWARNING: This is a development server. Do not use it in a production deployment. Use a production WSGI server instead.[0m
 * Running on http://127.0.0.1:5000
2025-05-19 13:30:35,417 - INFO - [33mPress CTRL+C to quit[0m
2025-05-19 13:30:35,419 - INFO -  * Restarting with stat
2025-05-19 13:30:36,605 - INFO - Ruta de DOWNLOAD_FOLDER: C:\AutoReportV2\backend\temp
2025-05-19 13:30:36,625 - WARNING -  * Debugger is active!
2025-05-19 13:30:36,628 - INFO -  * Debugger PIN: 259-138-747
2025-05-19 13:39:28,094 - ERROR - Error al procesar el archivo descargado: 'Country'
Traceback (most recent call last):
  File "C:\Users\AlexixJohanOrostegui\AppData\Local\Programs\Python\Python311\Lib\site-packages\pandas\core\indexes\base.py", line 3805, in get_loc
    return self._engine.get_loc(casted_key)
           ^^^^^^^^^^^^^^^^^^^^^^^^^^^^^^^^
  File "index.pyx", line 167, in pandas._libs.index.IndexEngine.get_loc
  File "index.pyx", line 196, in pandas._libs.index.IndexEngine.get_loc
  File "pandas\\_libs\\hashtable_class_helper.pxi", line 7081, in pandas._libs.hashtable.PyObjectHashTable.get_item
  File "pandas\\_libs\\hashtable_class_helper.pxi", line 7089, in pandas._libs.hashtable.PyObjectHashTable.get_item
KeyError: 'Country'

The above exception was the direct cause of the following exception:

Traceback (most recent call last):
  File "C:\AutoReportV2\backend\app\routes.py", line 365, in run_process
    resultado = procesar_forecast(archivo_descargado, forecast_base)
                ^^^^^^^^^^^^^^^^^^^^^^^^^^^^^^^^^^^^^^^^^^^^^^^^^^^^
  File "C:\AutoReportV2\backend\app\utils\forecast_processor.py", line 446, in procesar_forecast
    print("Países:", tabla4[country_col].unique())
                     ~~~~~~^^^^^^^^^^^^^
  File "C:\Users\AlexixJohanOrostegui\AppData\Local\Programs\Python\Python311\Lib\site-packages\pandas\core\frame.py", line 4102, in __getitem__
    indexer = self.columns.get_loc(key)
              ^^^^^^^^^^^^^^^^^^^^^^^^^
  File "C:\Users\AlexixJohanOrostegui\AppData\Local\Programs\Python\Python311\Lib\site-packages\pandas\core\indexes\base.py", line 3812, in get_loc
    raise KeyError(key) from err
KeyError: 'Country'
2025-05-19 13:39:28,233 - INFO - 127.0.0.1 - - [19/May/2025 13:39:28] "[35m[1mPOST /run-process HTTP/1.1[0m" 500 -
2025-05-19 13:40:51,459 - INFO -  * Detected change in 'C:\\AutoReportV2\\backend\\app\\utils\\forecast_processor.py', reloading
2025-05-19 13:40:56,391 - INFO -  * Restarting with stat
2025-05-19 13:40:59,842 - INFO - Ruta de DOWNLOAD_FOLDER: C:\AutoReportV2\backend\temp
2025-05-19 13:40:59,857 - WARNING -  * Debugger is active!
2025-05-19 13:40:59,861 - INFO -  * Debugger PIN: 259-138-747
2025-05-19 13:41:07,919 - INFO -  * Detected change in 'C:\\AutoReportV2\\backend\\app\\utils\\forecast_processor.py', reloading
2025-05-19 13:41:08,045 - INFO -  * Restarting with stat
2025-05-19 13:41:09,331 - INFO - Ruta de DOWNLOAD_FOLDER: C:\AutoReportV2\backend\temp
2025-05-19 13:41:09,351 - WARNING -  * Debugger is active!
2025-05-19 13:41:09,353 - INFO -  * Debugger PIN: 259-138-747
2025-05-19 13:41:22,418 - INFO -  * Detected change in 'C:\\AutoReportV2\\backend\\app\\utils\\forecast_processor.py', reloading
2025-05-19 13:41:22,548 - INFO -  * Restarting with stat
2025-05-19 13:41:23,887 - INFO - Ruta de DOWNLOAD_FOLDER: C:\AutoReportV2\backend\temp
2025-05-19 13:41:23,904 - WARNING -  * Debugger is active!
2025-05-19 13:41:23,907 - INFO -  * Debugger PIN: 259-138-747
2025-05-19 13:41:29,942 - INFO -  * Detected change in 'C:\\AutoReportV2\\backend\\app\\utils\\forecast_processor.py', reloading
2025-05-19 13:41:30,071 - INFO -  * Restarting with stat
2025-05-19 13:41:31,366 - INFO - Ruta de DOWNLOAD_FOLDER: C:\AutoReportV2\backend\temp
2025-05-19 13:41:31,384 - WARNING -  * Debugger is active!
2025-05-19 13:41:31,386 - INFO -  * Debugger PIN: 259-138-747
2025-05-19 13:41:54,497 - INFO -  * Detected change in 'C:\\AutoReportV2\\backend\\app\\utils\\forecast_processor.py', reloading
2025-05-19 13:41:54,635 - INFO -  * Restarting with stat
2025-05-19 13:41:55,846 - INFO - Ruta de DOWNLOAD_FOLDER: C:\AutoReportV2\backend\temp
2025-05-19 13:41:55,862 - WARNING -  * Debugger is active!
2025-05-19 13:41:55,864 - INFO -  * Debugger PIN: 259-138-747
2025-05-19 13:43:15,296 - INFO -  * Detected change in 'C:\\AutoReportV2\\backend\\app\\utils\\forecast_processor.py', reloading
2025-05-19 13:43:15,419 - INFO -  * Restarting with stat
2025-05-19 13:43:16,621 - INFO - Ruta de DOWNLOAD_FOLDER: C:\AutoReportV2\backend\temp
2025-05-19 13:43:16,643 - WARNING -  * Debugger is active!
2025-05-19 13:43:16,646 - INFO -  * Debugger PIN: 259-138-747
2025-05-19 13:43:30,723 - INFO -  * Detected change in 'C:\\AutoReportV2\\backend\\app\\utils\\forecast_processor.py', reloading
2025-05-19 13:43:30,846 - INFO -  * Restarting with stat
2025-05-19 13:43:32,289 - INFO - Ruta de DOWNLOAD_FOLDER: C:\AutoReportV2\backend\temp
2025-05-19 13:43:32,311 - WARNING -  * Debugger is active!
2025-05-19 13:43:32,314 - INFO -  * Debugger PIN: 259-138-747
2025-05-19 13:43:33,331 - INFO -  * Detected change in 'C:\\AutoReportV2\\backend\\app\\utils\\forecast_processor.py', reloading
2025-05-19 13:43:33,456 - INFO -  * Restarting with stat
2025-05-19 13:45:40,652 - INFO - Ruta de DOWNLOAD_FOLDER: C:\AutoReportV2\backend\temp
2025-05-19 13:45:40,683 - INFO - [31m[1mWARNING: This is a development server. Do not use it in a production deployment. Use a production WSGI server instead.[0m
 * Running on http://127.0.0.1:5000
2025-05-19 13:45:40,684 - INFO - [33mPress CTRL+C to quit[0m
2025-05-19 13:45:40,685 - INFO -  * Restarting with stat
2025-05-19 13:45:41,917 - INFO - Ruta de DOWNLOAD_FOLDER: C:\AutoReportV2\backend\temp
2025-05-19 13:45:41,936 - WARNING -  * Debugger is active!
2025-05-19 13:45:41,938 - INFO -  * Debugger PIN: 259-138-747
2025-05-19 13:54:27,185 - ERROR - Error al procesar el archivo descargado: 'Country'
Traceback (most recent call last):
  File "C:\Users\AlexixJohanOrostegui\AppData\Local\Programs\Python\Python311\Lib\site-packages\pandas\core\indexes\base.py", line 3805, in get_loc
    return self._engine.get_loc(casted_key)
           ^^^^^^^^^^^^^^^^^^^^^^^^^^^^^^^^
  File "index.pyx", line 167, in pandas._libs.index.IndexEngine.get_loc
  File "index.pyx", line 191, in pandas._libs.index.IndexEngine.get_loc
  File "index.pyx", line 228, in pandas._libs.index.IndexEngine._get_loc_duplicates
KeyError: 'Country'

The above exception was the direct cause of the following exception:

Traceback (most recent call last):
  File "C:\AutoReportV2\backend\app\routes.py", line 365, in run_process
    resultado = procesar_forecast(archivo_descargado, forecast_base)
                ^^^^^^^^^^^^^^^^^^^^^^^^^^^^^^^^^^^^^^^^^^^^^^^^^^^^
  File "C:\AutoReportV2\backend\app\utils\forecast_processor.py", line 451, in procesar_forecast
    print("Países:", tabla4[country_col].unique())
                     ~~~~~~^^^^^^^^^^^^^
  File "C:\Users\AlexixJohanOrostegui\AppData\Local\Programs\Python\Python311\Lib\site-packages\pandas\core\frame.py", line 4102, in __getitem__
    indexer = self.columns.get_loc(key)
              ^^^^^^^^^^^^^^^^^^^^^^^^^
  File "C:\Users\AlexixJohanOrostegui\AppData\Local\Programs\Python\Python311\Lib\site-packages\pandas\core\indexes\base.py", line 3812, in get_loc
    raise KeyError(key) from err
KeyError: 'Country'
2025-05-19 13:54:27,349 - INFO - 127.0.0.1 - - [19/May/2025 13:54:27] "[35m[1mPOST /run-process HTTP/1.1[0m" 500 -
2025-05-19 13:55:38,533 - INFO -  * Detected change in 'C:\\AutoReportV2\\backend\\app\\utils\\forecast_processor.py', reloading
2025-05-19 13:55:43,209 - INFO -  * Restarting with stat
2025-05-19 13:55:46,547 - INFO - Ruta de DOWNLOAD_FOLDER: C:\AutoReportV2\backend\temp
2025-05-19 13:55:46,565 - WARNING -  * Debugger is active!
2025-05-19 13:55:46,567 - INFO -  * Debugger PIN: 259-138-747
2025-05-19 13:55:49,611 - INFO -  * Detected change in 'C:\\AutoReportV2\\backend\\app\\utils\\forecast_processor.py', reloading
2025-05-19 13:55:49,732 - INFO -  * Restarting with stat
2025-05-19 13:57:05,188 - INFO - Ruta de DOWNLOAD_FOLDER: C:\AutoReportV2\backend\temp
2025-05-19 13:57:05,215 - INFO - [31m[1mWARNING: This is a development server. Do not use it in a production deployment. Use a production WSGI server instead.[0m
 * Running on http://127.0.0.1:5000
2025-05-19 13:57:05,215 - INFO - [33mPress CTRL+C to quit[0m
2025-05-19 13:57:05,220 - INFO -  * Restarting with stat
2025-05-19 13:57:06,417 - INFO - Ruta de DOWNLOAD_FOLDER: C:\AutoReportV2\backend\temp
2025-05-19 13:57:06,432 - WARNING -  * Debugger is active!
2025-05-19 13:57:06,434 - INFO -  * Debugger PIN: 259-138-747
2025-05-19 14:05:48,971 - INFO - 127.0.0.1 - - [19/May/2025 14:05:48] "POST /run-process HTTP/1.1" 200 -
2025-05-19 14:06:30,464 - INFO -  * Detected change in 'C:\\AutoReportV2\\backend\\app\\utils\\forecast_processor.py', reloading
2025-05-19 14:06:34,597 - INFO -  * Restarting with stat
2025-05-19 14:06:37,925 - INFO - Ruta de DOWNLOAD_FOLDER: C:\AutoReportV2\backend\temp
2025-05-19 14:06:37,941 - WARNING -  * Debugger is active!
2025-05-19 14:06:37,943 - INFO -  * Debugger PIN: 259-138-747
2025-05-19 14:09:30,083 - INFO -  * Detected change in 'C:\\AutoReportV2\\backend\\app\\utils\\forecast_processor.py', reloading
2025-05-19 14:09:30,293 - INFO -  * Restarting with stat
2025-05-19 14:10:14,365 - INFO - Ruta de DOWNLOAD_FOLDER: C:\AutoReportV2\backend\temp
2025-05-19 14:10:14,402 - INFO - [31m[1mWARNING: This is a development server. Do not use it in a production deployment. Use a production WSGI server instead.[0m
 * Running on http://127.0.0.1:5000
2025-05-19 14:10:14,402 - INFO - [33mPress CTRL+C to quit[0m
2025-05-19 14:10:14,404 - INFO -  * Restarting with stat
2025-05-19 14:10:15,688 - INFO - Ruta de DOWNLOAD_FOLDER: C:\AutoReportV2\backend\temp
2025-05-19 14:10:15,704 - WARNING -  * Debugger is active!
2025-05-19 14:10:15,708 - INFO -  * Debugger PIN: 259-138-747
2025-05-19 14:11:18,646 - INFO - Ruta de DOWNLOAD_FOLDER: C:\AutoReportV2\backend\temp
2025-05-19 14:11:18,672 - INFO - [31m[1mWARNING: This is a development server. Do not use it in a production deployment. Use a production WSGI server instead.[0m
 * Running on http://127.0.0.1:5000
2025-05-19 14:11:18,672 - INFO - [33mPress CTRL+C to quit[0m
2025-05-19 14:11:18,674 - INFO -  * Restarting with stat
2025-05-19 14:11:19,771 - INFO - Ruta de DOWNLOAD_FOLDER: C:\AutoReportV2\backend\temp
2025-05-19 14:11:19,786 - WARNING -  * Debugger is active!
2025-05-19 14:11:19,788 - INFO -  * Debugger PIN: 259-138-747
2025-05-19 14:20:24,641 - INFO - 127.0.0.1 - - [19/May/2025 14:20:24] "POST /run-process HTTP/1.1" 200 -
2025-05-19 14:34:38,024 - INFO -  * Detected change in 'C:\\AutoReportV2\\backend\\app\\utils\\forecast_processor.py', reloading
2025-05-19 14:34:44,003 - INFO -  * Restarting with stat
2025-05-19 14:34:49,100 - INFO - Ruta de DOWNLOAD_FOLDER: C:\AutoReportV2\backend\temp
2025-05-19 14:34:49,139 - WARNING -  * Debugger is active!
2025-05-19 14:34:49,146 - INFO -  * Debugger PIN: 259-138-747
2025-05-19 14:35:35,461 - INFO -  * Detected change in 'C:\\AutoReportV2\\backend\\app\\utils\\forecast_processor.py', reloading
2025-05-19 14:35:35,694 - INFO -  * Restarting with stat
2025-05-19 14:35:37,620 - INFO - Ruta de DOWNLOAD_FOLDER: C:\AutoReportV2\backend\temp
2025-05-19 14:35:37,660 - WARNING -  * Debugger is active!
2025-05-19 14:35:37,664 - INFO -  * Debugger PIN: 259-138-747
2025-05-19 14:35:48,745 - INFO -  * Detected change in 'C:\\AutoReportV2\\backend\\app\\utils\\forecast_processor.py', reloading
2025-05-19 14:35:48,966 - INFO -  * Restarting with stat
2025-05-19 14:35:50,961 - INFO - Ruta de DOWNLOAD_FOLDER: C:\AutoReportV2\backend\temp
2025-05-19 14:35:50,999 - WARNING -  * Debugger is active!
2025-05-19 14:35:51,007 - INFO -  * Debugger PIN: 259-138-747
2025-05-26 08:50:52,714 - INFO - Ruta de DOWNLOAD_FOLDER: C:\AutoReportV2\backend\temp
2025-05-26 08:50:52,803 - INFO - [31m[1mWARNING: This is a development server. Do not use it in a production deployment. Use a production WSGI server instead.[0m
 * Running on http://127.0.0.1:5000
2025-05-26 08:50:52,803 - INFO - [33mPress CTRL+C to quit[0m
2025-05-26 08:50:52,803 - INFO -  * Restarting with stat
2025-05-26 08:50:54,104 - INFO - Ruta de DOWNLOAD_FOLDER: C:\AutoReportV2\backend\temp
2025-05-26 08:50:54,120 - WARNING -  * Debugger is active!
2025-05-26 08:50:54,132 - INFO -  * Debugger PIN: 409-504-975
2025-05-26 11:10:48,828 - INFO -  * Detected change in 'C:\\AutoReportV2\\backend\\app\\utils\\forecast_processor.py', reloading
2025-05-26 11:10:49,113 - INFO -  * Restarting with stat
2025-05-26 11:10:52,625 - INFO - Ruta de DOWNLOAD_FOLDER: C:\AutoReportV2\backend\temp
2025-05-26 11:10:52,652 - WARNING -  * Debugger is active!
2025-05-26 11:10:52,655 - INFO -  * Debugger PIN: 409-504-975
2025-05-26 11:40:50,105 - INFO -  * Detected change in 'C:\\AutoReportV2\\backend\\app\\utils\\forecast_processor.py', reloading
2025-05-26 11:40:50,255 - INFO -  * Restarting with stat
2025-05-26 11:40:54,193 - INFO - Ruta de DOWNLOAD_FOLDER: C:\AutoReportV2\backend\temp
2025-05-26 11:40:54,217 - WARNING -  * Debugger is active!
2025-05-26 11:40:54,222 - INFO -  * Debugger PIN: 409-504-975
2025-05-26 11:52:02,540 - INFO - 127.0.0.1 - - [26/May/2025 11:52:02] "[35m[1mPOST /run-process HTTP/1.1[0m" 500 -
2025-05-26 12:01:24,679 - INFO - 127.0.0.1 - - [26/May/2025 12:01:24] "POST /run-process HTTP/1.1" 200 -
2025-05-29 19:46:59,503 - INFO - Ruta de DOWNLOAD_FOLDER: C:\AutoReportV2\backend\temp
2025-05-29 19:46:59,574 - INFO - [31m[1mWARNING: This is a development server. Do not use it in a production deployment. Use a production WSGI server instead.[0m
 * Running on http://127.0.0.1:5000
2025-05-29 19:46:59,575 - INFO - [33mPress CTRL+C to quit[0m
2025-05-29 19:46:59,577 - INFO -  * Restarting with stat
2025-05-29 19:47:00,753 - INFO - Ruta de DOWNLOAD_FOLDER: C:\AutoReportV2\backend\temp
2025-05-29 19:47:00,770 - WARNING -  * Debugger is active!
2025-05-29 19:47:00,779 - INFO -  * Debugger PIN: 893-748-441
2025-05-29 20:02:10,173 - INFO -  * Detected change in 'C:\\AutoReportV2\\backend\\app\\utils\\help.py', reloading
2025-05-29 20:02:10,340 - INFO -  * Restarting with stat
2025-05-29 20:02:11,549 - INFO - Ruta de DOWNLOAD_FOLDER: C:\AutoReportV2\backend\temp
2025-05-29 20:02:11,569 - WARNING -  * Debugger is active!
2025-05-29 20:02:11,571 - INFO -  * Debugger PIN: 893-748-441
2025-05-29 20:03:24,006 - INFO - Ruta de DOWNLOAD_FOLDER: C:\AutoReportV2\backend\temp
2025-05-29 20:03:24,041 - INFO - [31m[1mWARNING: This is a development server. Do not use it in a production deployment. Use a production WSGI server instead.[0m
 * Running on http://127.0.0.1:5000
2025-05-29 20:03:24,041 - INFO - [33mPress CTRL+C to quit[0m
2025-05-29 20:03:24,043 - INFO -  * Restarting with stat
2025-05-29 20:03:25,136 - INFO - Ruta de DOWNLOAD_FOLDER: C:\AutoReportV2\backend\temp
2025-05-29 20:03:25,156 - WARNING -  * Debugger is active!
2025-05-29 20:03:25,159 - INFO -  * Debugger PIN: 893-748-441
2025-05-29 20:11:52,914 - INFO - 127.0.0.1 - - [29/May/2025 20:11:52] "[33mOPTIONS /send-contact-email HTTP/1.1[0m" 404 -
2025-05-29 20:11:55,197 - INFO - 127.0.0.1 - - [29/May/2025 20:11:55] "[33mOPTIONS /send-contact-email HTTP/1.1[0m" 404 -
2025-05-29 20:11:56,156 - INFO - 127.0.0.1 - - [29/May/2025 20:11:56] "[33mOPTIONS /send-contact-email HTTP/1.1[0m" 404 -
2025-05-29 20:11:56,976 - INFO - 127.0.0.1 - - [29/May/2025 20:11:56] "[33mOPTIONS /send-contact-email HTTP/1.1[0m" 404 -
2025-05-29 20:11:57,807 - INFO - 127.0.0.1 - - [29/May/2025 20:11:57] "[33mOPTIONS /send-contact-email HTTP/1.1[0m" 404 -
2025-05-29 20:11:58,367 - INFO - 127.0.0.1 - - [29/May/2025 20:11:58] "[33mOPTIONS /send-contact-email HTTP/1.1[0m" 404 -
2025-05-29 20:11:59,916 - INFO - 127.0.0.1 - - [29/May/2025 20:11:59] "[33mOPTIONS /send-contact-email HTTP/1.1[0m" 404 -
2025-05-29 20:12:00,411 - INFO - 127.0.0.1 - - [29/May/2025 20:12:00] "[33mOPTIONS /send-contact-email HTTP/1.1[0m" 404 -
2025-05-29 20:12:01,302 - INFO - 127.0.0.1 - - [29/May/2025 20:12:01] "[33mOPTIONS /send-contact-email HTTP/1.1[0m" 404 -
2025-05-29 20:12:02,321 - INFO - 127.0.0.1 - - [29/May/2025 20:12:02] "[33mOPTIONS /send-contact-email HTTP/1.1[0m" 404 -
2025-05-29 20:12:03,246 - INFO - 127.0.0.1 - - [29/May/2025 20:12:03] "[33mOPTIONS /send-contact-email HTTP/1.1[0m" 404 -
2025-05-29 20:14:55,278 - INFO -  * Detected change in 'C:\\AutoReportV2\\backend\\app\\utils\\help.py', reloading
2025-05-29 20:14:55,494 - INFO -  * Restarting with stat
2025-05-29 20:14:59,253 - INFO - Ruta de DOWNLOAD_FOLDER: C:\AutoReportV2\backend\temp
2025-05-29 20:14:59,287 - WARNING -  * Debugger is active!
2025-05-29 20:14:59,290 - INFO -  * Debugger PIN: 893-748-441
2025-05-29 20:15:12,391 - INFO -  * Detected change in 'C:\\AutoReportV2\\backend\\app\\routes.py', reloading
2025-05-29 20:15:12,507 - INFO -  * Restarting with stat
2025-05-29 20:21:44,015 - INFO - Ruta de DOWNLOAD_FOLDER: C:\AutoReportV2\backend\temp
2025-05-29 20:21:44,043 - INFO - [31m[1mWARNING: This is a development server. Do not use it in a production deployment. Use a production WSGI server instead.[0m
 * Running on http://127.0.0.1:5000
2025-05-29 20:21:44,043 - INFO - [33mPress CTRL+C to quit[0m
2025-05-29 20:21:44,044 - INFO -  * Restarting with stat
2025-05-29 20:21:45,182 - INFO - Ruta de DOWNLOAD_FOLDER: C:\AutoReportV2\backend\temp
2025-05-29 20:21:45,196 - WARNING -  * Debugger is active!
2025-05-29 20:21:45,199 - INFO -  * Debugger PIN: 893-748-441
2025-05-29 20:21:49,371 - INFO - 127.0.0.1 - - [29/May/2025 20:21:49] "[33mOPTIONS /send-contact-email HTTP/1.1[0m" 404 -
2025-05-29 20:23:25,761 - INFO - 127.0.0.1 - - [29/May/2025 20:23:25] "[33mOPTIONS /send-contact-email HTTP/1.1[0m" 404 -
2025-05-29 20:26:42,921 - INFO -  * Detected change in 'C:\\AutoReportV2\\backend\\app\\routes.py', reloading
2025-05-29 20:26:43,064 - INFO -  * Restarting with stat
2025-05-29 20:26:54,823 - INFO - Ruta de DOWNLOAD_FOLDER: C:\AutoReportV2\backend\temp
2025-05-29 20:26:54,873 - INFO - [31m[1mWARNING: This is a development server. Do not use it in a production deployment. Use a production WSGI server instead.[0m
 * Running on http://127.0.0.1:5000
2025-05-29 20:26:54,873 - INFO - [33mPress CTRL+C to quit[0m
2025-05-29 20:26:54,874 - INFO -  * Restarting with stat
2025-05-29 20:26:56,400 - INFO - Ruta de DOWNLOAD_FOLDER: C:\AutoReportV2\backend\temp
2025-05-29 20:26:56,413 - WARNING -  * Debugger is active!
2025-05-29 20:26:56,416 - INFO -  * Debugger PIN: 893-748-441
2025-05-29 20:26:58,050 - INFO - 127.0.0.1 - - [29/May/2025 20:26:58] "OPTIONS /send-contact-email HTTP/1.1" 200 -
2025-05-29 20:27:06,994 - INFO - 127.0.0.1 - - [29/May/2025 20:27:06] "[35m[1mPOST /send-contact-email HTTP/1.1[0m" 500 -
2025-05-29 20:29:15,235 - INFO - 127.0.0.1 - - [29/May/2025 20:29:15] "OPTIONS /send-contact-email HTTP/1.1" 200 -
2025-05-29 20:29:24,104 - INFO - 127.0.0.1 - - [29/May/2025 20:29:24] "[35m[1mPOST /send-contact-email HTTP/1.1[0m" 500 -
2025-05-29 20:31:10,323 - INFO - 127.0.0.1 - - [29/May/2025 20:31:10] "OPTIONS /send-contact-email HTTP/1.1" 200 -
2025-05-29 20:31:19,719 - INFO - 127.0.0.1 - - [29/May/2025 20:31:19] "[35m[1mPOST /send-contact-email HTTP/1.1[0m" 500 -
2025-05-29 20:31:39,043 - INFO -  * Detected change in 'C:\\AutoReportV2\\backend\\app\\__init__.py', reloading
2025-05-29 20:31:39,178 - INFO -  * Restarting with stat
2025-05-29 20:32:15,587 - INFO - Ruta de DOWNLOAD_FOLDER: C:\AutoReportV2\backend\temp
2025-05-29 20:32:15,617 - INFO - [31m[1mWARNING: This is a development server. Do not use it in a production deployment. Use a production WSGI server instead.[0m
 * Running on http://127.0.0.1:5000
2025-05-29 20:32:15,618 - INFO - [33mPress CTRL+C to quit[0m
2025-05-29 20:32:15,619 - INFO -  * Restarting with stat
2025-05-29 20:32:16,792 - INFO - Ruta de DOWNLOAD_FOLDER: C:\AutoReportV2\backend\temp
2025-05-29 20:32:16,808 - WARNING -  * Debugger is active!
2025-05-29 20:32:16,810 - INFO -  * Debugger PIN: 893-748-441
2025-05-29 20:32:17,537 - INFO - 127.0.0.1 - - [29/May/2025 20:32:17] "OPTIONS /send-contact-email HTTP/1.1" 200 -
2025-05-29 20:32:17,775 - INFO - 127.0.0.1 - - [29/May/2025 20:32:17] "[35m[1mPOST /send-contact-email HTTP/1.1[0m" 500 -
2025-05-29 20:34:30,633 - INFO -  * Detected change in 'C:\\AutoReportV2\\backend\\app\\__init__.py', reloading
2025-05-29 20:34:30,802 - INFO -  * Restarting with stat
2025-05-29 20:34:31,985 - INFO - Ruta de DOWNLOAD_FOLDER: C:\AutoReportV2\backend\temp
2025-05-29 20:34:32,001 - WARNING -  * Debugger is active!
2025-05-29 20:34:32,005 - INFO -  * Debugger PIN: 893-748-441
2025-05-29 20:34:39,258 - INFO - 127.0.0.1 - - [29/May/2025 20:34:39] "OPTIONS /send-contact-email HTTP/1.1" 200 -
2025-05-29 20:34:48,016 - INFO - 127.0.0.1 - - [29/May/2025 20:34:48] "[35m[1mPOST /send-contact-email HTTP/1.1[0m" 500 -
2025-05-29 20:37:17,905 - INFO -  * Detected change in 'C:\\AutoReportV2\\backend\\app\\__init__.py', reloading
2025-05-29 20:37:18,063 - INFO -  * Restarting with stat
2025-05-29 20:37:32,280 - INFO - Ruta de DOWNLOAD_FOLDER: C:\AutoReportV2\backend\temp
2025-05-29 20:37:32,348 - INFO - [31m[1mWARNING: This is a development server. Do not use it in a production deployment. Use a production WSGI server instead.[0m
 * Running on http://127.0.0.1:5000
2025-05-29 20:37:32,348 - INFO - [33mPress CTRL+C to quit[0m
2025-05-29 20:37:32,352 - INFO -  * Restarting with stat
2025-05-29 20:37:33,503 - INFO - Ruta de DOWNLOAD_FOLDER: C:\AutoReportV2\backend\temp
2025-05-29 20:37:33,526 - WARNING -  * Debugger is active!
2025-05-29 20:37:33,529 - INFO -  * Debugger PIN: 893-748-441
2025-05-29 20:37:39,819 - INFO - 127.0.0.1 - - [29/May/2025 20:37:39] "OPTIONS /send-contact-email HTTP/1.1" 200 -
2025-05-29 20:37:48,865 - INFO - 127.0.0.1 - - [29/May/2025 20:37:48] "[35m[1mPOST /send-contact-email HTTP/1.1[0m" 500 -
2025-05-29 20:39:18,073 - INFO -  * Detected change in 'C:\\AutoReportV2\\backend\\app\\help.py', reloading
2025-05-29 20:39:18,203 - INFO -  * Restarting with stat
2025-05-29 20:47:46,000 - INFO -  * Restarting with stat
2025-05-29 20:47:49,372 - INFO - Ruta de DOWNLOAD_FOLDER: C:\AutoReportV2\backend\temp
2025-05-29 20:47:49,391 - WARNING -  * Debugger is active!
2025-05-29 20:47:49,394 - INFO -  * Debugger PIN: 893-748-441
2025-05-29 20:47:50,436 - INFO -  * Detected change in 'C:\\AutoReportV2\\backend\\app\\routes.py', reloading
2025-05-29 20:47:50,576 - INFO -  * Restarting with stat
2025-05-29 20:48:12,854 - INFO - Ruta de DOWNLOAD_FOLDER: C:\AutoReportV2\backend\temp
2025-05-29 20:48:12,980 - INFO - [31m[1mWARNING: This is a development server. Do not use it in a production deployment. Use a production WSGI server instead.[0m
 * Running on http://127.0.0.1:5000
2025-05-29 20:48:12,981 - INFO - [33mPress CTRL+C to quit[0m
2025-05-29 20:48:12,986 - INFO -  * Restarting with stat
2025-05-29 20:48:15,633 - INFO - Ruta de DOWNLOAD_FOLDER: C:\AutoReportV2\backend\temp
2025-05-29 20:48:15,678 - WARNING -  * Debugger is active!
2025-05-29 20:48:15,687 - INFO -  * Debugger PIN: 893-748-441
2025-06-01 22:45:36,299 - INFO - Ruta de DOWNLOAD_FOLDER: C:\AutoReportV2\backend\temp
2025-06-01 22:45:36,348 - INFO - [31m[1mWARNING: This is a development server. Do not use it in a production deployment. Use a production WSGI server instead.[0m
 * Running on http://127.0.0.1:5000
2025-06-01 22:45:36,348 - INFO - [33mPress CTRL+C to quit[0m
2025-06-01 22:45:36,364 - INFO -  * Restarting with stat
2025-06-01 22:45:37,272 - INFO - Ruta de DOWNLOAD_FOLDER: C:\AutoReportV2\backend\temp
2025-06-01 22:45:37,301 - WARNING -  * Debugger is active!
2025-06-01 22:45:37,314 - INFO -  * Debugger PIN: 893-748-441
2025-06-02 11:39:16,834 - INFO -  * Detected change in 'C:\\AutoReportV2\\backend\\app\\routes.py', reloading
2025-06-02 11:39:17,223 - INFO -  * Restarting with stat
2025-06-02 11:39:21,031 - INFO - Ruta de DOWNLOAD_FOLDER: C:\AutoReportV2\backend\temp
2025-06-02 11:39:21,064 - WARNING -  * Debugger is active!
2025-06-02 11:39:21,066 - INFO -  * Debugger PIN: 893-748-441
2025-06-02 11:39:43,214 - INFO -  * Detected change in 'C:\\AutoReportV2\\backend\\app\\routes.py', reloading
2025-06-02 11:39:43,344 - INFO -  * Restarting with stat
2025-06-02 11:39:44,673 - INFO - Ruta de DOWNLOAD_FOLDER: C:\AutoReportV2\backend\temp
2025-06-02 11:39:44,693 - WARNING -  * Debugger is active!
2025-06-02 11:39:44,697 - INFO -  * Debugger PIN: 893-748-441
2025-06-02 11:39:45,714 - INFO -  * Detected change in 'C:\\AutoReportV2\\backend\\app\\routes.py', reloading
2025-06-02 11:39:45,839 - INFO -  * Restarting with stat
2025-06-02 11:39:47,017 - INFO - Ruta de DOWNLOAD_FOLDER: C:\AutoReportV2\backend\temp
2025-06-02 11:39:47,035 - WARNING -  * Debugger is active!
2025-06-02 11:39:47,038 - INFO -  * Debugger PIN: 893-748-441
2025-06-02 11:39:57,098 - INFO -  * Detected change in 'C:\\AutoReportV2\\backend\\app\\routes.py', reloading
2025-06-02 11:39:57,228 - INFO -  * Restarting with stat
2025-06-02 11:39:58,372 - INFO - Ruta de DOWNLOAD_FOLDER: C:\AutoReportV2\backend\temp
2025-06-02 11:39:58,391 - WARNING -  * Debugger is active!
2025-06-02 11:39:58,393 - INFO -  * Debugger PIN: 893-748-441
2025-06-02 11:40:02,435 - INFO -  * Detected change in 'C:\\AutoReportV2\\backend\\app\\routes.py', reloading
2025-06-02 11:40:02,554 - INFO -  * Restarting with stat
2025-06-02 11:40:03,704 - INFO - Ruta de DOWNLOAD_FOLDER: C:\AutoReportV2\backend\temp
2025-06-02 11:40:03,725 - WARNING -  * Debugger is active!
2025-06-02 11:40:03,727 - INFO -  * Debugger PIN: 893-748-441
2025-06-02 12:35:02,664 - ERROR - Error al leer hoja Budget: Worksheet named 'budget' not found
2025-06-02 12:35:02,664 - INFO - 127.0.0.1 - - [02/Jun/2025 12:35:02] "[31m[1mPOST /process-budget HTTP/1.1[0m" 400 -
2025-06-02 12:38:22,123 - INFO - Ruta de DOWNLOAD_FOLDER: C:\AutoReportV2\backend\temp
2025-06-02 12:38:22,187 - INFO - [31m[1mWARNING: This is a development server. Do not use it in a production deployment. Use a production WSGI server instead.[0m
 * Running on http://127.0.0.1:5000
2025-06-02 12:38:22,187 - INFO - [33mPress CTRL+C to quit[0m
2025-06-02 12:38:22,189 - INFO -  * Restarting with stat
2025-06-02 12:38:23,147 - INFO - Ruta de DOWNLOAD_FOLDER: C:\AutoReportV2\backend\temp
2025-06-02 12:38:23,158 - WARNING -  * Debugger is active!
2025-06-02 12:38:23,169 - INFO -  * Debugger PIN: 893-748-441
2025-06-02 12:44:32,346 - INFO - 127.0.0.1 - - [02/Jun/2025 12:44:32] "[35m[1mPOST /run-process HTTP/1.1[0m" 500 -
2025-06-02 12:45:46,005 - INFO - 127.0.0.1 - - [02/Jun/2025 12:45:46] "[35m[1mPOST /run-process HTTP/1.1[0m" 500 -
2025-06-02 12:46:45,216 - INFO -  * Detected change in 'C:\\AutoReportV2\\backend\\app\\routes.py', reloading
2025-06-02 12:46:45,393 - INFO -  * Restarting with stat
2025-06-02 12:46:48,656 - INFO - Ruta de DOWNLOAD_FOLDER: C:\AutoReportV2\backend\temp
2025-06-02 12:46:48,679 - WARNING -  * Debugger is active!
2025-06-02 12:46:48,682 - INFO -  * Debugger PIN: 893-748-441
2025-06-02 12:46:51,414 - INFO - 127.0.0.1 - - [02/Jun/2025 12:46:51] "[35m[1mPOST /run-process HTTP/1.1[0m" 500 -
2025-06-02 12:51:57,969 - INFO - Ruta de DOWNLOAD_FOLDER: C:\AutoReportV2\backend\temp
2025-06-02 12:51:57,999 - INFO - [31m[1mWARNING: This is a development server. Do not use it in a production deployment. Use a production WSGI server instead.[0m
 * Running on http://127.0.0.1:5000
2025-06-02 12:51:57,999 - INFO - [33mPress CTRL+C to quit[0m
2025-06-02 12:51:57,999 - INFO -  * Restarting with stat
2025-06-02 12:51:59,100 - INFO - Ruta de DOWNLOAD_FOLDER: C:\AutoReportV2\backend\temp
2025-06-02 12:51:59,118 - WARNING -  * Debugger is active!
2025-06-02 12:51:59,120 - INFO -  * Debugger PIN: 893-748-441
2025-06-02 12:52:26,765 - INFO - 127.0.0.1 - - [02/Jun/2025 12:52:26] "[35m[1mPOST /run-process HTTP/1.1[0m" 500 -
2025-06-02 12:53:02,646 - INFO -  * Detected change in 'C:\\AutoReportV2\\backend\\app\\routes.py', reloading
2025-06-02 12:53:02,758 - INFO -  * Restarting with stat
2025-06-02 12:53:54,967 - INFO - Ruta de DOWNLOAD_FOLDER: C:\AutoReportV2\backend\temp
2025-06-02 12:53:55,000 - INFO - [31m[1mWARNING: This is a development server. Do not use it in a production deployment. Use a production WSGI server instead.[0m
 * Running on http://127.0.0.1:5000
2025-06-02 12:53:55,000 - INFO - [33mPress CTRL+C to quit[0m
2025-06-02 12:53:55,002 - INFO -  * Restarting with stat
2025-06-02 12:53:56,300 - INFO - Ruta de DOWNLOAD_FOLDER: C:\AutoReportV2\backend\temp
2025-06-02 12:53:56,322 - WARNING -  * Debugger is active!
2025-06-02 12:53:56,324 - INFO -  * Debugger PIN: 893-748-441
2025-06-02 12:53:59,733 - INFO - 127.0.0.1 - - [02/Jun/2025 12:53:59] "[35m[1mPOST /run-process HTTP/1.1[0m" 500 -
2025-06-02 12:56:24,200 - INFO -  * Detected change in 'C:\\AutoReportV2\\backend\\app\\routes.py', reloading
2025-06-02 12:56:24,330 - INFO -  * Restarting with stat
2025-06-02 12:56:27,679 - INFO - Ruta de DOWNLOAD_FOLDER: C:\AutoReportV2\backend\temp
2025-06-02 12:56:27,971 - WARNING -  * Debugger is active!
2025-06-02 12:56:27,974 - INFO -  * Debugger PIN: 893-748-441
2025-06-02 12:56:39,082 - INFO -  * Detected change in 'C:\\AutoReportV2\\backend\\app\\routes.py', reloading
2025-06-02 12:56:39,211 - INFO -  * Restarting with stat
2025-06-02 12:56:40,374 - INFO - Ruta de DOWNLOAD_FOLDER: C:\AutoReportV2\backend\temp
2025-06-02 12:56:40,400 - WARNING -  * Debugger is active!
2025-06-02 12:56:40,403 - INFO -  * Debugger PIN: 893-748-441
2025-06-02 12:56:53,926 - INFO - 127.0.0.1 - - [02/Jun/2025 12:56:53] "[35m[1mPOST /run-process HTTP/1.1[0m" 500 -
2025-06-02 12:57:05,592 - INFO -  * Detected change in 'C:\\AutoReportV2\\backend\\app\\routes.py', reloading
2025-06-02 12:57:05,709 - INFO -  * Restarting with stat
2025-06-02 12:57:06,940 - INFO - Ruta de DOWNLOAD_FOLDER: C:\AutoReportV2\backend\temp
2025-06-02 12:57:06,962 - WARNING -  * Debugger is active!
2025-06-02 12:57:06,969 - INFO -  * Debugger PIN: 893-748-441
2025-06-02 12:57:07,989 - INFO -  * Detected change in 'C:\\AutoReportV2\\backend\\app\\routes.py', reloading
2025-06-02 12:57:08,102 - INFO -  * Restarting with stat
2025-06-02 12:57:09,291 - INFO - Ruta de DOWNLOAD_FOLDER: C:\AutoReportV2\backend\temp
2025-06-02 12:57:09,312 - WARNING -  * Debugger is active!
2025-06-02 12:57:09,316 - INFO -  * Debugger PIN: 893-748-441
2025-06-02 12:57:11,340 - INFO -  * Detected change in 'C:\\AutoReportV2\\backend\\app\\routes.py', reloading
2025-06-02 12:57:11,458 - INFO -  * Restarting with stat
2025-06-02 12:57:12,727 - INFO - Ruta de DOWNLOAD_FOLDER: C:\AutoReportV2\backend\temp
2025-06-02 12:57:12,740 - WARNING -  * Debugger is active!
2025-06-02 12:57:12,757 - INFO -  * Debugger PIN: 893-748-441
2025-06-02 12:57:14,781 - INFO -  * Detected change in 'C:\\AutoReportV2\\backend\\app\\routes.py', reloading
2025-06-02 12:57:14,889 - INFO -  * Restarting with stat
2025-06-02 12:57:16,006 - INFO - Ruta de DOWNLOAD_FOLDER: C:\AutoReportV2\backend\temp
2025-06-02 12:57:16,028 - WARNING -  * Debugger is active!
2025-06-02 12:57:16,034 - INFO -  * Debugger PIN: 893-748-441
2025-06-02 12:57:22,073 - INFO -  * Detected change in 'C:\\AutoReportV2\\backend\\app\\routes.py', reloading
2025-06-02 12:57:22,206 - INFO -  * Restarting with stat
2025-06-02 12:57:23,331 - INFO - Ruta de DOWNLOAD_FOLDER: C:\AutoReportV2\backend\temp
2025-06-02 12:57:23,356 - WARNING -  * Debugger is active!
2025-06-02 12:57:23,358 - INFO -  * Debugger PIN: 893-748-441
2025-06-02 12:57:27,385 - INFO -  * Detected change in 'C:\\AutoReportV2\\backend\\app\\routes.py', reloading
2025-06-02 12:57:27,489 - INFO -  * Restarting with stat
2025-06-02 12:57:28,589 - INFO - Ruta de DOWNLOAD_FOLDER: C:\AutoReportV2\backend\temp
2025-06-02 12:57:28,612 - WARNING -  * Debugger is active!
2025-06-02 12:57:28,614 - INFO -  * Debugger PIN: 893-748-441
2025-06-02 12:57:35,739 - INFO - 127.0.0.1 - - [02/Jun/2025 12:57:35] "[35m[1mPOST /run-process HTTP/1.1[0m" 500 -
2025-06-02 13:00:21,772 - INFO - 127.0.0.1 - - [02/Jun/2025 13:00:21] "[35m[1mPOST /run-process HTTP/1.1[0m" 500 -
2025-06-02 13:08:13,317 - INFO - Ruta de DOWNLOAD_FOLDER: C:\AutoReportV2\backend\temp
2025-06-02 13:08:13,413 - INFO - [31m[1mWARNING: This is a development server. Do not use it in a production deployment. Use a production WSGI server instead.[0m
 * Running on http://127.0.0.1:5000
2025-06-02 13:08:13,413 - INFO - [33mPress CTRL+C to quit[0m
2025-06-02 13:08:13,415 - INFO -  * Restarting with stat
2025-06-02 13:08:14,680 - INFO - Ruta de DOWNLOAD_FOLDER: C:\AutoReportV2\backend\temp
2025-06-02 13:08:14,696 - WARNING -  * Debugger is active!
2025-06-02 13:08:14,696 - INFO -  * Debugger PIN: 259-138-747
2025-06-02 13:16:43,748 - INFO - 127.0.0.1 - - [02/Jun/2025 13:16:43] "POST /run-process HTTP/1.1" 200 -
2025-06-02 14:04:22,766 - INFO -  * Detected change in 'C:\\AutoReportV2\\backend\\app\\routes.py', reloading
2025-06-02 14:04:27,503 - INFO -  * Restarting with stat
2025-06-02 14:04:30,724 - INFO - Ruta de DOWNLOAD_FOLDER: C:\AutoReportV2\backend\temp
2025-06-02 14:04:30,748 - WARNING -  * Debugger is active!
2025-06-02 14:04:30,750 - INFO -  * Debugger PIN: 259-138-747
2025-06-02 14:04:31,796 - INFO -  * Detected change in 'C:\\AutoReportV2\\backend\\app\\routes.py', reloading
2025-06-02 14:04:32,011 - INFO -  * Restarting with stat
2025-06-02 14:04:33,237 - INFO - Ruta de DOWNLOAD_FOLDER: C:\AutoReportV2\backend\temp
2025-06-02 14:04:33,262 - WARNING -  * Debugger is active!
2025-06-02 14:04:33,264 - INFO -  * Debugger PIN: 259-138-747
2025-06-02 14:04:40,311 - INFO -  * Detected change in 'C:\\AutoReportV2\\backend\\app\\routes.py', reloading
2025-06-02 14:04:40,435 - INFO -  * Restarting with stat
2025-06-02 14:04:41,684 - INFO - Ruta de DOWNLOAD_FOLDER: C:\AutoReportV2\backend\temp
2025-06-02 14:04:41,708 - WARNING -  * Debugger is active!
2025-06-02 14:04:41,710 - INFO -  * Debugger PIN: 259-138-747
2025-06-02 14:05:40,998 - INFO -  * Detected change in 'C:\\AutoReportV2\\backend\\app\\routes.py', reloading
2025-06-02 14:05:41,143 - INFO -  * Restarting with stat
2025-06-02 14:05:42,486 - INFO - Ruta de DOWNLOAD_FOLDER: C:\AutoReportV2\backend\temp
2025-06-02 14:05:42,513 - WARNING -  * Debugger is active!
2025-06-02 14:05:42,517 - INFO -  * Debugger PIN: 259-138-747
2025-06-02 14:08:46,313 - INFO -  * Detected change in 'C:\\AutoReportV2\\backend\\app\\routes.py', reloading
2025-06-02 14:08:46,440 - INFO -  * Restarting with stat
2025-06-02 14:08:47,459 - INFO - Ruta de DOWNLOAD_FOLDER: C:\AutoReportV2\backend\temp
2025-06-02 14:08:47,476 - WARNING -  * Debugger is active!
2025-06-02 14:08:47,478 - INFO -  * Debugger PIN: 259-138-747
2025-06-02 14:09:09,624 - INFO -  * Detected change in 'C:\\AutoReportV2\\backend\\app\\routes.py', reloading
2025-06-02 14:09:09,738 - INFO -  * Restarting with stat
2025-06-02 14:09:10,738 - INFO - Ruta de DOWNLOAD_FOLDER: C:\AutoReportV2\backend\temp
2025-06-02 14:09:10,755 - WARNING -  * Debugger is active!
2025-06-02 14:09:10,771 - INFO -  * Debugger PIN: 259-138-747
2025-06-02 14:09:14,802 - INFO -  * Detected change in 'C:\\AutoReportV2\\backend\\app\\routes.py', reloading
2025-06-02 14:09:14,911 - INFO -  * Restarting with stat
2025-06-02 14:09:15,988 - INFO - Ruta de DOWNLOAD_FOLDER: C:\AutoReportV2\backend\temp
2025-06-02 14:09:16,015 - WARNING -  * Debugger is active!
2025-06-02 14:09:16,017 - INFO -  * Debugger PIN: 259-138-747
2025-06-02 14:10:08,342 - INFO -  * Detected change in 'C:\\AutoReportV2\\backend\\app\\routes.py', reloading
2025-06-02 14:10:08,496 - INFO -  * Restarting with stat
2025-06-02 14:10:26,126 - INFO - Ruta de DOWNLOAD_FOLDER: C:\AutoReportV2\backend\temp
2025-06-02 14:10:26,162 - INFO - [31m[1mWARNING: This is a development server. Do not use it in a production deployment. Use a production WSGI server instead.[0m
 * Running on http://127.0.0.1:5000
2025-06-02 14:10:26,162 - INFO - [33mPress CTRL+C to quit[0m
2025-06-02 14:10:26,162 - INFO -  * Restarting with stat
2025-06-02 14:10:27,253 - INFO - Ruta de DOWNLOAD_FOLDER: C:\AutoReportV2\backend\temp
2025-06-02 14:10:27,286 - WARNING -  * Debugger is active!
2025-06-02 14:10:27,289 - INFO -  * Debugger PIN: 259-138-747
2025-06-02 14:12:44,049 - INFO -  * Detected change in 'C:\\AutoReportV2\\backend\\app\\routes.py', reloading
2025-06-02 14:12:44,161 - INFO -  * Restarting with stat
2025-06-02 14:12:46,841 - INFO - Ruta de DOWNLOAD_FOLDER: C:\AutoReportV2\backend\temp
2025-06-02 14:12:46,873 - WARNING -  * Debugger is active!
2025-06-02 14:12:46,873 - INFO -  * Debugger PIN: 259-138-747
2025-06-02 14:12:59,572 - INFO - 127.0.0.1 - - [02/Jun/2025 14:12:59] "[31m[1mPOST /process-budget HTTP/1.1[0m" 400 -
2025-06-02 14:14:35,490 - INFO -  * Detected change in 'C:\\AutoReportV2\\backend\\app\\routes.py', reloading
2025-06-02 14:14:35,612 - INFO -  * Restarting with stat
2025-06-02 14:14:36,920 - INFO - Ruta de DOWNLOAD_FOLDER: C:\AutoReportV2\backend\temp
2025-06-02 14:14:36,948 - WARNING -  * Debugger is active!
2025-06-02 14:14:36,953 - INFO -  * Debugger PIN: 259-138-747
2025-06-02 14:14:57,791 - INFO - Ruta de DOWNLOAD_FOLDER: C:\AutoReportV2\backend\temp
2025-06-02 14:14:57,834 - INFO - [31m[1mWARNING: This is a development server. Do not use it in a production deployment. Use a production WSGI server instead.[0m
 * Running on http://127.0.0.1:5000
2025-06-02 14:14:57,834 - INFO - [33mPress CTRL+C to quit[0m
2025-06-02 14:14:57,836 - INFO -  * Restarting with stat
2025-06-02 14:14:58,959 - INFO - Ruta de DOWNLOAD_FOLDER: C:\AutoReportV2\backend\temp
2025-06-02 14:14:58,985 - WARNING -  * Debugger is active!
2025-06-02 14:14:58,990 - INFO -  * Debugger PIN: 259-138-747
2025-06-02 14:15:52,860 - INFO - 127.0.0.1 - - [02/Jun/2025 14:15:52] "POST /process-budget HTTP/1.1" 200 -
2025-06-02 14:17:23,655 - INFO - 127.0.0.1 - - [02/Jun/2025 14:17:23] "POST /process-budget HTTP/1.1" 200 -
2025-06-02 14:27:48,822 - INFO - 127.0.0.1 - - [02/Jun/2025 14:27:48] "POST /run-process HTTP/1.1" 200 -
2025-06-03 10:35:27,725 - INFO - Ruta de DOWNLOAD_FOLDER: C:\AutoReportV2\backend\temp
2025-06-03 10:35:27,848 - INFO - [31m[1mWARNING: This is a development server. Do not use it in a production deployment. Use a production WSGI server instead.[0m
 * Running on http://127.0.0.1:5000
2025-06-03 10:35:27,848 - INFO - [33mPress CTRL+C to quit[0m
2025-06-03 10:35:27,853 - INFO -  * Restarting with stat
2025-06-03 10:35:29,534 - INFO - Ruta de DOWNLOAD_FOLDER: C:\AutoReportV2\backend\temp
2025-06-03 10:35:29,563 - WARNING -  * Debugger is active!
2025-06-03 10:35:29,569 - INFO -  * Debugger PIN: 259-138-747
2025-06-05 15:30:59,356 - INFO -  * Detected change in 'C:\\AutoReportV2\\backend\\app\\routes.py', reloading
2025-06-05 15:30:59,849 - INFO -  * Restarting with stat
2025-06-05 15:31:04,037 - INFO - Ruta de DOWNLOAD_FOLDER: C:\AutoReportV2\backend\temp
2025-06-05 15:31:04,088 - WARNING -  * Debugger is active!
2025-06-05 15:31:04,088 - INFO -  * Debugger PIN: 259-138-747
2025-06-05 15:31:07,161 - INFO -  * Detected change in 'C:\\AutoReportV2\\backend\\app\\routes.py', reloading
2025-06-05 15:31:07,331 - INFO -  * Restarting with stat
2025-06-05 15:31:08,572 - INFO - Ruta de DOWNLOAD_FOLDER: C:\AutoReportV2\backend\temp
2025-06-05 15:31:08,597 - WARNING -  * Debugger is active!
2025-06-05 15:31:08,605 - INFO -  * Debugger PIN: 259-138-747
2025-06-05 16:07:22,333 - INFO -  * Detected change in 'C:\\AutoReportV2\\backend\\app\\utils\\forecast_processor.py', reloading
2025-06-05 16:07:22,509 - INFO -  * Restarting with stat
2025-06-05 16:07:26,933 - INFO - Ruta de DOWNLOAD_FOLDER: C:\AutoReportV2\backend\temp
2025-06-05 16:07:26,963 - WARNING -  * Debugger is active!
2025-06-05 16:07:26,966 - INFO -  * Debugger PIN: 259-138-747
2025-06-05 16:07:48,173 - INFO -  * Detected change in 'C:\\AutoReportV2\\backend\\app\\utils\\forecast_processor.py', reloading
2025-06-05 16:07:48,301 - INFO -  * Restarting with stat
2025-06-05 16:07:49,708 - INFO - Ruta de DOWNLOAD_FOLDER: C:\AutoReportV2\backend\temp
2025-06-05 16:07:49,738 - WARNING -  * Debugger is active!
2025-06-05 16:07:49,738 - INFO -  * Debugger PIN: 259-138-747
2025-06-05 16:07:54,791 - INFO -  * Detected change in 'C:\\AutoReportV2\\backend\\app\\utils\\forecast_processor.py', reloading
2025-06-05 16:07:54,971 - INFO -  * Restarting with stat
2025-06-05 16:07:56,319 - INFO - Ruta de DOWNLOAD_FOLDER: C:\AutoReportV2\backend\temp
2025-06-05 16:07:56,345 - WARNING -  * Debugger is active!
2025-06-05 16:07:56,348 - INFO -  * Debugger PIN: 259-138-747
2025-06-05 16:07:57,367 - INFO -  * Detected change in 'C:\\AutoReportV2\\backend\\app\\utils\\forecast_processor.py', reloading
2025-06-05 16:07:57,520 - INFO -  * Restarting with stat
2025-06-05 16:07:58,833 - INFO - Ruta de DOWNLOAD_FOLDER: C:\AutoReportV2\backend\temp
2025-06-05 16:07:58,850 - WARNING -  * Debugger is active!
2025-06-05 16:07:58,857 - INFO -  * Debugger PIN: 259-138-747
2025-06-05 16:13:58,542 - INFO -  * Detected change in 'C:\\AutoReportV2\\backend\\app\\utils\\forecast_processor.py', reloading
2025-06-05 16:13:58,681 - INFO -  * Restarting with stat
2025-06-05 16:14:02,970 - INFO - Ruta de DOWNLOAD_FOLDER: C:\AutoReportV2\backend\temp
2025-06-05 16:14:03,000 - WARNING -  * Debugger is active!
2025-06-05 16:14:03,003 - INFO -  * Debugger PIN: 259-138-747
2025-06-05 16:14:29,283 - INFO -  * Detected change in 'C:\\AutoReportV2\\backend\\app\\utils\\forecast_processor.py', reloading
2025-06-05 16:14:29,428 - INFO -  * Restarting with stat
2025-06-05 16:58:50,857 - INFO - Ruta de DOWNLOAD_FOLDER: C:\AutoReportV2\backend\temp
2025-06-05 16:58:50,949 - INFO - [31m[1mWARNING: This is a development server. Do not use it in a production deployment. Use a production WSGI server instead.[0m
 * Running on http://127.0.0.1:5000
2025-06-05 16:58:50,949 - INFO - [33mPress CTRL+C to quit[0m
2025-06-05 16:58:50,951 - INFO -  * Restarting with stat
2025-06-05 16:58:52,707 - INFO - Ruta de DOWNLOAD_FOLDER: C:\AutoReportV2\backend\temp
2025-06-05 16:58:52,729 - WARNING -  * Debugger is active!
2025-06-05 16:58:52,732 - INFO -  * Debugger PIN: 259-138-747
2025-06-05 17:18:45,315 - ERROR - Error al procesar el archivo descargado: 'tuple' object is not callable
Traceback (most recent call last):
  File "C:\AutoReportV2\backend\app\routes.py", line 458, in run_process
    resultado = procesar_forecast(archivo_descargado, forecast_base)
                ^^^^^^^^^^^^^^^^^^^^^^^^^^^^^^^^^^^^^^^^^^^^^^^^^^^^
  File "C:\AutoReportV2\backend\app\utils\forecast_processor.py", line 486, in procesar_forecast
    (["Mainframe", "Cognitive", "Storage HW", "Storage TPS", "Z Middleware"], "Colombia", 3)
TypeError: 'tuple' object is not callable
2025-06-05 17:18:45,390 - INFO - 127.0.0.1 - - [05/Jun/2025 17:18:45] "[35m[1mPOST /run-process HTTP/1.1[0m" 500 -
2025-06-05 17:20:52,267 - INFO -  * Detected change in 'C:\\AutoReportV2\\backend\\app\\utils\\forecast_processor.py', reloading
2025-06-05 17:20:56,717 - INFO -  * Restarting with stat
2025-06-05 17:21:01,131 - INFO - Ruta de DOWNLOAD_FOLDER: C:\AutoReportV2\backend\temp
2025-06-05 17:21:01,177 - WARNING -  * Debugger is active!
2025-06-05 17:21:01,179 - INFO -  * Debugger PIN: 259-138-747
2025-06-05 17:29:33,739 - INFO - 127.0.0.1 - - [05/Jun/2025 17:29:33] "POST /run-process HTTP/1.1" 200 -
2025-06-05 17:35:12,888 - INFO -  * Detected change in 'C:\\AutoReportV2\\backend\\app\\utils\\forecast_processor.py', reloading
2025-06-05 17:35:17,868 - INFO -  * Restarting with stat
2025-06-05 17:35:21,708 - INFO - Ruta de DOWNLOAD_FOLDER: C:\AutoReportV2\backend\temp
2025-06-05 17:35:21,735 - WARNING -  * Debugger is active!
2025-06-05 17:35:21,739 - INFO -  * Debugger PIN: 259-138-747
2025-06-05 17:35:23,799 - INFO -  * Detected change in 'C:\\AutoReportV2\\backend\\app\\utils\\forecast_processor.py', reloading
2025-06-05 17:35:23,968 - INFO -  * Restarting with stat
2025-06-05 17:35:25,333 - INFO - Ruta de DOWNLOAD_FOLDER: C:\AutoReportV2\backend\temp
2025-06-05 17:35:25,356 - WARNING -  * Debugger is active!
2025-06-05 17:35:25,356 - INFO -  * Debugger PIN: 259-138-747
2025-06-05 17:35:26,383 - INFO -  * Detected change in 'C:\\AutoReportV2\\backend\\app\\utils\\forecast_processor.py', reloading
2025-06-05 17:35:26,502 - INFO -  * Restarting with stat
2025-06-05 17:37:14,759 - INFO - Ruta de DOWNLOAD_FOLDER: C:\AutoReportV2\backend\temp
2025-06-05 17:37:14,822 - INFO - [31m[1mWARNING: This is a development server. Do not use it in a production deployment. Use a production WSGI server instead.[0m
 * Running on http://127.0.0.1:5000
2025-06-05 17:37:14,822 - INFO - [33mPress CTRL+C to quit[0m
2025-06-05 17:37:14,822 - INFO -  * Restarting with stat
2025-06-05 17:37:16,362 - INFO - Ruta de DOWNLOAD_FOLDER: C:\AutoReportV2\backend\temp
2025-06-05 17:37:16,387 - WARNING -  * Debugger is active!
2025-06-05 17:37:16,393 - INFO -  * Debugger PIN: 259-138-747
2025-06-05 17:47:34,195 - INFO - 127.0.0.1 - - [05/Jun/2025 17:47:34] "POST /run-process HTTP/1.1" 200 -
2025-06-05 18:16:01,890 - INFO -  * Detected change in 'C:\\AutoReportV2\\backend\\app\\utils\\week_to_friday.py', reloading
2025-06-05 18:16:07,184 - INFO -  * Restarting with stat
2025-06-05 18:16:11,800 - INFO - Ruta de DOWNLOAD_FOLDER: C:\AutoReportV2\backend\temp
2025-06-05 18:16:11,857 - WARNING -  * Debugger is active!
2025-06-05 18:16:11,861 - INFO -  * Debugger PIN: 259-138-747
2025-06-05 18:16:15,931 - INFO -  * Detected change in 'C:\\AutoReportV2\\backend\\app\\utils\\week_to_friday.py', reloading
2025-06-05 18:16:16,071 - INFO -  * Restarting with stat
2025-06-05 18:16:17,745 - INFO - Ruta de DOWNLOAD_FOLDER: C:\AutoReportV2\backend\temp
2025-06-05 18:16:17,784 - WARNING -  * Debugger is active!
2025-06-05 18:16:17,791 - INFO -  * Debugger PIN: 259-138-747
2025-06-05 18:16:27,879 - INFO -  * Detected change in 'C:\\AutoReportV2\\backend\\app\\utils\\forecast_processor.py', reloading
2025-06-05 18:16:28,094 - INFO -  * Restarting with stat
2025-06-05 18:16:29,608 - INFO - Ruta de DOWNLOAD_FOLDER: C:\AutoReportV2\backend\temp
2025-06-05 18:16:29,631 - WARNING -  * Debugger is active!
2025-06-05 18:16:29,633 - INFO -  * Debugger PIN: 259-138-747
2025-06-05 18:17:31,053 - INFO -  * Detected change in 'C:\\AutoReportV2\\backend\\app\\utils\\forecast_processor.py', reloading
2025-06-05 18:17:31,204 - INFO -  * Restarting with stat
2025-06-05 19:00:52,020 - INFO - Ruta de DOWNLOAD_FOLDER: C:\AutoReportV2\backend\temp
2025-06-05 19:00:52,105 - INFO - [31m[1mWARNING: This is a development server. Do not use it in a production deployment. Use a production WSGI server instead.[0m
 * Running on http://127.0.0.1:5000
2025-06-05 19:00:52,105 - INFO - [33mPress CTRL+C to quit[0m
2025-06-05 19:00:52,107 - INFO -  * Restarting with stat
2025-06-05 19:00:53,719 - INFO - Ruta de DOWNLOAD_FOLDER: C:\AutoReportV2\backend\temp
2025-06-05 19:00:53,758 - WARNING -  * Debugger is active!
2025-06-05 19:00:53,762 - INFO -  * Debugger PIN: 259-138-747
2025-06-05 19:17:14,688 - INFO - 127.0.0.1 - - [05/Jun/2025 19:17:14] "[35m[1mPOST /run-process HTTP/1.1[0m" 500 -
2025-06-05 19:17:58,915 - INFO -  * Detected change in 'C:\\AutoReportV2\\backend\\app\\routes.py', reloading
2025-06-05 19:17:59,099 - INFO -  * Restarting with stat
2025-06-05 19:18:03,321 - INFO - Ruta de DOWNLOAD_FOLDER: C:\AutoReportV2\backend\temp
2025-06-05 19:18:03,359 - WARNING -  * Debugger is active!
2025-06-05 19:18:03,361 - INFO -  * Debugger PIN: 259-138-747
2025-06-05 19:27:51,587 - ERROR - Error al procesar el archivo descargado: [Errno 2] No such file or directory: 'data/forecast_base.xlsx'
Traceback (most recent call last):
  File "C:\AutoReportV2\backend\app\routes.py", line 458, in run_process
    resultado = procesar_forecast(archivo_descargado, forecast_base)
                ^^^^^^^^^^^^^^^^^^^^^^^^^^^^^^^^^^^^^^^^^^^^^^^^^^^^
  File "C:\AutoReportV2\backend\app\utils\forecast_processor.py", line 446, in procesar_forecast
    calcular_forecast()
  File "C:\AutoReportV2\backend\app\utils\week_to_friday.py", line 6, in calcular_forecast
    tabla_raw = pd.read_excel(forecast_temp_path, sheet_name="Data Trx", header=None)
                ^^^^^^^^^^^^^^^^^^^^^^^^^^^^^^^^^^^^^^^^^^^^^^^^^^^^^^^^^^^^^^^^^^^^^
  File "C:\Users\AlexixJohanOrostegui\AppData\Local\Programs\Python\Python311\Lib\site-packages\pandas\io\excel\_base.py", line 495, in read_excel
    io = ExcelFile(
         ^^^^^^^^^^
  File "C:\Users\AlexixJohanOrostegui\AppData\Local\Programs\Python\Python311\Lib\site-packages\pandas\io\excel\_base.py", line 1550, in __init__
    ext = inspect_excel_format(
          ^^^^^^^^^^^^^^^^^^^^^
  File "C:\Users\AlexixJohanOrostegui\AppData\Local\Programs\Python\Python311\Lib\site-packages\pandas\io\excel\_base.py", line 1402, in inspect_excel_format
    with get_handle(
         ^^^^^^^^^^^
  File "C:\Users\AlexixJohanOrostegui\AppData\Local\Programs\Python\Python311\Lib\site-packages\pandas\io\common.py", line 882, in get_handle
    handle = open(handle, ioargs.mode)
             ^^^^^^^^^^^^^^^^^^^^^^^^^
FileNotFoundError: [Errno 2] No such file or directory: 'data/forecast_base.xlsx'
2025-06-05 19:27:51,821 - INFO - 127.0.0.1 - - [05/Jun/2025 19:27:51] "[35m[1mPOST /run-process HTTP/1.1[0m" 500 -
2025-06-05 19:39:12,089 - INFO -  * Detected change in 'C:\\AutoReportV2\\backend\\app\\utils\\week_to_friday.py', reloading
2025-06-05 19:39:17,453 - INFO -  * Restarting with stat
2025-06-05 19:43:24,753 - INFO - Ruta de DOWNLOAD_FOLDER: C:\AutoReportV2\backend\temp
2025-06-05 19:43:24,841 - INFO - [31m[1mWARNING: This is a development server. Do not use it in a production deployment. Use a production WSGI server instead.[0m
 * Running on http://127.0.0.1:5000
2025-06-05 19:43:24,841 - INFO - [33mPress CTRL+C to quit[0m
2025-06-05 19:43:24,841 - INFO -  * Restarting with stat
2025-06-05 19:43:26,396 - INFO - Ruta de DOWNLOAD_FOLDER: C:\AutoReportV2\backend\temp
2025-06-05 19:43:26,440 - WARNING -  * Debugger is active!
2025-06-05 19:43:26,443 - INFO -  * Debugger PIN: 259-138-747
2025-06-05 19:57:37,346 - ERROR - Error al procesar el archivo descargado: ('Lengths must match to compare', (22421,), (3,))
Traceback (most recent call last):
  File "C:\AutoReportV2\backend\app\routes.py", line 458, in run_process
    resultado = procesar_forecast(archivo_descargado, forecast_base)
                ^^^^^^^^^^^^^^^^^^^^^^^^^^^^^^^^^^^^^^^^^^^^^^^^^^^^
  File "C:\AutoReportV2\backend\app\utils\forecast_processor.py", line 446, in procesar_forecast
    calcular_forecast()
  File "C:\AutoReportV2\backend\app\utils\week_to_friday.py", line 136, in calcular_forecast
    (tabla4[country_col] == Country) &
     ^^^^^^^^^^^^^^^^^^^^^^^^^^^^^^
  File "C:\Users\AlexixJohanOrostegui\AppData\Local\Programs\Python\Python311\Lib\site-packages\pandas\core\ops\common.py", line 76, in new_method
    return method(self, other)
           ^^^^^^^^^^^^^^^^^^^
  File "C:\Users\AlexixJohanOrostegui\AppData\Local\Programs\Python\Python311\Lib\site-packages\pandas\core\arraylike.py", line 40, in __eq__
    return self._cmp_method(other, operator.eq)
           ^^^^^^^^^^^^^^^^^^^^^^^^^^^^^^^^^^^^
  File "C:\Users\AlexixJohanOrostegui\AppData\Local\Programs\Python\Python311\Lib\site-packages\pandas\core\series.py", line 6119, in _cmp_method
    res_values = ops.comparison_op(lvalues, rvalues, op)
                 ^^^^^^^^^^^^^^^^^^^^^^^^^^^^^^^^^^^^^^^
  File "C:\Users\AlexixJohanOrostegui\AppData\Local\Programs\Python\Python311\Lib\site-packages\pandas\core\ops\array_ops.py", line 321, in comparison_op
    raise ValueError(
ValueError: ('Lengths must match to compare', (22421,), (3,))
2025-06-05 19:57:37,486 - INFO - 127.0.0.1 - - [05/Jun/2025 19:57:37] "[35m[1mPOST /run-process HTTP/1.1[0m" 500 -
2025-06-05 20:04:31,561 - INFO -  * Detected change in 'C:\\AutoReportV2\\backend\\app\\utils\\week_to_friday.py', reloading
2025-06-05 20:04:36,759 - INFO -  * Restarting with stat
2025-06-05 20:04:41,955 - INFO - Ruta de DOWNLOAD_FOLDER: C:\AutoReportV2\backend\temp
2025-06-05 20:04:41,991 - WARNING -  * Debugger is active!
2025-06-05 20:04:42,005 - INFO -  * Debugger PIN: 259-138-747
2025-06-05 20:04:43,054 - INFO -  * Detected change in 'C:\\AutoReportV2\\backend\\app\\utils\\week_to_friday.py', reloading
2025-06-05 20:04:43,193 - INFO -  * Restarting with stat
2025-06-05 20:07:01,955 - INFO - Ruta de DOWNLOAD_FOLDER: C:\AutoReportV2\backend\temp
2025-06-05 20:07:02,021 - INFO - [31m[1mWARNING: This is a development server. Do not use it in a production deployment. Use a production WSGI server instead.[0m
 * Running on http://127.0.0.1:5000
2025-06-05 20:07:02,022 - INFO - [33mPress CTRL+C to quit[0m
2025-06-05 20:07:02,025 - INFO -  * Restarting with stat
2025-06-05 20:07:03,833 - INFO - Ruta de DOWNLOAD_FOLDER: C:\AutoReportV2\backend\temp
2025-06-05 20:07:03,872 - WARNING -  * Debugger is active!
2025-06-05 20:07:03,880 - INFO -  * Debugger PIN: 259-138-747
2025-06-05 20:17:33,691 - ERROR - Error al procesar el archivo descargado: only list-like objects are allowed to be passed to isin(), you passed a `int`
Traceback (most recent call last):
  File "C:\AutoReportV2\backend\app\routes.py", line 458, in run_process
    resultado = procesar_forecast(archivo_descargado, forecast_base)
                ^^^^^^^^^^^^^^^^^^^^^^^^^^^^^^^^^^^^^^^^^^^^^^^^^^^^
  File "C:\AutoReportV2\backend\app\utils\forecast_processor.py", line 446, in procesar_forecast
    calcular_forecast()
  File "C:\AutoReportV2\backend\app\utils\week_to_friday.py", line 138, in calcular_forecast
    (tabla4[month_col].isin(Month)) &
     ^^^^^^^^^^^^^^^^^^^^^^^^^^^^^
  File "C:\Users\AlexixJohanOrostegui\AppData\Local\Programs\Python\Python311\Lib\site-packages\pandas\core\series.py", line 5559, in isin
    result = algorithms.isin(self._values, values)
             ^^^^^^^^^^^^^^^^^^^^^^^^^^^^^^^^^^^^^
  File "C:\Users\AlexixJohanOrostegui\AppData\Local\Programs\Python\Python311\Lib\site-packages\pandas\core\algorithms.py", line 477, in isin
    raise TypeError(
TypeError: only list-like objects are allowed to be passed to isin(), you passed a `int`
2025-06-05 20:17:33,866 - INFO - 127.0.0.1 - - [05/Jun/2025 20:17:33] "[35m[1mPOST /run-process HTTP/1.1[0m" 500 -
2025-06-05 20:19:40,480 - INFO -  * Detected change in 'C:\\AutoReportV2\\backend\\app\\utils\\week_to_friday.py', reloading
2025-06-05 20:19:45,218 - INFO -  * Restarting with stat
2025-06-05 20:19:48,832 - INFO - Ruta de DOWNLOAD_FOLDER: C:\AutoReportV2\backend\temp
2025-06-05 20:19:48,878 - WARNING -  * Debugger is active!
2025-06-05 20:19:48,881 - INFO -  * Debugger PIN: 259-138-747
2025-06-05 20:19:53,962 - INFO -  * Detected change in 'C:\\AutoReportV2\\backend\\app\\utils\\week_to_friday.py', reloading
2025-06-05 20:19:54,102 - INFO -  * Restarting with stat
2025-06-05 20:19:55,744 - INFO - Ruta de DOWNLOAD_FOLDER: C:\AutoReportV2\backend\temp
2025-06-05 20:19:55,772 - WARNING -  * Debugger is active!
2025-06-05 20:19:55,778 - INFO -  * Debugger PIN: 259-138-747
2025-06-05 20:19:56,802 - INFO -  * Detected change in 'C:\\AutoReportV2\\backend\\app\\utils\\week_to_friday.py', reloading
2025-06-05 20:19:56,987 - INFO -  * Restarting with stat
2025-06-05 20:19:58,613 - INFO - Ruta de DOWNLOAD_FOLDER: C:\AutoReportV2\backend\temp
2025-06-05 20:19:58,662 - WARNING -  * Debugger is active!
2025-06-05 20:19:58,668 - INFO -  * Debugger PIN: 259-138-747
2025-06-05 20:20:42,992 - INFO -  * Detected change in 'C:\\AutoReportV2\\backend\\app\\utils\\week_to_friday.py', reloading
2025-06-05 20:20:43,172 - INFO -  * Restarting with stat
2025-06-05 20:20:44,900 - INFO - Ruta de DOWNLOAD_FOLDER: C:\AutoReportV2\backend\temp
2025-06-05 20:20:44,923 - WARNING -  * Debugger is active!
2025-06-05 20:20:44,929 - INFO -  * Debugger PIN: 259-138-747
2025-06-05 20:20:57,021 - INFO -  * Detected change in 'C:\\AutoReportV2\\backend\\app\\utils\\week_to_friday.py', reloading
2025-06-05 20:20:57,204 - INFO -  * Restarting with stat
2025-06-05 20:20:58,651 - INFO - Ruta de DOWNLOAD_FOLDER: C:\AutoReportV2\backend\temp
2025-06-05 20:20:58,674 - WARNING -  * Debugger is active!
2025-06-05 20:20:58,678 - INFO -  * Debugger PIN: 259-138-747
2025-06-05 20:21:00,703 - INFO -  * Detected change in 'C:\\AutoReportV2\\backend\\app\\utils\\week_to_friday.py', reloading
2025-06-05 20:21:00,846 - INFO -  * Restarting with stat
2025-06-05 20:21:02,360 - INFO - Ruta de DOWNLOAD_FOLDER: C:\AutoReportV2\backend\temp
2025-06-05 20:21:02,396 - WARNING -  * Debugger is active!
2025-06-05 20:21:02,400 - INFO -  * Debugger PIN: 259-138-747
2025-06-05 20:21:06,441 - INFO -  * Detected change in 'C:\\AutoReportV2\\backend\\app\\utils\\week_to_friday.py', reloading
2025-06-05 20:21:06,595 - INFO -  * Restarting with stat
2025-06-05 20:21:08,220 - INFO - Ruta de DOWNLOAD_FOLDER: C:\AutoReportV2\backend\temp
2025-06-05 20:21:08,250 - WARNING -  * Debugger is active!
2025-06-05 20:21:08,254 - INFO -  * Debugger PIN: 259-138-747
2025-06-05 20:21:10,280 - INFO -  * Detected change in 'C:\\AutoReportV2\\backend\\app\\utils\\week_to_friday.py', reloading
2025-06-05 20:21:10,424 - INFO -  * Restarting with stat
2025-06-05 20:21:11,911 - INFO - Ruta de DOWNLOAD_FOLDER: C:\AutoReportV2\backend\temp
2025-06-05 20:21:11,939 - WARNING -  * Debugger is active!
2025-06-05 20:21:11,942 - INFO -  * Debugger PIN: 259-138-747
2025-06-05 20:21:17,989 - INFO -  * Detected change in 'C:\\AutoReportV2\\backend\\app\\utils\\week_to_friday.py', reloading
2025-06-05 20:21:18,162 - INFO -  * Restarting with stat
2025-06-05 20:27:12,120 - INFO - Ruta de DOWNLOAD_FOLDER: C:\AutoReportV2\backend\temp
2025-06-05 20:27:12,172 - INFO - [31m[1mWARNING: This is a development server. Do not use it in a production deployment. Use a production WSGI server instead.[0m
 * Running on http://127.0.0.1:5000
2025-06-05 20:27:12,172 - INFO - [33mPress CTRL+C to quit[0m
2025-06-05 20:27:12,177 - INFO -  * Restarting with stat
2025-06-05 20:27:13,910 - INFO - Ruta de DOWNLOAD_FOLDER: C:\AutoReportV2\backend\temp
2025-06-05 20:27:13,929 - WARNING -  * Debugger is active!
2025-06-05 20:27:13,933 - INFO -  * Debugger PIN: 259-138-747
2025-06-05 20:37:40,270 - ERROR - Error al procesar el archivo descargado: only list-like objects are allowed to be passed to isin(), you passed a `int`
Traceback (most recent call last):
  File "C:\AutoReportV2\backend\app\routes.py", line 458, in run_process
    resultado = procesar_forecast(archivo_descargado, forecast_base)
                ^^^^^^^^^^^^^^^^^^^^^^^^^^^^^^^^^^^^^^^^^^^^^^^^^^^^
  File "C:\AutoReportV2\backend\app\utils\forecast_processor.py", line 446, in procesar_forecast
    calcular_forecast()
  File "C:\AutoReportV2\backend\app\utils\week_to_friday.py", line 138, in calcular_forecast
    (tabla4[month_col].isin(Month)) &
     ^^^^^^^^^^^^^^^^^^^^^^^^^^^^^
  File "C:\Users\AlexixJohanOrostegui\AppData\Local\Programs\Python\Python311\Lib\site-packages\pandas\core\series.py", line 5559, in isin
    result = algorithms.isin(self._values, values)
             ^^^^^^^^^^^^^^^^^^^^^^^^^^^^^^^^^^^^^
  File "C:\Users\AlexixJohanOrostegui\AppData\Local\Programs\Python\Python311\Lib\site-packages\pandas\core\algorithms.py", line 477, in isin
    raise TypeError(
TypeError: only list-like objects are allowed to be passed to isin(), you passed a `int`
2025-06-05 20:37:40,392 - INFO - 127.0.0.1 - - [05/Jun/2025 20:37:40] "[35m[1mPOST /run-process HTTP/1.1[0m" 500 -
2025-06-05 20:41:29,158 - INFO -  * Detected change in 'C:\\AutoReportV2\\backend\\app\\utils\\week_to_friday.py', reloading
2025-06-05 20:41:34,695 - INFO -  * Restarting with stat
2025-06-05 20:42:55,772 - INFO - Ruta de DOWNLOAD_FOLDER: C:\AutoReportV2\backend\temp
2025-06-05 20:42:55,851 - INFO - [31m[1mWARNING: This is a development server. Do not use it in a production deployment. Use a production WSGI server instead.[0m
 * Running on http://127.0.0.1:5000
2025-06-05 20:42:55,851 - INFO - [33mPress CTRL+C to quit[0m
2025-06-05 20:42:55,851 - INFO -  * Restarting with stat
2025-06-05 20:42:57,184 - INFO - Ruta de DOWNLOAD_FOLDER: C:\AutoReportV2\backend\temp
2025-06-05 20:42:57,220 - WARNING -  * Debugger is active!
2025-06-05 20:42:57,221 - INFO -  * Debugger PIN: 259-138-747
2025-06-05 20:51:58,235 - ERROR - Error al procesar el archivo descargado: [Errno 2] No such file or directory: 'C:\\AutoReportV2\\backend\\app\\data\\forecast_base.xlsm'
Traceback (most recent call last):
  File "C:\AutoReportV2\backend\app\routes.py", line 458, in run_process
    resultado = procesar_forecast(archivo_descargado, forecast_base)
                ^^^^^^^^^^^^^^^^^^^^^^^^^^^^^^^^^^^^^^^^^^^^^^^^^^^^
  File "C:\AutoReportV2\backend\app\utils\forecast_processor.py", line 449, in procesar_forecast
    wb = openpyxl.load_workbook(forecast_path)
         ^^^^^^^^^^^^^^^^^^^^^^^^^^^^^^^^^^^^^
  File "C:\Users\AlexixJohanOrostegui\AppData\Local\Programs\Python\Python311\Lib\site-packages\openpyxl\reader\excel.py", line 346, in load_workbook
    reader = ExcelReader(filename, read_only, keep_vba,
             ^^^^^^^^^^^^^^^^^^^^^^^^^^^^^^^^^^^^^^^^^^
  File "C:\Users\AlexixJohanOrostegui\AppData\Local\Programs\Python\Python311\Lib\site-packages\openpyxl\reader\excel.py", line 123, in __init__
    self.archive = _validate_archive(fn)
                   ^^^^^^^^^^^^^^^^^^^^^
  File "C:\Users\AlexixJohanOrostegui\AppData\Local\Programs\Python\Python311\Lib\site-packages\openpyxl\reader\excel.py", line 95, in _validate_archive
    archive = ZipFile(filename, 'r')
              ^^^^^^^^^^^^^^^^^^^^^^
  File "C:\Users\AlexixJohanOrostegui\AppData\Local\Programs\Python\Python311\Lib\zipfile.py", line 1294, in __init__
    self.fp = io.open(file, filemode)
              ^^^^^^^^^^^^^^^^^^^^^^^
FileNotFoundError: [Errno 2] No such file or directory: 'C:\\AutoReportV2\\backend\\app\\data\\forecast_base.xlsm'
2025-06-05 20:51:58,411 - INFO - 127.0.0.1 - - [05/Jun/2025 20:51:58] "[35m[1mPOST /run-process HTTP/1.1[0m" 500 -
2025-06-05 20:54:06,035 - INFO -  * Detected change in 'C:\\AutoReportV2\\backend\\app\\utils\\week_to_friday.py', reloading
2025-06-05 20:54:11,384 - INFO -  * Restarting with stat
2025-06-05 20:54:15,513 - INFO - Ruta de DOWNLOAD_FOLDER: C:\AutoReportV2\backend\temp
2025-06-05 20:54:15,541 - WARNING -  * Debugger is active!
2025-06-05 20:54:15,543 - INFO -  * Debugger PIN: 259-138-747
2025-06-05 20:58:50,336 - INFO -  * Detected change in 'C:\\AutoReportV2\\backend\\app\\utils\\forecast_processor.py', reloading
2025-06-05 20:58:50,470 - INFO -  * Restarting with stat
2025-06-05 20:58:54,093 - INFO - Ruta de DOWNLOAD_FOLDER: C:\AutoReportV2\backend\temp
2025-06-05 20:58:54,128 - WARNING -  * Debugger is active!
2025-06-05 20:58:54,128 - INFO -  * Debugger PIN: 259-138-747
2025-06-05 21:00:48,033 - INFO -  * Detected change in 'C:\\AutoReportV2\\backend\\app\\utils\\forecast_processor.py', reloading
2025-06-05 21:00:48,244 - INFO -  * Restarting with stat
2025-06-05 21:01:11,262 - INFO - Ruta de DOWNLOAD_FOLDER: C:\AutoReportV2\backend\temp
2025-06-05 21:01:11,298 - INFO - [31m[1mWARNING: This is a development server. Do not use it in a production deployment. Use a production WSGI server instead.[0m
 * Running on http://127.0.0.1:5000
2025-06-05 21:01:11,298 - INFO - [33mPress CTRL+C to quit[0m
2025-06-05 21:01:11,300 - INFO -  * Restarting with stat
2025-06-05 21:01:12,724 - INFO - Ruta de DOWNLOAD_FOLDER: C:\AutoReportV2\backend\temp
2025-06-05 21:01:12,757 - WARNING -  * Debugger is active!
2025-06-05 21:01:12,760 - INFO -  * Debugger PIN: 259-138-747
2025-06-05 21:11:12,436 - INFO - 127.0.0.1 - - [05/Jun/2025 21:11:12] "POST /run-process HTTP/1.1" 200 -
2025-06-05 21:16:43,027 - INFO -  * Detected change in 'C:\\AutoReportV2\\backend\\app\\utils\\forecast_processor.py', reloading
2025-06-05 21:16:49,501 - INFO -  * Restarting with stat
2025-06-05 21:16:53,933 - INFO - Ruta de DOWNLOAD_FOLDER: C:\AutoReportV2\backend\temp
2025-06-05 21:16:53,990 - WARNING -  * Debugger is active!
2025-06-05 21:16:53,994 - INFO -  * Debugger PIN: 259-138-747
2025-06-05 21:20:17,515 - INFO -  * Detected change in 'C:\\AutoReportV2\\backend\\app\\utils\\forecast_processor.py', reloading
2025-06-05 21:20:17,644 - INFO -  * Restarting with stat
2025-06-05 21:20:19,365 - INFO - Ruta de DOWNLOAD_FOLDER: C:\AutoReportV2\backend\temp
2025-06-05 21:20:19,392 - WARNING -  * Debugger is active!
2025-06-05 21:20:19,395 - INFO -  * Debugger PIN: 259-138-747
2025-06-05 21:20:23,434 - INFO -  * Detected change in 'C:\\AutoReportV2\\backend\\app\\utils\\forecast_processor.py', reloading
2025-06-05 21:20:23,604 - INFO -  * Restarting with stat
2025-06-05 21:20:25,300 - INFO - Ruta de DOWNLOAD_FOLDER: C:\AutoReportV2\backend\temp
2025-06-05 21:20:25,331 - WARNING -  * Debugger is active!
2025-06-05 21:20:25,334 - INFO -  * Debugger PIN: 259-138-747
2025-06-05 21:21:09,635 - INFO -  * Detected change in 'C:\\AutoReportV2\\backend\\app\\utils\\forecast_processor.py', reloading
2025-06-05 21:21:09,775 - INFO -  * Restarting with stat
2025-06-05 21:22:24,365 - INFO - Ruta de DOWNLOAD_FOLDER: C:\AutoReportV2\backend\temp
2025-06-05 21:22:24,426 - INFO - [31m[1mWARNING: This is a development server. Do not use it in a production deployment. Use a production WSGI server instead.[0m
 * Running on http://127.0.0.1:5000
2025-06-05 21:22:24,426 - INFO - [33mPress CTRL+C to quit[0m
2025-06-05 21:22:24,426 - INFO -  * Restarting with stat
2025-06-05 21:22:26,140 - INFO - Ruta de DOWNLOAD_FOLDER: C:\AutoReportV2\backend\temp
2025-06-05 21:22:26,170 - WARNING -  * Debugger is active!
2025-06-05 21:22:26,173 - INFO -  * Debugger PIN: 259-138-747
2025-06-05 21:32:46,200 - INFO - 127.0.0.1 - - [05/Jun/2025 21:32:46] "POST /run-process HTTP/1.1" 200 -
2025-06-05 21:34:47,813 - INFO - Ruta de DOWNLOAD_FOLDER: C:\AutoReportV2\backend\temp
2025-06-05 21:34:47,891 - INFO - [31m[1mWARNING: This is a development server. Do not use it in a production deployment. Use a production WSGI server instead.[0m
 * Running on http://127.0.0.1:5000
2025-06-05 21:34:47,892 - INFO - [33mPress CTRL+C to quit[0m
2025-06-05 21:34:47,894 - INFO -  * Restarting with stat
2025-06-05 21:34:49,651 - INFO - Ruta de DOWNLOAD_FOLDER: C:\AutoReportV2\backend\temp
2025-06-05 21:34:49,681 - WARNING -  * Debugger is active!
2025-06-05 21:34:49,683 - INFO -  * Debugger PIN: 259-138-747
2025-06-05 21:36:18,262 - INFO -  * Detected change in 'C:\\AutoReportV2\\backend\\app\\utils\\forecast_processor.py', reloading
2025-06-05 21:36:18,471 - INFO -  * Restarting with stat
2025-06-05 21:36:20,079 - INFO - Ruta de DOWNLOAD_FOLDER: C:\AutoReportV2\backend\temp
2025-06-05 21:36:20,102 - WARNING -  * Debugger is active!
2025-06-05 21:36:20,105 - INFO -  * Debugger PIN: 259-138-747
2025-06-05 21:36:29,169 - INFO -  * Detected change in 'C:\\AutoReportV2\\backend\\app\\utils\\forecast_processor.py', reloading
2025-06-05 21:36:29,303 - INFO -  * Restarting with stat
2025-06-05 21:36:30,971 - INFO - Ruta de DOWNLOAD_FOLDER: C:\AutoReportV2\backend\temp
2025-06-05 21:36:31,007 - WARNING -  * Debugger is active!
2025-06-05 21:36:31,008 - INFO -  * Debugger PIN: 259-138-747
2025-06-05 21:47:13,274 - INFO - 127.0.0.1 - - [05/Jun/2025 21:47:13] "POST /run-process HTTP/1.1" 200 -
2025-06-05 21:49:40,524 - INFO -  * Detected change in 'C:\\AutoReportV2\\backend\\app\\utils\\week_to_friday.py', reloading
2025-06-05 21:49:46,615 - INFO -  * Restarting with stat
2025-06-05 21:49:48,346 - INFO - Ruta de DOWNLOAD_FOLDER: C:\AutoReportV2\backend\temp
2025-06-05 21:49:48,383 - WARNING -  * Debugger is active!
2025-06-05 21:49:48,386 - INFO -  * Debugger PIN: 259-138-747
2025-06-05 21:49:50,414 - INFO -  * Detected change in 'C:\\AutoReportV2\\backend\\app\\utils\\week_to_friday.py', reloading
2025-06-05 21:49:50,557 - INFO -  * Restarting with stat
2025-06-05 21:49:54,026 - INFO - Ruta de DOWNLOAD_FOLDER: C:\AutoReportV2\backend\temp
2025-06-05 21:49:54,064 - WARNING -  * Debugger is active!
2025-06-05 21:49:54,066 - INFO -  * Debugger PIN: 259-138-747
2025-06-05 21:49:55,104 - INFO -  * Detected change in 'C:\\AutoReportV2\\backend\\app\\utils\\week_to_friday.py', reloading
2025-06-05 21:49:55,273 - INFO -  * Restarting with stat
2025-06-05 21:49:57,345 - INFO - Ruta de DOWNLOAD_FOLDER: C:\AutoReportV2\backend\temp
2025-06-05 21:49:57,392 - WARNING -  * Debugger is active!
2025-06-05 21:49:57,395 - INFO -  * Debugger PIN: 259-138-747
2025-06-05 21:49:59,434 - INFO -  * Detected change in 'C:\\AutoReportV2\\backend\\app\\utils\\week_to_friday.py', reloading
2025-06-05 21:49:59,582 - INFO -  * Restarting with stat
2025-06-05 21:50:01,973 - INFO - Ruta de DOWNLOAD_FOLDER: C:\AutoReportV2\backend\temp
2025-06-05 21:50:02,017 - WARNING -  * Debugger is active!
2025-06-05 21:50:02,024 - INFO -  * Debugger PIN: 259-138-747
2025-06-05 21:50:26,225 - INFO -  * Detected change in 'C:\\AutoReportV2\\backend\\app\\utils\\week_to_friday.py', reloading
2025-06-05 21:50:26,384 - INFO -  * Restarting with stat
2025-06-05 21:50:28,022 - INFO - Ruta de DOWNLOAD_FOLDER: C:\AutoReportV2\backend\temp
2025-06-05 21:50:28,052 - WARNING -  * Debugger is active!
2025-06-05 21:50:28,053 - INFO -  * Debugger PIN: 259-138-747
2025-06-05 21:50:29,077 - INFO -  * Detected change in 'C:\\AutoReportV2\\backend\\app\\utils\\week_to_friday.py', reloading
2025-06-05 21:50:29,218 - INFO -  * Restarting with stat
2025-06-05 21:50:30,783 - INFO - Ruta de DOWNLOAD_FOLDER: C:\AutoReportV2\backend\temp
2025-06-05 21:50:30,822 - WARNING -  * Debugger is active!
2025-06-05 21:50:30,827 - INFO -  * Debugger PIN: 259-138-747
2025-06-05 21:50:38,898 - INFO -  * Detected change in 'C:\\AutoReportV2\\backend\\app\\utils\\week_to_friday.py', reloading
2025-06-05 21:50:39,064 - INFO -  * Restarting with stat
2025-06-05 21:50:40,904 - INFO - Ruta de DOWNLOAD_FOLDER: C:\AutoReportV2\backend\temp
2025-06-05 21:50:40,941 - WARNING -  * Debugger is active!
2025-06-05 21:50:40,943 - INFO -  * Debugger PIN: 259-138-747
2025-06-05 21:50:49,013 - INFO -  * Detected change in 'C:\\AutoReportV2\\backend\\app\\utils\\forecast_processor.py', reloading
2025-06-05 21:50:49,143 - INFO -  * Restarting with stat
2025-06-05 21:50:50,626 - INFO - Ruta de DOWNLOAD_FOLDER: C:\AutoReportV2\backend\temp
2025-06-05 21:50:50,654 - WARNING -  * Debugger is active!
2025-06-05 21:50:50,658 - INFO -  * Debugger PIN: 259-138-747
2025-06-05 21:50:51,683 - INFO -  * Detected change in 'C:\\AutoReportV2\\backend\\app\\utils\\forecast_processor.py', reloading
2025-06-05 21:50:51,826 - INFO -  * Restarting with stat
2025-06-05 21:50:53,444 - INFO - Ruta de DOWNLOAD_FOLDER: C:\AutoReportV2\backend\temp
2025-06-05 21:50:53,474 - WARNING -  * Debugger is active!
2025-06-05 21:50:53,477 - INFO -  * Debugger PIN: 259-138-747
2025-06-05 21:51:02,544 - INFO -  * Detected change in 'C:\\AutoReportV2\\backend\\app\\utils\\forecast_processor.py', reloading
2025-06-05 21:51:02,702 - INFO -  * Restarting with stat
2025-06-05 21:51:04,193 - INFO - Ruta de DOWNLOAD_FOLDER: C:\AutoReportV2\backend\temp
2025-06-05 21:51:04,232 - WARNING -  * Debugger is active!
2025-06-05 21:51:04,235 - INFO -  * Debugger PIN: 259-138-747
2025-06-05 21:51:10,280 - INFO -  * Detected change in 'C:\\AutoReportV2\\backend\\app\\utils\\forecast_processor.py', reloading
2025-06-05 21:51:10,432 - INFO -  * Restarting with stat
2025-06-05 21:51:11,946 - INFO - Ruta de DOWNLOAD_FOLDER: C:\AutoReportV2\backend\temp
2025-06-05 21:51:11,980 - WARNING -  * Debugger is active!
2025-06-05 21:51:11,984 - INFO -  * Debugger PIN: 259-138-747
2025-06-05 21:51:15,014 - INFO -  * Detected change in 'C:\\AutoReportV2\\backend\\app\\utils\\forecast_processor.py', reloading
2025-06-05 21:51:15,174 - INFO -  * Restarting with stat
2025-06-05 21:51:16,668 - INFO - Ruta de DOWNLOAD_FOLDER: C:\AutoReportV2\backend\temp
2025-06-05 21:51:16,711 - WARNING -  * Debugger is active!
2025-06-05 21:51:16,714 - INFO -  * Debugger PIN: 259-138-747
2025-06-05 21:51:18,737 - INFO -  * Detected change in 'C:\\AutoReportV2\\backend\\app\\utils\\forecast_processor.py', reloading
2025-06-05 21:51:18,887 - INFO -  * Restarting with stat
2025-06-05 21:51:20,562 - INFO - Ruta de DOWNLOAD_FOLDER: C:\AutoReportV2\backend\temp
2025-06-05 21:51:20,598 - WARNING -  * Debugger is active!
2025-06-05 21:51:20,602 - INFO -  * Debugger PIN: 259-138-747
2025-06-05 21:51:24,643 - INFO -  * Detected change in 'C:\\AutoReportV2\\backend\\app\\utils\\forecast_processor.py', reloading
2025-06-05 21:51:24,782 - INFO -  * Restarting with stat
2025-06-05 21:51:26,494 - INFO - Ruta de DOWNLOAD_FOLDER: C:\AutoReportV2\backend\temp
2025-06-05 21:51:26,530 - WARNING -  * Debugger is active!
2025-06-05 21:51:26,534 - INFO -  * Debugger PIN: 259-138-747
2025-06-05 21:51:30,570 - INFO -  * Detected change in 'C:\\AutoReportV2\\backend\\app\\utils\\forecast_processor.py', reloading
2025-06-05 21:51:30,724 - INFO -  * Restarting with stat
2025-06-05 21:51:32,573 - INFO - Ruta de DOWNLOAD_FOLDER: C:\AutoReportV2\backend\temp
2025-06-05 21:51:32,612 - WARNING -  * Debugger is active!
2025-06-05 21:51:32,613 - INFO -  * Debugger PIN: 259-138-747
2025-06-05 21:51:35,644 - INFO -  * Detected change in 'C:\\AutoReportV2\\backend\\app\\utils\\forecast_processor.py', reloading
2025-06-05 21:51:35,779 - INFO -  * Restarting with stat
2025-06-05 21:51:37,222 - INFO - Ruta de DOWNLOAD_FOLDER: C:\AutoReportV2\backend\temp
2025-06-05 21:51:37,255 - WARNING -  * Debugger is active!
2025-06-05 21:51:37,261 - INFO -  * Debugger PIN: 259-138-747
2025-06-05 21:51:45,309 - INFO -  * Detected change in 'C:\\AutoReportV2\\backend\\app\\utils\\forecast_processor.py', reloading
2025-06-05 21:51:45,451 - INFO -  * Restarting with stat
2025-06-05 21:51:46,908 - INFO - Ruta de DOWNLOAD_FOLDER: C:\AutoReportV2\backend\temp
2025-06-05 21:51:46,931 - WARNING -  * Debugger is active!
2025-06-05 21:51:46,934 - INFO -  * Debugger PIN: 259-138-747
2025-06-05 21:51:48,993 - INFO -  * Detected change in 'C:\\AutoReportV2\\backend\\app\\utils\\forecast_processor.py', reloading
2025-06-05 21:51:49,115 - INFO -  * Restarting with stat
2025-06-05 21:51:50,733 - INFO - Ruta de DOWNLOAD_FOLDER: C:\AutoReportV2\backend\temp
2025-06-05 21:51:50,771 - WARNING -  * Debugger is active!
2025-06-05 21:51:50,774 - INFO -  * Debugger PIN: 259-138-747
2025-06-05 21:51:55,820 - INFO -  * Detected change in 'C:\\AutoReportV2\\backend\\app\\utils\\forecast_processor.py', reloading
2025-06-05 21:51:55,964 - INFO -  * Restarting with stat
2025-06-05 21:51:57,554 - INFO - Ruta de DOWNLOAD_FOLDER: C:\AutoReportV2\backend\temp
2025-06-05 21:51:57,591 - WARNING -  * Debugger is active!
2025-06-05 21:51:57,594 - INFO -  * Debugger PIN: 259-138-747
2025-06-05 21:51:59,624 - INFO -  * Detected change in 'C:\\AutoReportV2\\backend\\app\\utils\\forecast_processor.py', reloading
2025-06-05 21:51:59,763 - INFO -  * Restarting with stat
2025-06-05 21:52:01,242 - INFO - Ruta de DOWNLOAD_FOLDER: C:\AutoReportV2\backend\temp
2025-06-05 21:52:01,264 - WARNING -  * Debugger is active!
2025-06-05 21:52:01,274 - INFO -  * Debugger PIN: 259-138-747
2025-06-05 21:52:03,304 - INFO -  * Detected change in 'C:\\AutoReportV2\\backend\\app\\utils\\forecast_processor.py', reloading
2025-06-05 21:52:03,473 - INFO -  * Restarting with stat
2025-06-05 21:52:05,259 - INFO - Ruta de DOWNLOAD_FOLDER: C:\AutoReportV2\backend\temp
2025-06-05 21:52:05,286 - WARNING -  * Debugger is active!
2025-06-05 21:52:05,292 - INFO -  * Debugger PIN: 259-138-747
2025-06-05 21:52:06,314 - INFO -  * Detected change in 'C:\\AutoReportV2\\backend\\app\\utils\\forecast_processor.py', reloading
2025-06-05 21:52:06,440 - INFO -  * Restarting with stat
2025-06-05 21:52:07,963 - INFO - Ruta de DOWNLOAD_FOLDER: C:\AutoReportV2\backend\temp
2025-06-05 21:52:07,998 - WARNING -  * Debugger is active!
2025-06-05 21:52:08,002 - INFO -  * Debugger PIN: 259-138-747
2025-06-05 21:52:11,041 - INFO -  * Detected change in 'C:\\AutoReportV2\\backend\\app\\utils\\forecast_processor.py', reloading
2025-06-05 21:52:11,206 - INFO -  * Restarting with stat
2025-06-05 21:52:12,904 - INFO - Ruta de DOWNLOAD_FOLDER: C:\AutoReportV2\backend\temp
2025-06-05 21:52:12,939 - WARNING -  * Debugger is active!
2025-06-05 21:52:12,943 - INFO -  * Debugger PIN: 259-138-747
2025-06-05 21:52:13,968 - INFO -  * Detected change in 'C:\\AutoReportV2\\backend\\app\\utils\\forecast_processor.py', reloading
2025-06-05 21:52:14,143 - INFO -  * Restarting with stat
2025-06-05 21:52:15,850 - INFO - Ruta de DOWNLOAD_FOLDER: C:\AutoReportV2\backend\temp
2025-06-05 21:52:15,890 - WARNING -  * Debugger is active!
2025-06-05 21:52:15,894 - INFO -  * Debugger PIN: 259-138-747
2025-06-05 21:52:16,918 - INFO -  * Detected change in 'C:\\AutoReportV2\\backend\\app\\utils\\forecast_processor.py', reloading
2025-06-05 21:52:17,083 - INFO -  * Restarting with stat
2025-06-05 21:52:18,804 - INFO - Ruta de DOWNLOAD_FOLDER: C:\AutoReportV2\backend\temp
2025-06-05 21:52:18,840 - WARNING -  * Debugger is active!
2025-06-05 21:52:18,844 - INFO -  * Debugger PIN: 259-138-747
2025-06-05 21:52:22,904 - INFO -  * Detected change in 'C:\\AutoReportV2\\backend\\app\\utils\\forecast_processor.py', reloading
2025-06-05 21:52:23,062 - INFO -  * Restarting with stat
2025-06-05 21:52:24,650 - INFO - Ruta de DOWNLOAD_FOLDER: C:\AutoReportV2\backend\temp
2025-06-05 21:52:24,684 - WARNING -  * Debugger is active!
2025-06-05 21:52:24,688 - INFO -  * Debugger PIN: 259-138-747
2025-06-05 21:52:26,722 - INFO -  * Detected change in 'C:\\AutoReportV2\\backend\\app\\utils\\forecast_processor.py', reloading
2025-06-05 21:52:26,880 - INFO -  * Restarting with stat
2025-06-05 21:52:28,502 - INFO - Ruta de DOWNLOAD_FOLDER: C:\AutoReportV2\backend\temp
2025-06-05 21:52:28,532 - WARNING -  * Debugger is active!
2025-06-05 21:52:28,536 - INFO -  * Debugger PIN: 259-138-747
2025-06-05 21:52:29,557 - INFO -  * Detected change in 'C:\\AutoReportV2\\backend\\app\\utils\\forecast_processor.py', reloading
2025-06-05 21:52:29,726 - INFO -  * Restarting with stat
2025-06-05 21:52:31,318 - INFO - Ruta de DOWNLOAD_FOLDER: C:\AutoReportV2\backend\temp
2025-06-05 21:52:31,358 - WARNING -  * Debugger is active!
2025-06-05 21:52:31,362 - INFO -  * Debugger PIN: 259-138-747
2025-06-05 21:52:32,388 - INFO -  * Detected change in 'C:\\AutoReportV2\\backend\\app\\utils\\forecast_processor.py', reloading
2025-06-05 21:52:32,532 - INFO -  * Restarting with stat
2025-06-05 21:52:34,270 - INFO - Ruta de DOWNLOAD_FOLDER: C:\AutoReportV2\backend\temp
2025-06-05 21:52:34,310 - WARNING -  * Debugger is active!
2025-06-05 21:52:34,314 - INFO -  * Debugger PIN: 259-138-747
2025-06-05 21:52:37,354 - INFO -  * Detected change in 'C:\\AutoReportV2\\backend\\app\\utils\\forecast_processor.py', reloading
2025-06-05 21:52:37,482 - INFO -  * Restarting with stat
2025-06-05 21:52:39,064 - INFO - Ruta de DOWNLOAD_FOLDER: C:\AutoReportV2\backend\temp
2025-06-05 21:52:39,096 - WARNING -  * Debugger is active!
2025-06-05 21:52:39,099 - INFO -  * Debugger PIN: 259-138-747
2025-06-05 21:52:40,120 - INFO -  * Detected change in 'C:\\AutoReportV2\\backend\\app\\utils\\forecast_processor.py', reloading
2025-06-05 21:52:40,246 - INFO -  * Restarting with stat
2025-06-05 21:52:42,014 - INFO - Ruta de DOWNLOAD_FOLDER: C:\AutoReportV2\backend\temp
2025-06-05 21:52:42,048 - WARNING -  * Debugger is active!
2025-06-05 21:52:42,052 - INFO -  * Debugger PIN: 259-138-747
2025-06-05 21:52:44,079 - INFO -  * Detected change in 'C:\\AutoReportV2\\backend\\app\\utils\\forecast_processor.py', reloading
2025-06-05 21:52:44,227 - INFO -  * Restarting with stat
2025-06-05 21:52:45,953 - INFO - Ruta de DOWNLOAD_FOLDER: C:\AutoReportV2\backend\temp
2025-06-05 21:52:45,985 - WARNING -  * Debugger is active!
2025-06-05 21:52:45,994 - INFO -  * Debugger PIN: 259-138-747
2025-06-05 21:52:47,021 - INFO -  * Detected change in 'C:\\AutoReportV2\\backend\\app\\utils\\forecast_processor.py', reloading
2025-06-05 21:52:47,164 - INFO -  * Restarting with stat
2025-06-05 21:52:48,772 - INFO - Ruta de DOWNLOAD_FOLDER: C:\AutoReportV2\backend\temp
2025-06-05 21:52:48,794 - WARNING -  * Debugger is active!
2025-06-05 21:52:48,803 - INFO -  * Debugger PIN: 259-138-747
2025-06-05 21:52:49,824 - INFO -  * Detected change in 'C:\\AutoReportV2\\backend\\app\\utils\\forecast_processor.py', reloading
2025-06-05 21:52:49,973 - INFO -  * Restarting with stat
2025-06-05 21:52:51,703 - INFO - Ruta de DOWNLOAD_FOLDER: C:\AutoReportV2\backend\temp
2025-06-05 21:52:51,733 - WARNING -  * Debugger is active!
2025-06-05 21:52:51,738 - INFO -  * Debugger PIN: 259-138-747
2025-06-05 21:52:52,764 - INFO -  * Detected change in 'C:\\AutoReportV2\\backend\\app\\utils\\forecast_processor.py', reloading
2025-06-05 21:52:52,929 - INFO -  * Restarting with stat
2025-06-05 21:52:54,640 - INFO - Ruta de DOWNLOAD_FOLDER: C:\AutoReportV2\backend\temp
2025-06-05 21:52:54,682 - WARNING -  * Debugger is active!
2025-06-05 21:52:54,686 - INFO -  * Debugger PIN: 259-138-747
2025-06-05 21:52:57,720 - INFO -  * Detected change in 'C:\\AutoReportV2\\backend\\app\\utils\\forecast_processor.py', reloading
2025-06-05 21:52:57,882 - INFO -  * Restarting with stat
2025-06-05 21:52:59,630 - INFO - Ruta de DOWNLOAD_FOLDER: C:\AutoReportV2\backend\temp
2025-06-05 21:52:59,659 - WARNING -  * Debugger is active!
2025-06-05 21:52:59,662 - INFO -  * Debugger PIN: 259-138-747
2025-06-05 21:53:00,683 - INFO -  * Detected change in 'C:\\AutoReportV2\\backend\\app\\utils\\forecast_processor.py', reloading
2025-06-05 21:53:00,872 - INFO -  * Restarting with stat
2025-06-05 21:53:02,374 - INFO - Ruta de DOWNLOAD_FOLDER: C:\AutoReportV2\backend\temp
2025-06-05 21:53:02,412 - WARNING -  * Debugger is active!
2025-06-05 21:53:02,417 - INFO -  * Debugger PIN: 259-138-747
2025-06-05 21:53:04,463 - INFO -  * Detected change in 'C:\\AutoReportV2\\backend\\app\\utils\\forecast_processor.py', reloading
2025-06-05 21:53:04,623 - INFO -  * Restarting with stat
2025-06-05 21:53:06,448 - INFO - Ruta de DOWNLOAD_FOLDER: C:\AutoReportV2\backend\temp
2025-06-05 21:53:06,495 - WARNING -  * Debugger is active!
2025-06-05 21:53:06,502 - INFO -  * Debugger PIN: 259-138-747
2025-06-05 21:53:36,709 - INFO -  * Detected change in 'C:\\AutoReportV2\\backend\\app\\utils\\forecast_processor.py', reloading
2025-06-05 21:53:36,933 - INFO -  * Restarting with stat
2025-06-05 21:53:38,536 - INFO - Ruta de DOWNLOAD_FOLDER: C:\AutoReportV2\backend\temp
2025-06-05 21:53:38,556 - WARNING -  * Debugger is active!
2025-06-05 21:53:38,558 - INFO -  * Debugger PIN: 259-138-747
2025-06-05 21:53:44,604 - INFO -  * Detected change in 'C:\\AutoReportV2\\backend\\app\\utils\\forecast_processor.py', reloading
2025-06-05 21:53:44,792 - INFO -  * Restarting with stat
2025-06-05 21:53:46,273 - INFO - Ruta de DOWNLOAD_FOLDER: C:\AutoReportV2\backend\temp
2025-06-05 21:53:46,299 - WARNING -  * Debugger is active!
2025-06-05 21:53:46,302 - INFO -  * Debugger PIN: 259-138-747
2025-06-05 21:53:47,320 - INFO -  * Detected change in 'C:\\AutoReportV2\\backend\\app\\utils\\forecast_processor.py', reloading
2025-06-05 21:53:47,473 - INFO -  * Restarting with stat
2025-06-05 21:53:49,004 - INFO - Ruta de DOWNLOAD_FOLDER: C:\AutoReportV2\backend\temp
2025-06-05 21:53:49,032 - WARNING -  * Debugger is active!
2025-06-05 21:53:49,035 - INFO -  * Debugger PIN: 259-138-747
2025-06-05 21:53:51,068 - INFO -  * Detected change in 'C:\\AutoReportV2\\backend\\app\\utils\\forecast_processor.py', reloading
2025-06-05 21:53:51,223 - INFO -  * Restarting with stat
2025-06-05 21:53:52,704 - INFO - Ruta de DOWNLOAD_FOLDER: C:\AutoReportV2\backend\temp
2025-06-05 21:53:52,722 - WARNING -  * Debugger is active!
2025-06-05 21:53:52,733 - INFO -  * Debugger PIN: 259-138-747
2025-06-05 21:53:53,757 - INFO -  * Detected change in 'C:\\AutoReportV2\\backend\\app\\utils\\forecast_processor.py', reloading
2025-06-05 21:53:53,908 - INFO -  * Restarting with stat
2025-06-05 21:53:55,530 - INFO - Ruta de DOWNLOAD_FOLDER: C:\AutoReportV2\backend\temp
2025-06-05 21:53:55,552 - WARNING -  * Debugger is active!
2025-06-05 21:53:55,565 - INFO -  * Debugger PIN: 259-138-747
2025-06-05 21:59:35,570 - INFO -  * Detected change in 'C:\\AutoReportV2\\backend\\app\\utils\\forecast_processor.py', reloading
2025-06-05 21:59:35,724 - INFO -  * Restarting with stat
2025-06-05 21:59:39,650 - INFO - Ruta de DOWNLOAD_FOLDER: C:\AutoReportV2\backend\temp
2025-06-05 21:59:39,690 - WARNING -  * Debugger is active!
2025-06-05 21:59:39,695 - INFO -  * Debugger PIN: 259-138-747
2025-06-05 21:59:40,744 - INFO -  * Detected change in 'C:\\AutoReportV2\\backend\\app\\utils\\forecast_processor.py', reloading
2025-06-05 21:59:40,889 - INFO -  * Restarting with stat
2025-06-05 21:59:42,458 - INFO - Ruta de DOWNLOAD_FOLDER: C:\AutoReportV2\backend\temp
2025-06-05 21:59:42,532 - WARNING -  * Debugger is active!
2025-06-05 21:59:42,534 - INFO -  * Debugger PIN: 259-138-747
2025-06-05 21:59:44,564 - INFO -  * Detected change in 'C:\\AutoReportV2\\backend\\app\\utils\\forecast_processor.py', reloading
2025-06-05 21:59:44,713 - INFO -  * Restarting with stat
2025-06-05 21:59:46,282 - INFO - Ruta de DOWNLOAD_FOLDER: C:\AutoReportV2\backend\temp
2025-06-05 21:59:46,317 - WARNING -  * Debugger is active!
2025-06-05 21:59:46,319 - INFO -  * Debugger PIN: 259-138-747
2025-06-05 22:10:44,595 - INFO - 127.0.0.1 - - [05/Jun/2025 22:10:44] "POST /run-process HTTP/1.1" 200 -
2025-06-05 22:12:24,966 - INFO -  * Detected change in 'C:\\AutoReportV2\\backend\\app\\utils\\forecast_processor.py', reloading
2025-06-05 22:12:31,057 - INFO -  * Restarting with stat
2025-06-05 22:12:32,824 - INFO - Ruta de DOWNLOAD_FOLDER: C:\AutoReportV2\backend\temp
2025-06-05 22:12:32,862 - WARNING -  * Debugger is active!
2025-06-05 22:12:32,864 - INFO -  * Debugger PIN: 259-138-747
2025-06-05 22:12:37,903 - INFO -  * Detected change in 'C:\\AutoReportV2\\backend\\app\\utils\\forecast_processor.py', reloading
2025-06-05 22:12:38,055 - INFO -  * Restarting with stat
2025-06-05 22:12:39,702 - INFO - Ruta de DOWNLOAD_FOLDER: C:\AutoReportV2\backend\temp
2025-06-05 22:12:39,739 - WARNING -  * Debugger is active!
2025-06-05 22:12:39,742 - INFO -  * Debugger PIN: 259-138-747
2025-06-05 22:12:41,773 - INFO -  * Detected change in 'C:\\AutoReportV2\\backend\\app\\utils\\forecast_processor.py', reloading
2025-06-05 22:12:41,935 - INFO -  * Restarting with stat
2025-06-05 22:12:43,444 - INFO - Ruta de DOWNLOAD_FOLDER: C:\AutoReportV2\backend\temp
2025-06-05 22:12:43,474 - WARNING -  * Debugger is active!
2025-06-05 22:12:43,482 - INFO -  * Debugger PIN: 259-138-747
2025-06-05 22:13:48,960 - INFO -  * Detected change in 'C:\\AutoReportV2\\backend\\app\\utils\\forecast_processor.py', reloading
2025-06-05 22:13:49,103 - INFO -  * Restarting with stat
2025-06-05 22:13:52,946 - INFO - Ruta de DOWNLOAD_FOLDER: C:\AutoReportV2\backend\temp
2025-06-05 22:13:52,979 - WARNING -  * Debugger is active!
2025-06-05 22:13:52,983 - INFO -  * Debugger PIN: 259-138-747
2025-06-05 22:14:00,066 - INFO -  * Detected change in 'C:\\AutoReportV2\\backend\\app\\utils\\forecast_processor.py', reloading
2025-06-05 22:14:00,215 - INFO -  * Restarting with stat
2025-06-05 22:14:01,750 - INFO - Ruta de DOWNLOAD_FOLDER: C:\AutoReportV2\backend\temp
2025-06-05 22:14:01,771 - WARNING -  * Debugger is active!
2025-06-05 22:14:01,773 - INFO -  * Debugger PIN: 259-138-747
2025-06-05 22:14:18,869 - INFO -  * Detected change in 'C:\\AutoReportV2\\backend\\app\\utils\\forecast_processor.py', reloading
2025-06-05 22:14:19,007 - INFO -  * Restarting with stat
2025-06-05 22:14:20,539 - INFO - Ruta de DOWNLOAD_FOLDER: C:\AutoReportV2\backend\temp
2025-06-05 22:14:20,558 - WARNING -  * Debugger is active!
2025-06-05 22:14:20,560 - INFO -  * Debugger PIN: 259-138-747
2025-06-05 22:14:22,584 - INFO -  * Detected change in 'C:\\AutoReportV2\\backend\\app\\utils\\forecast_processor.py', reloading
2025-06-05 22:14:22,726 - INFO -  * Restarting with stat
2025-06-05 22:14:24,330 - INFO - Ruta de DOWNLOAD_FOLDER: C:\AutoReportV2\backend\temp
2025-06-05 22:14:24,364 - WARNING -  * Debugger is active!
2025-06-05 22:14:24,367 - INFO -  * Debugger PIN: 259-138-747
2025-06-05 22:14:26,395 - INFO -  * Detected change in 'C:\\AutoReportV2\\backend\\app\\utils\\forecast_processor.py', reloading
2025-06-05 22:14:26,533 - INFO -  * Restarting with stat
2025-06-05 22:14:28,019 - INFO - Ruta de DOWNLOAD_FOLDER: C:\AutoReportV2\backend\temp
2025-06-05 22:14:28,054 - WARNING -  * Debugger is active!
2025-06-05 22:14:28,057 - INFO -  * Debugger PIN: 259-138-747
2025-06-05 22:14:33,093 - INFO -  * Detected change in 'C:\\AutoReportV2\\backend\\app\\utils\\forecast_processor.py', reloading
2025-06-05 22:14:33,261 - INFO -  * Restarting with stat
2025-06-05 22:14:34,740 - INFO - Ruta de DOWNLOAD_FOLDER: C:\AutoReportV2\backend\temp
2025-06-05 22:14:34,771 - WARNING -  * Debugger is active!
2025-06-05 22:14:34,774 - INFO -  * Debugger PIN: 259-138-747
2025-06-05 22:14:40,820 - INFO -  * Detected change in 'C:\\AutoReportV2\\backend\\app\\utils\\forecast_processor.py', reloading
2025-06-05 22:14:40,957 - INFO -  * Restarting with stat
2025-06-05 22:14:42,423 - INFO - Ruta de DOWNLOAD_FOLDER: C:\AutoReportV2\backend\temp
2025-06-05 22:14:42,445 - WARNING -  * Debugger is active!
2025-06-05 22:14:42,447 - INFO -  * Debugger PIN: 259-138-747
2025-06-05 22:14:45,474 - INFO -  * Detected change in 'C:\\AutoReportV2\\backend\\app\\utils\\forecast_processor.py', reloading
2025-06-05 22:14:45,625 - INFO -  * Restarting with stat
2025-06-05 22:14:47,170 - INFO - Ruta de DOWNLOAD_FOLDER: C:\AutoReportV2\backend\temp
2025-06-05 22:14:47,203 - WARNING -  * Debugger is active!
2025-06-05 22:14:47,206 - INFO -  * Debugger PIN: 259-138-747
2025-06-05 22:14:53,250 - INFO -  * Detected change in 'C:\\AutoReportV2\\backend\\app\\utils\\forecast_processor.py', reloading
2025-06-05 22:14:53,407 - INFO -  * Restarting with stat
2025-06-05 22:14:54,966 - INFO - Ruta de DOWNLOAD_FOLDER: C:\AutoReportV2\backend\temp
2025-06-05 22:14:55,007 - WARNING -  * Debugger is active!
2025-06-05 22:14:55,010 - INFO -  * Debugger PIN: 259-138-747
2025-06-05 22:15:00,051 - INFO -  * Detected change in 'C:\\AutoReportV2\\backend\\app\\utils\\forecast_processor.py', reloading
2025-06-05 22:15:00,208 - INFO -  * Restarting with stat
2025-06-05 22:15:01,727 - INFO - Ruta de DOWNLOAD_FOLDER: C:\AutoReportV2\backend\temp
2025-06-05 22:15:01,756 - WARNING -  * Debugger is active!
2025-06-05 22:15:01,759 - INFO -  * Debugger PIN: 259-138-747
2025-06-05 22:15:04,788 - INFO -  * Detected change in 'C:\\AutoReportV2\\backend\\app\\utils\\forecast_processor.py', reloading
2025-06-05 22:15:04,968 - INFO -  * Restarting with stat
2025-06-05 22:15:06,475 - INFO - Ruta de DOWNLOAD_FOLDER: C:\AutoReportV2\backend\temp
2025-06-05 22:15:06,504 - WARNING -  * Debugger is active!
2025-06-05 22:15:06,506 - INFO -  * Debugger PIN: 259-138-747
2025-06-05 22:15:16,571 - INFO -  * Detected change in 'C:\\AutoReportV2\\backend\\app\\utils\\forecast_processor.py', reloading
2025-06-05 22:15:16,711 - INFO -  * Restarting with stat
2025-06-05 22:15:18,297 - INFO - Ruta de DOWNLOAD_FOLDER: C:\AutoReportV2\backend\temp
2025-06-05 22:15:18,335 - WARNING -  * Debugger is active!
2025-06-05 22:15:18,338 - INFO -  * Debugger PIN: 259-138-747
2025-06-05 22:15:20,366 - INFO -  * Detected change in 'C:\\AutoReportV2\\backend\\app\\utils\\forecast_processor.py', reloading
2025-06-05 22:15:20,518 - INFO -  * Restarting with stat
2025-06-05 22:15:21,911 - INFO - Ruta de DOWNLOAD_FOLDER: C:\AutoReportV2\backend\temp
2025-06-05 22:15:21,943 - WARNING -  * Debugger is active!
2025-06-05 22:15:21,947 - INFO -  * Debugger PIN: 259-138-747
2025-06-05 22:15:22,969 - INFO -  * Detected change in 'C:\\AutoReportV2\\backend\\app\\utils\\forecast_processor.py', reloading
2025-06-05 22:15:23,131 - INFO -  * Restarting with stat
2025-06-05 22:15:24,601 - INFO - Ruta de DOWNLOAD_FOLDER: C:\AutoReportV2\backend\temp
2025-06-05 22:15:24,627 - WARNING -  * Debugger is active!
2025-06-05 22:15:24,630 - INFO -  * Debugger PIN: 259-138-747
2025-06-05 22:15:32,692 - INFO -  * Detected change in 'C:\\AutoReportV2\\backend\\app\\utils\\forecast_processor.py', reloading
2025-06-05 22:15:32,822 - INFO -  * Restarting with stat
2025-06-05 22:15:34,385 - INFO - Ruta de DOWNLOAD_FOLDER: C:\AutoReportV2\backend\temp
2025-06-05 22:15:34,420 - WARNING -  * Debugger is active!
2025-06-05 22:15:34,424 - INFO -  * Debugger PIN: 259-138-747
2025-06-05 22:15:36,452 - INFO -  * Detected change in 'C:\\AutoReportV2\\backend\\app\\utils\\forecast_processor.py', reloading
2025-06-05 22:15:36,618 - INFO -  * Restarting with stat
2025-06-05 22:15:38,194 - INFO - Ruta de DOWNLOAD_FOLDER: C:\AutoReportV2\backend\temp
2025-06-05 22:15:38,223 - WARNING -  * Debugger is active!
2025-06-05 22:15:38,226 - INFO -  * Debugger PIN: 259-138-747
2025-06-05 22:15:44,273 - INFO -  * Detected change in 'C:\\AutoReportV2\\backend\\app\\utils\\forecast_processor.py', reloading
2025-06-05 22:15:44,405 - INFO -  * Restarting with stat
2025-06-05 22:15:45,941 - INFO - Ruta de DOWNLOAD_FOLDER: C:\AutoReportV2\backend\temp
2025-06-05 22:15:45,960 - WARNING -  * Debugger is active!
2025-06-05 22:15:45,963 - INFO -  * Debugger PIN: 259-138-747
2025-06-05 22:15:54,035 - INFO -  * Detected change in 'C:\\AutoReportV2\\backend\\app\\utils\\forecast_processor.py', reloading
2025-06-05 22:15:54,181 - INFO -  * Restarting with stat
2025-06-05 22:15:55,771 - INFO - Ruta de DOWNLOAD_FOLDER: C:\AutoReportV2\backend\temp
2025-06-05 22:15:55,798 - WARNING -  * Debugger is active!
2025-06-05 22:15:55,801 - INFO -  * Debugger PIN: 259-138-747
2025-06-05 22:15:56,825 - INFO -  * Detected change in 'C:\\AutoReportV2\\backend\\app\\utils\\forecast_processor.py', reloading
2025-06-05 22:15:56,963 - INFO -  * Restarting with stat
2025-06-05 22:15:58,506 - INFO - Ruta de DOWNLOAD_FOLDER: C:\AutoReportV2\backend\temp
2025-06-05 22:15:58,533 - WARNING -  * Debugger is active!
2025-06-05 22:15:58,536 - INFO -  * Debugger PIN: 259-138-747
2025-06-05 22:16:00,561 - INFO -  * Detected change in 'C:\\AutoReportV2\\backend\\app\\utils\\forecast_processor.py', reloading
2025-06-05 22:16:00,694 - INFO -  * Restarting with stat
2025-06-05 22:16:02,202 - INFO - Ruta de DOWNLOAD_FOLDER: C:\AutoReportV2\backend\temp
2025-06-05 22:16:02,232 - WARNING -  * Debugger is active!
2025-06-05 22:16:02,235 - INFO -  * Debugger PIN: 259-138-747
2025-06-05 22:16:03,264 - INFO -  * Detected change in 'C:\\AutoReportV2\\backend\\app\\utils\\forecast_processor.py', reloading
2025-06-05 22:16:03,408 - INFO -  * Restarting with stat
2025-06-05 22:16:04,974 - INFO - Ruta de DOWNLOAD_FOLDER: C:\AutoReportV2\backend\temp
2025-06-05 22:16:05,001 - WARNING -  * Debugger is active!
2025-06-05 22:16:05,004 - INFO -  * Debugger PIN: 259-138-747
2025-06-05 22:16:07,032 - INFO -  * Detected change in 'C:\\AutoReportV2\\backend\\app\\utils\\forecast_processor.py', reloading
2025-06-05 22:16:07,164 - INFO -  * Restarting with stat
2025-06-05 22:16:08,989 - INFO - Ruta de DOWNLOAD_FOLDER: C:\AutoReportV2\backend\temp
2025-06-05 22:16:09,034 - WARNING -  * Debugger is active!
2025-06-05 22:16:09,036 - INFO -  * Debugger PIN: 259-138-747
2025-06-05 22:25:34,856 - INFO - 127.0.0.1 - - [05/Jun/2025 22:25:34] "POST /run-process HTTP/1.1" 200 -
2025-06-06 12:23:29,517 - INFO - 127.0.0.1 - - [06/Jun/2025 12:23:29] "[35m[1mPOST /run-process HTTP/1.1[0m" 500 -
2025-06-06 12:23:38,676 - INFO - 127.0.0.1 - - [06/Jun/2025 12:23:38] "[35m[1mPOST /run-process HTTP/1.1[0m" 500 -
2025-06-06 13:00:39,563 - INFO - Ruta de DOWNLOAD_FOLDER: C:\AutoReportV2\backend\temp
2025-06-06 13:00:39,633 - INFO - [31m[1mWARNING: This is a development server. Do not use it in a production deployment. Use a production WSGI server instead.[0m
 * Running on http://127.0.0.1:5000
2025-06-06 13:00:39,634 - INFO - [33mPress CTRL+C to quit[0m
2025-06-06 13:00:39,637 - INFO -  * Restarting with stat
2025-06-06 13:00:40,583 - INFO - Ruta de DOWNLOAD_FOLDER: C:\AutoReportV2\backend\temp
2025-06-06 13:00:40,617 - WARNING -  * Debugger is active!
2025-06-06 13:00:40,622 - INFO -  * Debugger PIN: 259-138-747
2025-06-06 13:06:59,035 - INFO - 127.0.0.1 - - [06/Jun/2025 13:06:59] "[35m[1mPOST /run-process HTTP/1.1[0m" 500 -
2025-06-06 13:16:00,228 - INFO - 127.0.0.1 - - [06/Jun/2025 13:16:00] "POST /run-process HTTP/1.1" 200 -
2025-06-06 14:03:12,390 - INFO -  * Detected change in 'C:\\AutoReportV2\\backend\\app\\utils\\week_to_friday.py', reloading
2025-06-06 14:03:16,841 - INFO -  * Restarting with stat
2025-06-06 14:26:18,767 - INFO - Ruta de DOWNLOAD_FOLDER: C:\AutoReportV2\backend\temp
2025-06-06 14:26:18,836 - INFO - [31m[1mWARNING: This is a development server. Do not use it in a production deployment. Use a production WSGI server instead.[0m
 * Running on http://127.0.0.1:5000
2025-06-06 14:26:18,836 - INFO - [33mPress CTRL+C to quit[0m
2025-06-06 14:26:18,848 - INFO -  * Restarting with stat
2025-06-06 14:26:19,822 - INFO - Ruta de DOWNLOAD_FOLDER: C:\AutoReportV2\backend\temp
2025-06-06 14:26:19,843 - WARNING -  * Debugger is active!
2025-06-06 14:26:19,846 - INFO -  * Debugger PIN: 259-138-747
2025-06-06 14:26:32,937 - INFO -  * Detected change in 'C:\\AutoReportV2\\backend\\app\\utils\\week_to_friday.py', reloading
2025-06-06 14:26:33,048 - INFO -  * Restarting with stat
2025-06-06 14:26:34,080 - INFO - Ruta de DOWNLOAD_FOLDER: C:\AutoReportV2\backend\temp
2025-06-06 14:26:34,102 - WARNING -  * Debugger is active!
2025-06-06 14:26:34,112 - INFO -  * Debugger PIN: 259-138-747
2025-06-06 14:26:38,143 - INFO -  * Detected change in 'C:\\AutoReportV2\\backend\\app\\utils\\forecast_processor.py', reloading
2025-06-06 14:26:38,260 - INFO -  * Restarting with stat
2025-06-06 14:26:39,433 - INFO - Ruta de DOWNLOAD_FOLDER: C:\AutoReportV2\backend\temp
2025-06-06 14:26:39,451 - WARNING -  * Debugger is active!
2025-06-06 14:26:39,456 - INFO -  * Debugger PIN: 259-138-747
2025-06-06 14:37:58,749 - INFO - 127.0.0.1 - - [06/Jun/2025 14:37:58] "POST /run-process HTTP/1.1" 200 -
2025-06-06 14:57:47,976 - INFO - 127.0.0.1 - - [06/Jun/2025 14:57:47] "POST /run-process HTTP/1.1" 200 -
2025-06-07 18:50:03,151 - INFO -  * Detected change in 'C:\\AutoReportV2\\backend\\app\\utils\\forecast_processor.py', reloading
2025-06-07 18:50:28,111 - INFO - Ruta de DOWNLOAD_FOLDER: C:\AutoReportV2\backend\temp
2025-06-07 18:50:28,203 - INFO - [31m[1mWARNING: This is a development server. Do not use it in a production deployment. Use a production WSGI server instead.[0m
 * Running on http://127.0.0.1:5000
2025-06-07 18:50:28,204 - INFO - [33mPress CTRL+C to quit[0m
2025-06-07 18:50:28,206 - INFO -  * Restarting with stat
2025-06-07 18:50:29,414 - INFO - Ruta de DOWNLOAD_FOLDER: C:\AutoReportV2\backend\temp
2025-06-07 18:50:29,442 - WARNING -  * Debugger is active!
2025-06-07 18:50:29,444 - INFO -  * Debugger PIN: 259-138-747
2025-06-07 19:31:12,496 - INFO - 127.0.0.1 - - [07/Jun/2025 19:31:12] "POST /run-process HTTP/1.1" 200 -
2025-06-07 19:38:34,579 - INFO -  * Detected change in 'C:\\AutoReportV2\\backend\\app\\utils\\forecast_processor.py', reloading
2025-06-07 19:38:39,802 - INFO -  * Restarting with stat
2025-06-07 19:38:43,211 - INFO - Ruta de DOWNLOAD_FOLDER: C:\AutoReportV2\backend\temp
2025-06-07 19:38:43,250 - WARNING -  * Debugger is active!
2025-06-07 19:38:43,254 - INFO -  * Debugger PIN: 259-138-747
2025-06-07 19:38:52,335 - INFO -  * Detected change in 'C:\\AutoReportV2\\backend\\app\\utils\\forecast_processor.py', reloading
2025-06-07 19:38:52,444 - INFO -  * Restarting with stat
2025-06-07 19:38:53,508 - INFO - Ruta de DOWNLOAD_FOLDER: C:\AutoReportV2\backend\temp
2025-06-07 19:38:53,530 - WARNING -  * Debugger is active!
2025-06-07 19:38:53,538 - INFO -  * Debugger PIN: 259-138-747
2025-06-07 19:38:55,557 - INFO -  * Detected change in 'C:\\AutoReportV2\\backend\\app\\utils\\forecast_processor.py', reloading
2025-06-07 19:38:55,678 - INFO -  * Restarting with stat
2025-06-07 19:38:56,663 - INFO - Ruta de DOWNLOAD_FOLDER: C:\AutoReportV2\backend\temp
2025-06-07 19:38:56,679 - WARNING -  * Debugger is active!
2025-06-07 19:38:56,692 - INFO -  * Debugger PIN: 259-138-747
2025-06-07 19:38:59,712 - INFO -  * Detected change in 'C:\\AutoReportV2\\backend\\app\\utils\\forecast_processor.py', reloading
2025-06-07 19:38:59,941 - INFO -  * Restarting with stat
2025-06-07 19:39:01,111 - INFO - Ruta de DOWNLOAD_FOLDER: C:\AutoReportV2\backend\temp
2025-06-07 19:39:01,130 - WARNING -  * Debugger is active!
2025-06-07 19:39:01,130 - INFO -  * Debugger PIN: 259-138-747
2025-06-07 19:39:38,313 - INFO -  * Detected change in 'C:\\AutoReportV2\\backend\\app\\utils\\forecast_processor.py', reloading
2025-06-07 19:39:38,438 - INFO -  * Restarting with stat
2025-06-07 19:39:39,606 - INFO - Ruta de DOWNLOAD_FOLDER: C:\AutoReportV2\backend\temp
2025-06-07 19:39:39,642 - WARNING -  * Debugger is active!
2025-06-07 19:39:39,645 - INFO -  * Debugger PIN: 259-138-747
2025-06-07 19:39:41,678 - INFO -  * Detected change in 'C:\\AutoReportV2\\backend\\app\\utils\\forecast_processor.py', reloading
2025-06-07 19:39:41,789 - INFO -  * Restarting with stat
2025-06-07 19:39:42,803 - INFO - Ruta de DOWNLOAD_FOLDER: C:\AutoReportV2\backend\temp
2025-06-07 19:39:42,824 - WARNING -  * Debugger is active!
2025-06-07 19:39:42,827 - INFO -  * Debugger PIN: 259-138-747
2025-06-07 19:39:52,885 - INFO -  * Detected change in 'C:\\AutoReportV2\\backend\\app\\utils\\forecast_processor.py', reloading
2025-06-07 19:39:53,038 - INFO -  * Restarting with stat
2025-06-07 19:39:54,002 - INFO - Ruta de DOWNLOAD_FOLDER: C:\AutoReportV2\backend\temp
2025-06-07 19:39:54,019 - WARNING -  * Debugger is active!
2025-06-07 19:39:54,034 - INFO -  * Debugger PIN: 259-138-747
2025-06-07 19:39:55,057 - INFO -  * Detected change in 'C:\\AutoReportV2\\backend\\app\\utils\\forecast_processor.py', reloading
2025-06-07 19:39:55,155 - INFO -  * Restarting with stat
2025-06-07 19:39:56,322 - INFO - Ruta de DOWNLOAD_FOLDER: C:\AutoReportV2\backend\temp
2025-06-07 19:39:56,342 - WARNING -  * Debugger is active!
2025-06-07 19:39:56,353 - INFO -  * Debugger PIN: 259-138-747
2025-06-07 19:40:01,393 - INFO -  * Detected change in 'C:\\AutoReportV2\\backend\\app\\utils\\forecast_processor.py', reloading
2025-06-07 19:40:01,505 - INFO -  * Restarting with stat
2025-06-07 19:40:02,518 - INFO - Ruta de DOWNLOAD_FOLDER: C:\AutoReportV2\backend\temp
2025-06-07 19:40:02,540 - WARNING -  * Debugger is active!
2025-06-07 19:40:02,551 - INFO -  * Debugger PIN: 259-138-747
2025-06-07 19:40:04,570 - INFO -  * Detected change in 'C:\\AutoReportV2\\backend\\app\\utils\\forecast_processor.py', reloading
2025-06-07 19:40:04,687 - INFO -  * Restarting with stat
2025-06-07 19:40:05,794 - INFO - Ruta de DOWNLOAD_FOLDER: C:\AutoReportV2\backend\temp
2025-06-07 19:40:05,801 - WARNING -  * Debugger is active!
2025-06-07 19:40:05,816 - INFO -  * Debugger PIN: 259-138-747
2025-06-07 19:40:06,835 - INFO -  * Detected change in 'C:\\AutoReportV2\\backend\\app\\utils\\forecast_processor.py', reloading
2025-06-07 19:40:06,960 - INFO -  * Restarting with stat
2025-06-07 19:40:08,034 - INFO - Ruta de DOWNLOAD_FOLDER: C:\AutoReportV2\backend\temp
2025-06-07 19:40:08,073 - WARNING -  * Debugger is active!
2025-06-07 19:40:08,076 - INFO -  * Debugger PIN: 259-138-747
2025-06-07 19:40:12,115 - INFO -  * Detected change in 'C:\\AutoReportV2\\backend\\app\\utils\\forecast_processor.py', reloading
2025-06-07 19:40:12,254 - INFO -  * Restarting with stat
2025-06-07 19:40:13,450 - INFO - Ruta de DOWNLOAD_FOLDER: C:\AutoReportV2\backend\temp
2025-06-07 19:40:13,472 - WARNING -  * Debugger is active!
2025-06-07 19:40:13,472 - INFO -  * Debugger PIN: 259-138-747
2025-06-07 19:40:14,494 - INFO -  * Detected change in 'C:\\AutoReportV2\\backend\\app\\utils\\forecast_processor.py', reloading
2025-06-07 19:40:14,606 - INFO -  * Restarting with stat
2025-06-07 19:40:15,735 - INFO - Ruta de DOWNLOAD_FOLDER: C:\AutoReportV2\backend\temp
2025-06-07 19:40:15,756 - WARNING -  * Debugger is active!
2025-06-07 19:40:15,756 - INFO -  * Debugger PIN: 259-138-747
2025-06-07 19:40:17,782 - INFO -  * Detected change in 'C:\\AutoReportV2\\backend\\app\\utils\\forecast_processor.py', reloading
2025-06-07 19:40:17,904 - INFO -  * Restarting with stat
2025-06-07 19:40:18,900 - INFO - Ruta de DOWNLOAD_FOLDER: C:\AutoReportV2\backend\temp
2025-06-07 19:40:18,922 - WARNING -  * Debugger is active!
2025-06-07 19:40:18,928 - INFO -  * Debugger PIN: 259-138-747
2025-06-07 19:40:53,099 - INFO -  * Detected change in 'C:\\AutoReportV2\\backend\\app\\utils\\forecast_processor.py', reloading
2025-06-07 19:40:53,214 - INFO -  * Restarting with stat
2025-06-07 19:41:27,244 - INFO - Ruta de DOWNLOAD_FOLDER: C:\AutoReportV2\backend\temp
2025-06-07 19:41:27,279 - INFO - [31m[1mWARNING: This is a development server. Do not use it in a production deployment. Use a production WSGI server instead.[0m
 * Running on http://127.0.0.1:5000
2025-06-07 19:41:27,279 - INFO - [33mPress CTRL+C to quit[0m
2025-06-07 19:41:27,279 - INFO -  * Restarting with stat
2025-06-07 19:41:28,393 - INFO - Ruta de DOWNLOAD_FOLDER: C:\AutoReportV2\backend\temp
2025-06-07 19:41:28,414 - WARNING -  * Debugger is active!
2025-06-07 19:41:28,421 - INFO -  * Debugger PIN: 259-138-747
2025-06-07 19:52:38,195 - INFO - 127.0.0.1 - - [07/Jun/2025 19:52:38] "POST /run-process HTTP/1.1" 200 -
2025-06-07 20:32:02,587 - INFO - Ruta de DOWNLOAD_FOLDER: C:\AutoReportV2\backend\temp
2025-06-07 20:32:02,666 - INFO - [31m[1mWARNING: This is a development server. Do not use it in a production deployment. Use a production WSGI server instead.[0m
 * Running on http://127.0.0.1:5000
2025-06-07 20:32:02,666 - INFO - [33mPress CTRL+C to quit[0m
2025-06-07 20:32:02,666 - INFO -  * Restarting with stat
2025-06-07 20:32:03,943 - INFO - Ruta de DOWNLOAD_FOLDER: C:\AutoReportV2\backend\temp
2025-06-07 20:32:03,974 - WARNING -  * Debugger is active!
2025-06-07 20:32:03,974 - INFO -  * Debugger PIN: 259-138-747
2025-06-07 20:43:32,647 - INFO - 127.0.0.1 - - [07/Jun/2025 20:43:32] "POST /run-process HTTP/1.1" 200 -
2025-06-07 20:56:10,806 - INFO - 127.0.0.1 - - [07/Jun/2025 20:56:10] "POST /run-process HTTP/1.1" 200 -
2025-06-07 20:58:27,225 - INFO -  * Detected change in 'C:\\AutoReportV2\\backend\\app\\utils\\forecast_processor.py', reloading
2025-06-07 20:58:33,291 - INFO -  * Restarting with stat
2025-06-07 20:58:38,082 - INFO - Ruta de DOWNLOAD_FOLDER: C:\AutoReportV2\backend\temp
2025-06-07 20:58:38,097 - WARNING -  * Debugger is active!
2025-06-07 20:58:38,107 - INFO -  * Debugger PIN: 259-138-747
2025-06-07 21:35:01,544 - INFO -  * Detected change in 'C:\\AutoReportV2\\backend\\app\\utils\\forecast_processor.py', reloading
2025-06-07 21:35:01,696 - INFO -  * Restarting with stat
2025-06-07 21:35:04,927 - INFO - Ruta de DOWNLOAD_FOLDER: C:\AutoReportV2\backend\temp
2025-06-07 21:35:04,967 - WARNING -  * Debugger is active!
2025-06-07 21:35:04,967 - INFO -  * Debugger PIN: 259-138-747
2025-06-07 21:43:39,464 - INFO - 127.0.0.1 - - [07/Jun/2025 21:43:39] "POST /run-process HTTP/1.1" 200 -
2025-06-07 21:58:56,577 - INFO -  * Detected change in 'C:\\AutoReportV2\\backend\\app\\utils\\forecast_processor.py', reloading
2025-06-07 21:59:00,857 - INFO -  * Restarting with stat
2025-06-07 21:59:04,031 - INFO - Ruta de DOWNLOAD_FOLDER: C:\AutoReportV2\backend\temp
2025-06-07 21:59:04,071 - WARNING -  * Debugger is active!
2025-06-07 21:59:04,071 - INFO -  * Debugger PIN: 259-138-747
2025-06-07 21:59:12,145 - INFO -  * Detected change in 'C:\\AutoReportV2\\backend\\app\\utils\\forecast_processor.py', reloading
2025-06-07 21:59:12,269 - INFO -  * Restarting with stat
2025-06-07 21:59:13,552 - INFO - Ruta de DOWNLOAD_FOLDER: C:\AutoReportV2\backend\temp
2025-06-07 21:59:13,590 - WARNING -  * Debugger is active!
2025-06-07 21:59:13,596 - INFO -  * Debugger PIN: 259-138-747
2025-06-07 22:07:38,337 - INFO - 127.0.0.1 - - [07/Jun/2025 22:07:38] "POST /run-process HTTP/1.1" 200 -
2025-06-07 22:17:31,104 - INFO - Ruta de DOWNLOAD_FOLDER: C:\AutoReportV2\backend\temp
2025-06-07 22:17:31,179 - INFO - [31m[1mWARNING: This is a development server. Do not use it in a production deployment. Use a production WSGI server instead.[0m
 * Running on http://127.0.0.1:5000
2025-06-07 22:17:31,179 - INFO - [33mPress CTRL+C to quit[0m
2025-06-07 22:17:31,179 - INFO -  * Restarting with stat
2025-06-07 22:17:32,234 - INFO - Ruta de DOWNLOAD_FOLDER: C:\AutoReportV2\backend\temp
2025-06-07 22:17:32,256 - WARNING -  * Debugger is active!
2025-06-07 22:17:32,259 - INFO -  * Debugger PIN: 259-138-747
2025-06-07 22:19:55,059 - INFO -  * Detected change in 'C:\\AutoReportV2\\backend\\app\\routes.py', reloading
2025-06-07 22:19:55,180 - INFO -  * Restarting with stat
2025-06-07 22:19:56,599 - INFO - Ruta de DOWNLOAD_FOLDER: C:\AutoReportV2\backend\temp
2025-06-07 22:19:56,633 - WARNING -  * Debugger is active!
2025-06-07 22:19:56,649 - INFO -  * Debugger PIN: 259-138-747
2025-06-07 22:19:59,682 - INFO -  * Detected change in 'C:\\AutoReportV2\\backend\\app\\routes.py', reloading
2025-06-07 22:19:59,833 - INFO -  * Restarting with stat
2025-06-07 22:20:01,362 - INFO - Ruta de DOWNLOAD_FOLDER: C:\AutoReportV2\backend\temp
2025-06-07 22:20:01,397 - WARNING -  * Debugger is active!
2025-06-07 22:20:01,406 - INFO -  * Debugger PIN: 259-138-747
2025-06-07 22:20:05,436 - INFO -  * Detected change in 'C:\\AutoReportV2\\backend\\app\\routes.py', reloading
2025-06-07 22:20:05,620 - INFO -  * Restarting with stat
2025-06-07 22:25:42,081 - INFO - Ruta de DOWNLOAD_FOLDER: C:\AutoReportV2\backend\temp
2025-06-07 22:25:42,123 - INFO - [31m[1mWARNING: This is a development server. Do not use it in a production deployment. Use a production WSGI server instead.[0m
 * Running on http://127.0.0.1:5000
2025-06-07 22:25:42,123 - INFO - [33mPress CTRL+C to quit[0m
2025-06-07 22:25:42,130 - INFO -  * Restarting with stat
2025-06-07 22:25:43,188 - INFO - Ruta de DOWNLOAD_FOLDER: C:\AutoReportV2\backend\temp
2025-06-07 22:25:43,201 - WARNING -  * Debugger is active!
2025-06-07 22:25:43,201 - INFO -  * Debugger PIN: 259-138-747
2025-06-07 22:25:48,238 - INFO -  * Detected change in 'C:\\AutoReportV2\\backend\\app\\routes.py', reloading
2025-06-07 22:25:48,350 - INFO -  * Restarting with stat
2025-06-07 22:25:49,338 - INFO - Ruta de DOWNLOAD_FOLDER: C:\AutoReportV2\backend\temp
2025-06-07 22:25:49,357 - WARNING -  * Debugger is active!
2025-06-07 22:25:49,359 - INFO -  * Debugger PIN: 259-138-747
2025-06-07 22:26:01,429 - INFO -  * Detected change in 'C:\\AutoReportV2\\backend\\app\\routes.py', reloading
2025-06-07 22:26:01,561 - INFO -  * Restarting with stat
2025-06-07 22:26:02,703 - INFO - Ruta de DOWNLOAD_FOLDER: C:\AutoReportV2\backend\temp
2025-06-07 22:26:02,729 - WARNING -  * Debugger is active!
2025-06-07 22:26:02,737 - INFO -  * Debugger PIN: 259-138-747
2025-06-07 22:28:31,671 - INFO -  * Detected change in 'C:\\AutoReportV2\\backend\\app\\routes.py', reloading
2025-06-07 22:28:31,803 - INFO -  * Restarting with stat
2025-06-07 22:28:35,151 - INFO - Ruta de DOWNLOAD_FOLDER: C:\AutoReportV2\backend\temp
2025-06-07 22:28:35,173 - WARNING -  * Debugger is active!
2025-06-07 22:28:35,176 - INFO -  * Debugger PIN: 259-138-747
2025-06-07 22:31:57,932 - INFO - Ruta de DOWNLOAD_FOLDER: C:\AutoReportV2\backend\temp
2025-06-07 22:31:57,966 - INFO - [31m[1mWARNING: This is a development server. Do not use it in a production deployment. Use a production WSGI server instead.[0m
 * Running on http://127.0.0.1:5000
2025-06-07 22:31:57,966 - INFO - [33mPress CTRL+C to quit[0m
2025-06-07 22:31:57,966 - INFO -  * Restarting with stat
2025-06-07 22:31:58,971 - INFO - Ruta de DOWNLOAD_FOLDER: C:\AutoReportV2\backend\temp
2025-06-07 22:31:58,991 - WARNING -  * Debugger is active!
2025-06-07 22:31:58,994 - INFO -  * Debugger PIN: 259-138-747
2025-06-07 22:34:34,670 - INFO - Ruta de DOWNLOAD_FOLDER: C:\AutoReportV2\backend\temp
2025-06-07 22:34:34,702 - INFO - [31m[1mWARNING: This is a development server. Do not use it in a production deployment. Use a production WSGI server instead.[0m
 * Running on http://127.0.0.1:5000
2025-06-07 22:34:34,702 - INFO - [33mPress CTRL+C to quit[0m
2025-06-07 22:34:34,702 - INFO -  * Restarting with stat
2025-06-07 22:34:35,750 - INFO - Ruta de DOWNLOAD_FOLDER: C:\AutoReportV2\backend\temp
2025-06-07 22:34:35,769 - WARNING -  * Debugger is active!
2025-06-07 22:34:35,772 - INFO -  * Debugger PIN: 259-138-747
2025-06-07 22:40:45,193 - ERROR - Error al procesar el archivo descargado: No se encontró ningún archivo .xlsx
Traceback (most recent call last):
  File "C:\AutoReportV2\backend\app\routes.py", line 452, in run_process
    archivo_descargado = get_latest_file(DOWNLOAD_FOLDER)
                         ^^^^^^^^^^^^^^^^^^^^^^^^^^^^^^^^
  File "C:\AutoReportV2\backend\app\routes.py", line 449, in get_latest_file
    raise FileNotFoundError("No se encontró ningún archivo .xlsx")
FileNotFoundError: No se encontró ningún archivo .xlsx
2025-06-07 22:40:45,193 - INFO - 127.0.0.1 - - [07/Jun/2025 22:40:45] "[35m[1mPOST /run-process HTTP/1.1[0m" 500 -
2025-06-07 22:51:19,046 - INFO - 127.0.0.1 - - [07/Jun/2025 22:51:19] "POST /run-process HTTP/1.1" 200 -
2025-06-07 22:59:33,975 - INFO -  * Detected change in 'C:\\AutoReportV2\\backend\\app\\utils\\Summary.py', reloading
2025-06-07 22:59:38,140 - INFO -  * Restarting with stat
2025-06-07 22:59:40,856 - INFO - Ruta de DOWNLOAD_FOLDER: C:\AutoReportV2\backend\temp
2025-06-07 22:59:40,884 - WARNING -  * Debugger is active!
2025-06-07 22:59:40,886 - INFO -  * Debugger PIN: 259-138-747
2025-06-07 22:59:42,921 - INFO -  * Detected change in 'C:\\AutoReportV2\\backend\\app\\utils\\Summary.py', reloading
2025-06-07 22:59:43,030 - INFO -  * Restarting with stat
2025-06-07 22:59:44,198 - INFO - Ruta de DOWNLOAD_FOLDER: C:\AutoReportV2\backend\temp
2025-06-07 22:59:44,225 - WARNING -  * Debugger is active!
2025-06-07 22:59:44,225 - INFO -  * Debugger PIN: 259-138-747
2025-06-07 22:59:45,246 - INFO -  * Detected change in 'C:\\AutoReportV2\\backend\\app\\utils\\Summary.py', reloading
2025-06-07 22:59:45,417 - INFO -  * Restarting with stat
2025-06-07 22:59:46,515 - INFO - Ruta de DOWNLOAD_FOLDER: C:\AutoReportV2\backend\temp
2025-06-07 22:59:46,534 - WARNING -  * Debugger is active!
2025-06-07 22:59:46,536 - INFO -  * Debugger PIN: 259-138-747
2025-06-07 22:59:53,576 - INFO -  * Detected change in 'C:\\AutoReportV2\\backend\\app\\utils\\Summary.py', reloading
2025-06-07 22:59:53,700 - INFO -  * Restarting with stat
2025-06-07 22:59:54,766 - INFO - Ruta de DOWNLOAD_FOLDER: C:\AutoReportV2\backend\temp
2025-06-07 22:59:54,785 - WARNING -  * Debugger is active!
2025-06-07 22:59:54,785 - INFO -  * Debugger PIN: 259-138-747
2025-06-07 22:59:56,812 - INFO -  * Detected change in 'C:\\AutoReportV2\\backend\\app\\utils\\Summary.py', reloading
2025-06-07 22:59:56,937 - INFO -  * Restarting with stat
2025-06-07 22:59:57,917 - INFO - Ruta de DOWNLOAD_FOLDER: C:\AutoReportV2\backend\temp
2025-06-07 22:59:57,936 - WARNING -  * Debugger is active!
2025-06-07 22:59:57,946 - INFO -  * Debugger PIN: 259-138-747
2025-06-07 23:00:02,986 - INFO -  * Detected change in 'C:\\AutoReportV2\\backend\\app\\utils\\Summary.py', reloading
2025-06-07 23:00:03,097 - INFO -  * Restarting with stat
2025-06-07 23:00:04,055 - INFO - Ruta de DOWNLOAD_FOLDER: C:\AutoReportV2\backend\temp
2025-06-07 23:00:04,090 - WARNING -  * Debugger is active!
2025-06-07 23:00:04,092 - INFO -  * Debugger PIN: 259-138-747
2025-06-07 23:01:15,507 - INFO -  * Detected change in 'C:\\AutoReportV2\\backend\\app\\utils\\Summary.py', reloading
2025-06-07 23:01:15,627 - INFO -  * Restarting with stat
2025-06-07 23:01:16,683 - INFO - Ruta de DOWNLOAD_FOLDER: C:\AutoReportV2\backend\temp
2025-06-07 23:01:16,703 - WARNING -  * Debugger is active!
2025-06-07 23:01:16,705 - INFO -  * Debugger PIN: 259-138-747
2025-06-07 23:01:33,798 - INFO -  * Detected change in 'C:\\AutoReportV2\\backend\\app\\utils\\forecast_processor.py', reloading
2025-06-07 23:01:33,909 - INFO -  * Restarting with stat
2025-06-07 23:01:35,153 - INFO - Ruta de DOWNLOAD_FOLDER: C:\AutoReportV2\backend\temp
2025-06-07 23:01:35,189 - WARNING -  * Debugger is active!
2025-06-07 23:01:35,193 - INFO -  * Debugger PIN: 259-138-747
2025-06-07 23:01:38,221 - INFO -  * Detected change in 'C:\\AutoReportV2\\backend\\app\\utils\\forecast_processor.py', reloading
2025-06-07 23:01:38,337 - INFO -  * Restarting with stat
2025-06-07 23:01:39,536 - INFO - Ruta de DOWNLOAD_FOLDER: C:\AutoReportV2\backend\temp
2025-06-07 23:01:39,557 - WARNING -  * Debugger is active!
2025-06-07 23:01:39,557 - INFO -  * Debugger PIN: 259-138-747
2025-06-07 23:01:40,577 - INFO -  * Detected change in 'C:\\AutoReportV2\\backend\\app\\utils\\forecast_processor.py', reloading
2025-06-07 23:01:40,720 - INFO -  * Restarting with stat
2025-06-07 23:01:41,928 - INFO - Ruta de DOWNLOAD_FOLDER: C:\AutoReportV2\backend\temp
2025-06-07 23:01:41,943 - WARNING -  * Debugger is active!
2025-06-07 23:01:41,952 - INFO -  * Debugger PIN: 259-138-747
2025-06-07 23:02:03,059 - INFO -  * Detected change in 'C:\\AutoReportV2\\backend\\app\\utils\\forecast_processor.py', reloading
2025-06-07 23:02:03,165 - INFO -  * Restarting with stat
2025-06-07 23:02:04,466 - INFO - Ruta de DOWNLOAD_FOLDER: C:\AutoReportV2\backend\temp
2025-06-07 23:02:04,492 - WARNING -  * Debugger is active!
2025-06-07 23:02:04,495 - INFO -  * Debugger PIN: 259-138-747
2025-06-07 23:02:06,516 - INFO -  * Detected change in 'C:\\AutoReportV2\\backend\\app\\utils\\forecast_processor.py', reloading
2025-06-07 23:02:06,633 - INFO -  * Restarting with stat
2025-06-07 23:03:41,466 - INFO - Ruta de DOWNLOAD_FOLDER: C:\AutoReportV2\backend\temp
2025-06-07 23:03:41,494 - INFO - [31m[1mWARNING: This is a development server. Do not use it in a production deployment. Use a production WSGI server instead.[0m
 * Running on http://127.0.0.1:5000
2025-06-07 23:03:41,494 - INFO - [33mPress CTRL+C to quit[0m
2025-06-07 23:03:41,494 - INFO -  * Restarting with stat
2025-06-07 23:03:42,502 - INFO - Ruta de DOWNLOAD_FOLDER: C:\AutoReportV2\backend\temp
2025-06-07 23:03:42,525 - WARNING -  * Debugger is active!
2025-06-07 23:03:42,534 - INFO -  * Debugger PIN: 259-138-747
2025-06-07 23:07:51,999 - INFO -  * Detected change in 'C:\\AutoReportV2\\backend\\app\\utils\\Summary.py', reloading
2025-06-07 23:07:52,112 - INFO -  * Restarting with stat
2025-06-07 23:07:53,211 - INFO - Ruta de DOWNLOAD_FOLDER: C:\AutoReportV2\backend\temp
2025-06-07 23:07:53,234 - WARNING -  * Debugger is active!
2025-06-07 23:07:53,237 - INFO -  * Debugger PIN: 259-138-747
2025-06-07 23:08:23,432 - INFO -  * Detected change in 'C:\\AutoReportV2\\backend\\app\\utils\\Summary.py', reloading
2025-06-07 23:08:23,546 - INFO -  * Restarting with stat
2025-06-07 23:08:24,645 - INFO - Ruta de DOWNLOAD_FOLDER: C:\AutoReportV2\backend\temp
2025-06-07 23:08:24,667 - WARNING -  * Debugger is active!
2025-06-07 23:08:24,670 - INFO -  * Debugger PIN: 259-138-747
2025-06-07 23:08:26,688 - INFO -  * Detected change in 'C:\\AutoReportV2\\backend\\app\\utils\\Summary.py', reloading
2025-06-07 23:08:26,803 - INFO -  * Restarting with stat
2025-06-07 23:08:27,866 - INFO - Ruta de DOWNLOAD_FOLDER: C:\AutoReportV2\backend\temp
2025-06-07 23:08:27,880 - WARNING -  * Debugger is active!
2025-06-07 23:08:27,889 - INFO -  * Debugger PIN: 259-138-747
2025-06-07 23:08:31,918 - INFO -  * Detected change in 'C:\\AutoReportV2\\backend\\app\\utils\\Summary.py', reloading
2025-06-07 23:08:32,042 - INFO -  * Restarting with stat
2025-06-07 23:08:33,129 - INFO - Ruta de DOWNLOAD_FOLDER: C:\AutoReportV2\backend\temp
2025-06-07 23:08:33,148 - WARNING -  * Debugger is active!
2025-06-07 23:08:33,149 - INFO -  * Debugger PIN: 259-138-747
2025-06-07 23:08:41,196 - INFO -  * Detected change in 'C:\\AutoReportV2\\backend\\app\\utils\\Summary.py', reloading
2025-06-07 23:08:41,319 - INFO -  * Restarting with stat
2025-06-07 23:08:42,394 - INFO - Ruta de DOWNLOAD_FOLDER: C:\AutoReportV2\backend\temp
2025-06-07 23:08:42,420 - WARNING -  * Debugger is active!
2025-06-07 23:08:42,423 - INFO -  * Debugger PIN: 259-138-747
2025-06-07 23:08:45,450 - INFO -  * Detected change in 'C:\\AutoReportV2\\backend\\app\\utils\\Summary.py', reloading
2025-06-07 23:08:45,576 - INFO -  * Restarting with stat
2025-06-07 23:08:46,692 - INFO - Ruta de DOWNLOAD_FOLDER: C:\AutoReportV2\backend\temp
2025-06-07 23:08:46,712 - WARNING -  * Debugger is active!
2025-06-07 23:08:46,714 - INFO -  * Debugger PIN: 259-138-747
2025-06-07 23:08:48,763 - INFO -  * Detected change in 'C:\\AutoReportV2\\backend\\app\\utils\\Summary.py', reloading
2025-06-07 23:08:48,912 - INFO -  * Restarting with stat
2025-06-07 23:08:49,910 - INFO - Ruta de DOWNLOAD_FOLDER: C:\AutoReportV2\backend\temp
2025-06-07 23:08:49,935 - WARNING -  * Debugger is active!
2025-06-07 23:08:49,935 - INFO -  * Debugger PIN: 259-138-747
2025-06-07 23:08:54,972 - INFO -  * Detected change in 'C:\\AutoReportV2\\backend\\app\\utils\\Summary.py', reloading
2025-06-07 23:08:55,084 - INFO -  * Restarting with stat
2025-06-07 23:08:56,065 - INFO - Ruta de DOWNLOAD_FOLDER: C:\AutoReportV2\backend\temp
2025-06-07 23:08:56,090 - WARNING -  * Debugger is active!
2025-06-07 23:08:56,092 - INFO -  * Debugger PIN: 259-138-747
2025-06-07 23:09:03,127 - INFO -  * Detected change in 'C:\\AutoReportV2\\backend\\app\\utils\\Summary.py', reloading
2025-06-07 23:09:03,244 - INFO -  * Restarting with stat
2025-06-07 23:09:04,303 - INFO - Ruta de DOWNLOAD_FOLDER: C:\AutoReportV2\backend\temp
2025-06-07 23:09:04,320 - WARNING -  * Debugger is active!
2025-06-07 23:09:04,323 - INFO -  * Debugger PIN: 259-138-747
2025-06-07 23:09:27,454 - INFO -  * Detected change in 'C:\\AutoReportV2\\backend\\app\\utils\\Summary.py', reloading
2025-06-07 23:09:27,572 - INFO -  * Restarting with stat
2025-06-07 23:09:28,552 - INFO - Ruta de DOWNLOAD_FOLDER: C:\AutoReportV2\backend\temp
2025-06-07 23:09:28,569 - WARNING -  * Debugger is active!
2025-06-07 23:09:28,572 - INFO -  * Debugger PIN: 259-138-747
2025-06-07 23:09:32,598 - INFO -  * Detected change in 'C:\\AutoReportV2\\backend\\app\\utils\\Summary.py', reloading
2025-06-07 23:09:32,745 - INFO -  * Restarting with stat
2025-06-07 23:09:33,744 - INFO - Ruta de DOWNLOAD_FOLDER: C:\AutoReportV2\backend\temp
2025-06-07 23:09:33,766 - WARNING -  * Debugger is active!
2025-06-07 23:09:33,769 - INFO -  * Debugger PIN: 259-138-747
2025-06-07 23:09:35,799 - INFO -  * Detected change in 'C:\\AutoReportV2\\backend\\app\\utils\\Summary.py', reloading
2025-06-07 23:09:35,913 - INFO -  * Restarting with stat
2025-06-07 23:09:36,911 - INFO - Ruta de DOWNLOAD_FOLDER: C:\AutoReportV2\backend\temp
2025-06-07 23:09:36,930 - WARNING -  * Debugger is active!
2025-06-07 23:09:36,932 - INFO -  * Debugger PIN: 259-138-747
2025-06-07 23:09:39,959 - INFO -  * Detected change in 'C:\\AutoReportV2\\backend\\app\\utils\\Summary.py', reloading
2025-06-07 23:09:40,073 - INFO -  * Restarting with stat
2025-06-07 23:09:41,187 - INFO - Ruta de DOWNLOAD_FOLDER: C:\AutoReportV2\backend\temp
2025-06-07 23:09:41,205 - WARNING -  * Debugger is active!
2025-06-07 23:09:41,209 - INFO -  * Debugger PIN: 259-138-747
2025-06-07 23:09:43,229 - INFO -  * Detected change in 'C:\\AutoReportV2\\backend\\app\\utils\\Summary.py', reloading
2025-06-07 23:09:43,342 - INFO -  * Restarting with stat
2025-06-07 23:09:44,417 - INFO - Ruta de DOWNLOAD_FOLDER: C:\AutoReportV2\backend\temp
2025-06-07 23:09:44,440 - WARNING -  * Debugger is active!
2025-06-07 23:09:44,449 - INFO -  * Debugger PIN: 259-138-747
2025-06-07 23:09:45,467 - INFO -  * Detected change in 'C:\\AutoReportV2\\backend\\app\\utils\\Summary.py', reloading
2025-06-07 23:09:45,608 - INFO -  * Restarting with stat
2025-06-07 23:09:46,702 - INFO - Ruta de DOWNLOAD_FOLDER: C:\AutoReportV2\backend\temp
2025-06-07 23:09:46,735 - WARNING -  * Debugger is active!
2025-06-07 23:09:46,739 - INFO -  * Debugger PIN: 259-138-747
2025-06-07 23:09:48,756 - INFO -  * Detected change in 'C:\\AutoReportV2\\backend\\app\\utils\\Summary.py', reloading
2025-06-07 23:09:48,873 - INFO -  * Restarting with stat
2025-06-07 23:09:49,852 - INFO - Ruta de DOWNLOAD_FOLDER: C:\AutoReportV2\backend\temp
2025-06-07 23:09:49,872 - WARNING -  * Debugger is active!
2025-06-07 23:09:49,875 - INFO -  * Debugger PIN: 259-138-747
2025-06-07 23:10:03,956 - INFO -  * Detected change in 'C:\\AutoReportV2\\backend\\app\\utils\\Summary.py', reloading
2025-06-07 23:10:04,053 - INFO -  * Restarting with stat
2025-06-07 23:10:05,088 - INFO - Ruta de DOWNLOAD_FOLDER: C:\AutoReportV2\backend\temp
2025-06-07 23:10:05,108 - WARNING -  * Debugger is active!
2025-06-07 23:10:05,115 - INFO -  * Debugger PIN: 259-138-747
2025-06-07 23:10:20,204 - INFO -  * Detected change in 'C:\\AutoReportV2\\backend\\app\\utils\\Summary.py', reloading
2025-06-07 23:10:20,338 - INFO -  * Restarting with stat
2025-06-07 23:10:21,411 - INFO - Ruta de DOWNLOAD_FOLDER: C:\AutoReportV2\backend\temp
2025-06-07 23:10:21,429 - WARNING -  * Debugger is active!
2025-06-07 23:10:21,432 - INFO -  * Debugger PIN: 259-138-747
2025-06-07 23:10:23,452 - INFO -  * Detected change in 'C:\\AutoReportV2\\backend\\app\\utils\\Summary.py', reloading
2025-06-07 23:10:23,566 - INFO -  * Restarting with stat
2025-06-07 23:10:24,817 - INFO - Ruta de DOWNLOAD_FOLDER: C:\AutoReportV2\backend\temp
2025-06-07 23:10:24,844 - WARNING -  * Debugger is active!
2025-06-07 23:10:24,847 - INFO -  * Debugger PIN: 259-138-747
2025-06-07 23:10:26,867 - INFO -  * Detected change in 'C:\\AutoReportV2\\backend\\app\\utils\\Summary.py', reloading
2025-06-07 23:10:26,984 - INFO -  * Restarting with stat
2025-06-07 23:10:28,066 - INFO - Ruta de DOWNLOAD_FOLDER: C:\AutoReportV2\backend\temp
2025-06-07 23:10:28,100 - WARNING -  * Debugger is active!
2025-06-07 23:10:28,103 - INFO -  * Debugger PIN: 259-138-747
2025-06-07 23:10:34,146 - INFO -  * Detected change in 'C:\\AutoReportV2\\backend\\app\\utils\\Summary.py', reloading
2025-06-07 23:10:34,283 - INFO -  * Restarting with stat
2025-06-07 23:10:35,450 - INFO - Ruta de DOWNLOAD_FOLDER: C:\AutoReportV2\backend\temp
2025-06-07 23:10:35,485 - WARNING -  * Debugger is active!
2025-06-07 23:10:35,488 - INFO -  * Debugger PIN: 259-138-747
2025-06-07 23:10:39,511 - INFO -  * Detected change in 'C:\\AutoReportV2\\backend\\app\\utils\\Summary.py', reloading
2025-06-07 23:10:39,633 - INFO -  * Restarting with stat
2025-06-07 23:10:40,802 - INFO - Ruta de DOWNLOAD_FOLDER: C:\AutoReportV2\backend\temp
2025-06-07 23:10:40,820 - WARNING -  * Debugger is active!
2025-06-07 23:10:40,822 - INFO -  * Debugger PIN: 259-138-747
2025-06-07 23:10:45,855 - INFO -  * Detected change in 'C:\\AutoReportV2\\backend\\app\\utils\\Summary.py', reloading
2025-06-07 23:10:46,000 - INFO -  * Restarting with stat
2025-06-07 23:10:47,168 - INFO - Ruta de DOWNLOAD_FOLDER: C:\AutoReportV2\backend\temp
2025-06-07 23:10:47,199 - WARNING -  * Debugger is active!
2025-06-07 23:10:47,202 - INFO -  * Debugger PIN: 259-138-747
2025-06-07 23:10:49,223 - INFO -  * Detected change in 'C:\\AutoReportV2\\backend\\app\\utils\\Summary.py', reloading
2025-06-07 23:10:49,354 - INFO -  * Restarting with stat
2025-06-07 23:10:50,351 - INFO - Ruta de DOWNLOAD_FOLDER: C:\AutoReportV2\backend\temp
2025-06-07 23:10:50,366 - WARNING -  * Debugger is active!
2025-06-07 23:10:50,375 - INFO -  * Debugger PIN: 259-138-747
2025-06-07 23:23:57,916 - INFO -  * Detected change in 'C:\\AutoReportV2\\backend\\app\\utils\\Summary.py', reloading
2025-06-07 23:23:58,036 - INFO -  * Restarting with stat
2025-06-07 23:24:00,874 - INFO - Ruta de DOWNLOAD_FOLDER: C:\AutoReportV2\backend\temp
2025-06-07 23:24:00,895 - WARNING -  * Debugger is active!
2025-06-07 23:24:00,898 - INFO -  * Debugger PIN: 259-138-747
2025-06-07 23:24:44,151 - INFO -  * Detected change in 'C:\\AutoReportV2\\backend\\app\\routes.py', reloading
2025-06-07 23:24:44,265 - INFO -  * Restarting with stat
2025-06-07 23:24:45,433 - INFO - Ruta de DOWNLOAD_FOLDER: C:\AutoReportV2\backend\temp
2025-06-07 23:24:45,470 - WARNING -  * Debugger is active!
2025-06-07 23:24:45,473 - INFO -  * Debugger PIN: 259-138-747
2025-06-07 23:24:47,494 - INFO -  * Detected change in 'C:\\AutoReportV2\\backend\\app\\routes.py', reloading
2025-06-07 23:24:47,602 - INFO -  * Restarting with stat
2025-06-07 23:24:48,634 - INFO - Ruta de DOWNLOAD_FOLDER: C:\AutoReportV2\backend\temp
2025-06-07 23:29:41,388 - INFO - Ruta de DOWNLOAD_FOLDER: C:\AutoReportV2\backend\temp
2025-06-07 23:31:22,975 - INFO - Ruta de DOWNLOAD_FOLDER: C:\AutoReportV2\backend\temp
2025-06-07 23:33:34,005 - INFO - Ruta de DOWNLOAD_FOLDER: C:\AutoReportV2\backend\temp
2025-06-07 23:34:15,426 - INFO - Ruta de DOWNLOAD_FOLDER: C:\AutoReportV2\backend\temp
2025-06-07 23:34:15,473 - INFO - [31m[1mWARNING: This is a development server. Do not use it in a production deployment. Use a production WSGI server instead.[0m
 * Running on http://127.0.0.1:5000
2025-06-07 23:34:15,473 - INFO - [33mPress CTRL+C to quit[0m
2025-06-07 23:34:15,473 - INFO -  * Restarting with stat
2025-06-07 23:34:16,476 - INFO - Ruta de DOWNLOAD_FOLDER: C:\AutoReportV2\backend\temp
2025-06-07 23:34:16,501 - WARNING -  * Debugger is active!
2025-06-07 23:34:16,503 - INFO -  * Debugger PIN: 259-138-747
2025-06-07 23:34:38,643 - INFO -  * Detected change in 'C:\\AutoReportV2\\backend\\app\\routes.py', reloading
2025-06-07 23:34:38,777 - INFO -  * Restarting with stat
2025-06-07 23:34:39,892 - INFO - Ruta de DOWNLOAD_FOLDER: C:\AutoReportV2\backend\temp
2025-06-07 23:34:39,912 - WARNING -  * Debugger is active!
2025-06-07 23:34:39,914 - INFO -  * Debugger PIN: 259-138-747
2025-06-07 23:34:40,932 - INFO -  * Detected change in 'C:\\AutoReportV2\\backend\\app\\routes.py', reloading
2025-06-07 23:34:41,042 - INFO -  * Restarting with stat
2025-06-07 23:34:42,066 - INFO - Ruta de DOWNLOAD_FOLDER: C:\AutoReportV2\backend\temp
2025-06-07 23:34:42,089 - WARNING -  * Debugger is active!
2025-06-07 23:34:42,091 - INFO -  * Debugger PIN: 259-138-747
2025-06-07 23:34:51,142 - INFO -  * Detected change in 'C:\\AutoReportV2\\backend\\app\\routes.py', reloading
2025-06-07 23:34:51,274 - INFO -  * Restarting with stat
2025-06-07 23:35:28,784 - INFO - Ruta de DOWNLOAD_FOLDER: C:\AutoReportV2\backend\temp
2025-06-07 23:35:28,821 - INFO - [31m[1mWARNING: This is a development server. Do not use it in a production deployment. Use a production WSGI server instead.[0m
 * Running on http://127.0.0.1:5000
2025-06-07 23:35:28,821 - INFO - [33mPress CTRL+C to quit[0m
2025-06-07 23:35:28,824 - INFO -  * Restarting with stat
2025-06-07 23:35:29,781 - INFO - Ruta de DOWNLOAD_FOLDER: C:\AutoReportV2\backend\temp
2025-06-07 23:35:29,816 - WARNING -  * Debugger is active!
2025-06-07 23:35:29,819 - INFO -  * Debugger PIN: 259-138-747
2025-06-07 23:35:33,847 - INFO -  * Detected change in 'C:\\AutoReportV2\\backend\\app\\routes.py', reloading
2025-06-07 23:35:33,971 - INFO -  * Restarting with stat
2025-06-07 23:35:35,009 - INFO - Ruta de DOWNLOAD_FOLDER: C:\AutoReportV2\backend\temp
2025-06-07 23:35:35,021 - WARNING -  * Debugger is active!
2025-06-07 23:35:35,030 - INFO -  * Debugger PIN: 259-138-747
2025-06-07 23:35:43,638 - INFO - 127.0.0.1 - - [07/Jun/2025 23:35:43] "GET /api/summary HTTP/1.1" 200 -
2025-06-07 23:35:43,887 - INFO - 127.0.0.1 - - [07/Jun/2025 23:35:43] "GET /api/summary HTTP/1.1" 200 -
2025-06-07 23:44:13,303 - INFO - 127.0.0.1 - - [07/Jun/2025 23:44:13] "POST /run-process HTTP/1.1" 200 -
2025-06-07 23:45:29,663 - INFO -  * Detected change in 'C:\\AutoReportV2\\backend\\app\\utils\\forecast_processor.py', reloading
2025-06-07 23:45:34,228 - INFO -  * Restarting with stat
2025-06-07 23:50:32,515 - INFO - Ruta de DOWNLOAD_FOLDER: C:\AutoReportV2\backend\temp
2025-06-07 23:50:32,555 - INFO - [31m[1mWARNING: This is a development server. Do not use it in a production deployment. Use a production WSGI server instead.[0m
 * Running on http://127.0.0.1:5000
2025-06-07 23:50:32,555 - INFO - [33mPress CTRL+C to quit[0m
2025-06-07 23:50:32,565 - INFO -  * Restarting with stat
2025-06-07 23:50:33,475 - INFO - Ruta de DOWNLOAD_FOLDER: C:\AutoReportV2\backend\temp
2025-06-07 23:50:33,501 - WARNING -  * Debugger is active!
2025-06-07 23:50:33,504 - INFO -  * Debugger PIN: 259-138-747
2025-06-08 00:00:54,067 - INFO - 127.0.0.1 - - [08/Jun/2025 00:00:54] "POST /run-process HTTP/1.1" 200 -
2025-06-08 00:04:11,761 - INFO - 127.0.0.1 - - [08/Jun/2025 00:04:11] "GET /api/summary HTTP/1.1" 200 -
2025-06-08 00:09:35,689 - INFO - 127.0.0.1 - - [08/Jun/2025 00:09:35] "GET /api/summary HTTP/1.1" 200 -
2025-06-08 00:09:35,937 - INFO - 127.0.0.1 - - [08/Jun/2025 00:09:35] "GET /api/summary HTTP/1.1" 200 -
2025-06-08 00:09:58,460 - INFO - 127.0.0.1 - - [08/Jun/2025 00:09:58] "GET /api/summary HTTP/1.1" 200 -
2025-06-08 00:09:58,770 - INFO - 127.0.0.1 - - [08/Jun/2025 00:09:58] "GET /api/summary HTTP/1.1" 200 -
2025-06-08 00:14:08,532 - INFO - 127.0.0.1 - - [08/Jun/2025 00:14:08] "GET /api/summary HTTP/1.1" 200 -
2025-06-08 00:14:08,777 - INFO - 127.0.0.1 - - [08/Jun/2025 00:14:08] "GET /api/summary HTTP/1.1" 200 -
2025-06-08 00:14:26,195 - INFO - 127.0.0.1 - - [08/Jun/2025 00:14:26] "GET /api/summary HTTP/1.1" 200 -
2025-06-08 00:14:26,512 - INFO - 127.0.0.1 - - [08/Jun/2025 00:14:26] "GET /api/summary HTTP/1.1" 200 -
2025-06-08 00:28:32,232 - INFO -  * Detected change in 'C:\\AutoReportV2\\backend\\app\\utils\\Summary.py', reloading
2025-06-08 00:28:36,525 - INFO -  * Restarting with stat
2025-06-08 00:28:40,166 - INFO - Ruta de DOWNLOAD_FOLDER: C:\AutoReportV2\backend\temp
2025-06-08 00:28:40,191 - WARNING -  * Debugger is active!
2025-06-08 00:28:40,191 - INFO -  * Debugger PIN: 259-138-747
2025-06-08 00:33:18,839 - INFO -  * Detected change in 'C:\\AutoReportV2\\backend\\app\\utils\\Summary.py', reloading
2025-06-08 00:33:19,001 - INFO -  * Restarting with stat
2025-06-08 00:33:20,062 - INFO - Ruta de DOWNLOAD_FOLDER: C:\AutoReportV2\backend\temp
2025-06-08 00:33:20,086 - WARNING -  * Debugger is active!
2025-06-08 00:33:20,091 - INFO -  * Debugger PIN: 259-138-747
2025-06-08 00:33:43,241 - INFO -  * Detected change in 'C:\\AutoReportV2\\backend\\app\\utils\\Summary.py', reloading
2025-06-08 00:33:43,427 - INFO -  * Restarting with stat
2025-06-08 00:33:44,395 - INFO - Ruta de DOWNLOAD_FOLDER: C:\AutoReportV2\backend\temp
2025-06-08 00:33:44,422 - WARNING -  * Debugger is active!
2025-06-08 00:33:44,424 - INFO -  * Debugger PIN: 259-138-747
2025-06-08 00:33:49,472 - INFO -  * Detected change in 'C:\\AutoReportV2\\backend\\app\\utils\\Summary.py', reloading
2025-06-08 00:33:49,595 - INFO -  * Restarting with stat
2025-06-08 00:33:50,605 - INFO - Ruta de DOWNLOAD_FOLDER: C:\AutoReportV2\backend\temp
2025-06-08 00:33:50,640 - WARNING -  * Debugger is active!
2025-06-08 00:33:50,641 - INFO -  * Debugger PIN: 259-138-747
2025-06-08 00:34:42,956 - INFO -  * Detected change in 'C:\\AutoReportV2\\backend\\app\\utils\\Summary.py', reloading
2025-06-08 00:34:43,054 - INFO -  * Restarting with stat
2025-06-08 00:41:12,423 - INFO - Ruta de DOWNLOAD_FOLDER: C:\AutoReportV2\backend\temp
2025-06-08 00:41:12,474 - INFO - [31m[1mWARNING: This is a development server. Do not use it in a production deployment. Use a production WSGI server instead.[0m
 * Running on http://127.0.0.1:5000
2025-06-08 00:41:12,474 - INFO - [33mPress CTRL+C to quit[0m
2025-06-08 00:41:12,476 - INFO -  * Restarting with stat
2025-06-08 00:41:13,704 - INFO - Ruta de DOWNLOAD_FOLDER: C:\AutoReportV2\backend\temp
2025-06-08 00:41:13,724 - WARNING -  * Debugger is active!
2025-06-08 00:41:13,730 - INFO -  * Debugger PIN: 259-138-747
2025-06-08 00:50:28,898 - ERROR - Error al procesar el archivo descargado: index 13 is out of bounds for axis 0 with size 11
Traceback (most recent call last):
  File "C:\AutoReportV2\backend\app\routes.py", line 477, in run_process
    resultado = procesar_forecast(archivo_descargado, forecast_base)
                ^^^^^^^^^^^^^^^^^^^^^^^^^^^^^^^^^^^^^^^^^^^^^^^^^^^^
  File "C:\AutoReportV2\backend\app\utils\forecast_processor.py", line 578, in procesar_forecast
    Summary()
  File "C:\AutoReportV2\backend\app\utils\Summary.py", line 17, in Summary
    columna_prev_week = tabla_raw.iloc[13, 13]
                        ~~~~~~~~~~~~~~^^^^^^^^
  File "C:\Users\AlexixJohanOrostegui\AppData\Local\Programs\Python\Python311\Lib\site-packages\pandas\core\indexing.py", line 1183, in __getitem__
    return self.obj._get_value(*key, takeable=self._takeable)
           ^^^^^^^^^^^^^^^^^^^^^^^^^^^^^^^^^^^^^^^^^^^^^^^^^^
  File "C:\Users\AlexixJohanOrostegui\AppData\Local\Programs\Python\Python311\Lib\site-packages\pandas\core\frame.py", line 4211, in _get_value
    series = self._ixs(col, axis=1)
             ^^^^^^^^^^^^^^^^^^^^^^
  File "C:\Users\AlexixJohanOrostegui\AppData\Local\Programs\Python\Python311\Lib\site-packages\pandas\core\frame.py", line 4008, in _ixs
    label = self.columns[i]
            ~~~~~~~~~~~~^^^
  File "C:\Users\AlexixJohanOrostegui\AppData\Local\Programs\Python\Python311\Lib\site-packages\pandas\core\indexes\base.py", line 5389, in __getitem__
    return getitem(key)
           ^^^^^^^^^^^^
IndexError: index 13 is out of bounds for axis 0 with size 11
2025-06-08 00:50:29,169 - INFO - 127.0.0.1 - - [08/Jun/2025 00:50:29] "[35m[1mPOST /run-process HTTP/1.1[0m" 500 -
2025-06-08 00:53:23,086 - INFO -  * Detected change in 'C:\\AutoReportV2\\backend\\app\\utils\\Summary.py', reloading
2025-06-08 00:53:27,749 - INFO -  * Restarting with stat
2025-06-08 00:53:30,886 - INFO - Ruta de DOWNLOAD_FOLDER: C:\AutoReportV2\backend\temp
2025-06-08 00:53:30,913 - WARNING -  * Debugger is active!
2025-06-08 00:53:30,913 - INFO -  * Debugger PIN: 259-138-747
2025-06-08 00:58:23,506 - INFO -  * Detected change in 'C:\\AutoReportV2\\backend\\app\\routes.py', reloading
2025-06-08 00:58:23,633 - INFO -  * Restarting with stat
2025-06-08 00:58:24,802 - INFO - Ruta de DOWNLOAD_FOLDER: C:\AutoReportV2\backend\temp
2025-06-08 00:58:24,819 - WARNING -  * Debugger is active!
2025-06-08 00:58:24,827 - INFO -  * Debugger PIN: 259-138-747
2025-06-08 00:58:29,867 - INFO -  * Detected change in 'C:\\AutoReportV2\\backend\\app\\routes.py', reloading
2025-06-08 00:58:29,978 - INFO -  * Restarting with stat
2025-06-08 00:58:31,018 - INFO - Ruta de DOWNLOAD_FOLDER: C:\AutoReportV2\backend\temp
2025-06-08 00:58:31,035 - WARNING -  * Debugger is active!
2025-06-08 00:58:31,039 - INFO -  * Debugger PIN: 259-138-747
2025-06-08 00:58:38,087 - INFO -  * Detected change in 'C:\\AutoReportV2\\backend\\app\\routes.py', reloading
2025-06-08 00:58:38,203 - INFO -  * Restarting with stat
2025-06-08 00:58:40,598 - INFO - Ruta de DOWNLOAD_FOLDER: C:\AutoReportV2\backend\temp
2025-06-08 00:58:40,625 - WARNING -  * Debugger is active!
2025-06-08 00:58:40,627 - INFO -  * Debugger PIN: 259-138-747
2025-06-08 00:58:45,678 - INFO -  * Detected change in 'C:\\AutoReportV2\\backend\\app\\routes.py', reloading
2025-06-08 00:58:45,797 - INFO -  * Restarting with stat
2025-06-08 00:58:46,815 - INFO - Ruta de DOWNLOAD_FOLDER: C:\AutoReportV2\backend\temp
2025-06-08 00:58:46,837 - WARNING -  * Debugger is active!
2025-06-08 00:58:46,842 - INFO -  * Debugger PIN: 259-138-747
2025-06-08 00:58:57,764 - INFO - 127.0.0.1 - - [08/Jun/2025 00:58:57] "GET /api/resultado HTTP/1.1" 200 -
2025-06-08 01:00:31,506 - INFO - 127.0.0.1 - - [08/Jun/2025 01:00:31] "[33mGET /api/summary HTTP/1.1[0m" 404 -
2025-06-08 01:00:31,509 - INFO - 127.0.0.1 - - [08/Jun/2025 01:00:31] "GET /api/resultado HTTP/1.1" 200 -
2025-06-08 01:00:31,765 - INFO - 127.0.0.1 - - [08/Jun/2025 01:00:31] "[33mGET /api/summary HTTP/1.1[0m" 404 -
2025-06-08 01:00:31,822 - INFO - 127.0.0.1 - - [08/Jun/2025 01:00:31] "GET /api/resultado HTTP/1.1" 200 -
2025-06-08 01:00:32,172 - INFO - 127.0.0.1 - - [08/Jun/2025 01:00:32] "[33mGET /api/summary HTTP/1.1[0m" 404 -
2025-06-08 01:00:32,489 - INFO - 127.0.0.1 - - [08/Jun/2025 01:00:32] "GET /api/resultado HTTP/1.1" 200 -
2025-06-08 01:00:32,489 - INFO - 127.0.0.1 - - [08/Jun/2025 01:00:32] "[33mGET /api/summary HTTP/1.1[0m" 404 -
2025-06-08 01:00:32,808 - INFO - 127.0.0.1 - - [08/Jun/2025 01:00:32] "GET /api/resultado HTTP/1.1" 200 -
2025-06-08 01:00:34,500 - INFO - 127.0.0.1 - - [08/Jun/2025 01:00:34] "[33mGET /api/summary HTTP/1.1[0m" 404 -
2025-06-08 01:00:34,500 - INFO - 127.0.0.1 - - [08/Jun/2025 01:00:34] "GET /api/resultado HTTP/1.1" 200 -
2025-06-08 01:00:34,758 - INFO - 127.0.0.1 - - [08/Jun/2025 01:00:34] "[33mGET /api/summary HTTP/1.1[0m" 404 -
2025-06-08 01:00:34,824 - INFO - 127.0.0.1 - - [08/Jun/2025 01:00:34] "GET /api/resultado HTTP/1.1" 200 -
2025-06-08 01:00:37,188 - INFO - 127.0.0.1 - - [08/Jun/2025 01:00:37] "[33mGET /api/summary HTTP/1.1[0m" 404 -
2025-06-08 01:00:37,491 - INFO - 127.0.0.1 - - [08/Jun/2025 01:00:37] "GET /api/resultado HTTP/1.1" 200 -
2025-06-08 01:00:37,491 - INFO - 127.0.0.1 - - [08/Jun/2025 01:00:37] "[33mGET /api/summary HTTP/1.1[0m" 404 -
2025-06-08 01:00:37,805 - INFO - 127.0.0.1 - - [08/Jun/2025 01:00:37] "GET /api/resultado HTTP/1.1" 200 -
2025-06-08 01:03:03,481 - INFO - 127.0.0.1 - - [08/Jun/2025 01:03:03] "[33mGET /api/summary HTTP/1.1[0m" 404 -
2025-06-08 01:03:03,484 - INFO - 127.0.0.1 - - [08/Jun/2025 01:03:03] "GET /api/resultado HTTP/1.1" 200 -
2025-06-08 01:07:34,501 - INFO - 127.0.0.1 - - [08/Jun/2025 01:07:34] "[33mGET /api/summary HTTP/1.1[0m" 404 -
2025-06-08 01:08:13,316 - INFO - 127.0.0.1 - - [08/Jun/2025 01:08:13] "[33mGET /api/summary HTTP/1.1[0m" 404 -
2025-06-08 01:08:13,623 - INFO - 127.0.0.1 - - [08/Jun/2025 01:08:13] "[33mGET /api/summary HTTP/1.1[0m" 404 -
2025-06-08 01:08:40,021 - INFO - Ruta de DOWNLOAD_FOLDER: C:\AutoReportV2\backend\temp
2025-06-08 01:08:40,050 - INFO - [31m[1mWARNING: This is a development server. Do not use it in a production deployment. Use a production WSGI server instead.[0m
 * Running on http://127.0.0.1:5000
2025-06-08 01:08:40,050 - INFO - [33mPress CTRL+C to quit[0m
2025-06-08 01:08:40,050 - INFO -  * Restarting with stat
2025-06-08 01:08:41,067 - INFO - Ruta de DOWNLOAD_FOLDER: C:\AutoReportV2\backend\temp
2025-06-08 01:08:41,085 - WARNING -  * Debugger is active!
2025-06-08 01:08:41,087 - INFO -  * Debugger PIN: 259-138-747
2025-06-08 01:08:46,840 - INFO - 127.0.0.1 - - [08/Jun/2025 01:08:46] "[33mGET /api/summary HTTP/1.1[0m" 404 -
2025-06-08 01:08:47,108 - INFO - 127.0.0.1 - - [08/Jun/2025 01:08:47] "[33mGET /api/summary HTTP/1.1[0m" 404 -
2025-06-08 01:09:29,359 - INFO -  * Detected change in 'C:\\AutoReportV2\\backend\\app\\routes.py', reloading
2025-06-08 01:09:29,470 - INFO -  * Restarting with stat
2025-06-08 01:10:27,333 - INFO - Ruta de DOWNLOAD_FOLDER: C:\AutoReportV2\backend\temp
2025-06-08 01:10:27,373 - INFO - [31m[1mWARNING: This is a development server. Do not use it in a production deployment. Use a production WSGI server instead.[0m
 * Running on http://127.0.0.1:5000
2025-06-08 01:10:27,373 - INFO - [33mPress CTRL+C to quit[0m
2025-06-08 01:10:27,380 - INFO -  * Restarting with stat
2025-06-08 01:10:28,363 - INFO - Ruta de DOWNLOAD_FOLDER: C:\AutoReportV2\backend\temp
2025-06-08 01:10:28,387 - WARNING -  * Debugger is active!
2025-06-08 01:10:28,387 - INFO -  * Debugger PIN: 259-138-747
2025-06-08 01:10:31,398 - INFO - 127.0.0.1 - - [08/Jun/2025 01:10:31] "[33mGET /api/summary HTTP/1.1[0m" 404 -
2025-06-08 01:10:31,647 - INFO - 127.0.0.1 - - [08/Jun/2025 01:10:31] "[33mGET /api/summary HTTP/1.1[0m" 404 -
2025-06-08 01:11:05,613 - INFO -  * Detected change in 'C:\\AutoReportV2\\backend\\app\\routes.py', reloading
2025-06-08 01:11:05,799 - INFO -  * Restarting with stat
2025-06-08 01:11:07,156 - INFO - Ruta de DOWNLOAD_FOLDER: C:\AutoReportV2\backend\temp
2025-06-08 01:11:07,179 - WARNING -  * Debugger is active!
2025-06-08 01:11:07,179 - INFO -  * Debugger PIN: 259-138-747
2025-06-08 01:11:10,040 - INFO - 127.0.0.1 - - [08/Jun/2025 01:11:10] "[33mGET /api/summary HTTP/1.1[0m" 404 -
2025-06-08 01:11:10,286 - INFO - 127.0.0.1 - - [08/Jun/2025 01:11:10] "[33mGET /api/summary HTTP/1.1[0m" 404 -
2025-06-08 01:11:12,953 - INFO - 127.0.0.1 - - [08/Jun/2025 01:11:12] "[33mGET /api/summary HTTP/1.1[0m" 404 -
2025-06-08 01:11:13,261 - INFO - 127.0.0.1 - - [08/Jun/2025 01:11:13] "[33mGET /api/summary HTTP/1.1[0m" 404 -
2025-06-08 01:11:19,247 - INFO -  * Detected change in 'C:\\AutoReportV2\\backend\\app\\routes.py', reloading
2025-06-08 01:11:19,377 - INFO -  * Restarting with stat
2025-06-08 01:11:20,543 - INFO - Ruta de DOWNLOAD_FOLDER: C:\AutoReportV2\backend\temp
2025-06-08 01:11:20,566 - WARNING -  * Debugger is active!
2025-06-08 01:11:20,571 - INFO -  * Debugger PIN: 259-138-747
2025-06-08 01:11:26,771 - INFO - Ruta de DOWNLOAD_FOLDER: C:\AutoReportV2\backend\temp
2025-06-08 01:11:26,863 - INFO - [31m[1mWARNING: This is a development server. Do not use it in a production deployment. Use a production WSGI server instead.[0m
 * Running on http://127.0.0.1:5000
2025-06-08 01:11:26,863 - INFO - [33mPress CTRL+C to quit[0m
2025-06-08 01:11:26,864 - INFO -  * Restarting with stat
2025-06-08 01:11:27,928 - INFO - Ruta de DOWNLOAD_FOLDER: C:\AutoReportV2\backend\temp
2025-06-08 01:11:27,947 - WARNING -  * Debugger is active!
2025-06-08 01:11:27,949 - INFO -  * Debugger PIN: 259-138-747
2025-06-08 01:11:29,339 - INFO - 127.0.0.1 - - [08/Jun/2025 01:11:29] "[33mGET /api/summary HTTP/1.1[0m" 404 -
2025-06-08 01:11:29,591 - INFO - 127.0.0.1 - - [08/Jun/2025 01:11:29] "[33mGET /api/summary HTTP/1.1[0m" 404 -
2025-06-08 01:12:21,720 - INFO - 127.0.0.1 - - [08/Jun/2025 01:12:21] "[33mGET /api/summary HTTP/1.1[0m" 404 -
2025-06-08 01:12:58,450 - INFO -  * Detected change in 'C:\\AutoReportV2\\backend\\app\\utils\\Summary.py', reloading
2025-06-08 01:12:58,566 - INFO -  * Restarting with stat
2025-06-08 01:12:59,717 - INFO - Ruta de DOWNLOAD_FOLDER: C:\AutoReportV2\backend\temp
2025-06-08 01:12:59,737 - WARNING -  * Debugger is active!
2025-06-08 01:12:59,738 - INFO -  * Debugger PIN: 259-138-747
2025-06-08 01:13:03,732 - INFO - 127.0.0.1 - - [08/Jun/2025 01:13:03] "[33mGET /api/summary HTTP/1.1[0m" 404 -
2025-06-08 01:13:03,993 - INFO - 127.0.0.1 - - [08/Jun/2025 01:13:03] "[33mGET /api/summary HTTP/1.1[0m" 404 -
2025-06-08 01:13:06,785 - INFO -  * Detected change in 'C:\\AutoReportV2\\backend\\app\\utils\\Summary.py', reloading
2025-06-08 01:13:06,898 - INFO -  * Restarting with stat
2025-06-08 01:13:07,998 - INFO - Ruta de DOWNLOAD_FOLDER: C:\AutoReportV2\backend\temp
2025-06-08 01:13:08,033 - WARNING -  * Debugger is active!
2025-06-08 01:13:08,035 - INFO -  * Debugger PIN: 259-138-747
2025-06-08 01:13:12,429 - INFO - 127.0.0.1 - - [08/Jun/2025 01:13:12] "[33mGET /api/summary HTTP/1.1[0m" 404 -
2025-06-08 01:13:17,084 - INFO -  * Detected change in 'C:\\AutoReportV2\\backend\\app\\utils\\Summary.py', reloading
2025-06-08 01:13:17,204 - INFO -  * Restarting with stat
2025-06-08 01:13:18,363 - INFO - Ruta de DOWNLOAD_FOLDER: C:\AutoReportV2\backend\temp
2025-06-08 01:13:18,397 - WARNING -  * Debugger is active!
2025-06-08 01:13:18,400 - INFO -  * Debugger PIN: 259-138-747
2025-06-08 01:13:20,423 - INFO -  * Detected change in 'C:\\AutoReportV2\\backend\\app\\utils\\Summary.py', reloading
2025-06-08 01:13:20,530 - INFO -  * Restarting with stat
2025-06-08 01:13:21,563 - INFO - Ruta de DOWNLOAD_FOLDER: C:\AutoReportV2\backend\temp
2025-06-08 01:13:21,586 - WARNING -  * Debugger is active!
2025-06-08 01:13:21,590 - INFO -  * Debugger PIN: 259-138-747
2025-06-08 01:13:25,625 - INFO -  * Detected change in 'C:\\AutoReportV2\\backend\\app\\utils\\Summary.py', reloading
2025-06-08 01:13:25,730 - INFO -  * Restarting with stat
2025-06-08 01:13:26,762 - INFO - Ruta de DOWNLOAD_FOLDER: C:\AutoReportV2\backend\temp
2025-06-08 01:13:26,798 - WARNING -  * Debugger is active!
2025-06-08 01:13:26,800 - INFO -  * Debugger PIN: 259-138-747
2025-06-08 01:13:28,818 - INFO -  * Detected change in 'C:\\AutoReportV2\\backend\\app\\utils\\Summary.py', reloading
2025-06-08 01:13:28,914 - INFO -  * Restarting with stat
2025-06-08 01:13:29,999 - INFO - Ruta de DOWNLOAD_FOLDER: C:\AutoReportV2\backend\temp
2025-06-08 01:13:30,031 - WARNING -  * Debugger is active!
2025-06-08 01:13:30,034 - INFO -  * Debugger PIN: 259-138-747
2025-06-08 01:13:56,154 - INFO -  * Detected change in 'C:\\AutoReportV2\\backend\\app\\routes.py', reloading
2025-06-08 01:13:56,279 - INFO -  * Restarting with stat
2025-06-08 01:13:58,977 - INFO - Ruta de DOWNLOAD_FOLDER: C:\AutoReportV2\backend\temp
2025-06-08 01:13:58,998 - WARNING -  * Debugger is active!
2025-06-08 01:13:59,006 - INFO -  * Debugger PIN: 259-138-747
2025-06-08 01:13:59,044 - INFO - 127.0.0.1 - - [08/Jun/2025 01:13:59] "GET /api/summary HTTP/1.1" 200 -
2025-06-08 01:14:08,077 - INFO -  * Detected change in 'C:\\AutoReportV2\\backend\\app\\routes.py', reloading
2025-06-08 01:14:08,193 - INFO -  * Restarting with stat
2025-06-08 01:14:09,228 - INFO - Ruta de DOWNLOAD_FOLDER: C:\AutoReportV2\backend\temp
2025-06-08 01:14:09,252 - WARNING -  * Debugger is active!
2025-06-08 01:14:09,252 - INFO -  * Debugger PIN: 259-138-747
2025-06-08 01:14:10,544 - INFO - 127.0.0.1 - - [08/Jun/2025 01:14:10] "GET /api/summary HTTP/1.1" 200 -
2025-06-08 01:14:16,905 - INFO - 127.0.0.1 - - [08/Jun/2025 01:14:16] "GET /api/summary HTTP/1.1" 200 -
2025-06-08 01:14:17,160 - INFO - 127.0.0.1 - - [08/Jun/2025 01:14:17] "GET /api/summary HTTP/1.1" 200 -
2025-06-08 01:14:50,178 - INFO - 127.0.0.1 - - [08/Jun/2025 01:14:50] "GET /api/summary HTTP/1.1" 200 -
2025-06-08 01:14:50,504 - INFO - 127.0.0.1 - - [08/Jun/2025 01:14:50] "GET /api/resultado HTTP/1.1" 200 -
2025-06-08 01:16:20,281 - INFO - 127.0.0.1 - - [08/Jun/2025 01:16:20] "GET /api/summary HTTP/1.1" 200 -
2025-06-08 01:16:20,282 - INFO - 127.0.0.1 - - [08/Jun/2025 01:16:20] "GET /api/resultado HTTP/1.1" 200 -
2025-06-08 01:16:20,530 - INFO - 127.0.0.1 - - [08/Jun/2025 01:16:20] "GET /api/summary HTTP/1.1" 200 -
2025-06-08 01:16:20,588 - INFO - 127.0.0.1 - - [08/Jun/2025 01:16:20] "GET /api/resultado HTTP/1.1" 200 -
2025-06-08 01:18:15,937 - INFO - 127.0.0.1 - - [08/Jun/2025 01:18:15] "GET /api/summary HTTP/1.1" 200 -
2025-06-08 01:18:15,938 - INFO - 127.0.0.1 - - [08/Jun/2025 01:18:15] "GET /api/resultado HTTP/1.1" 200 -
2025-06-08 01:18:16,197 - INFO - 127.0.0.1 - - [08/Jun/2025 01:18:16] "GET /api/summary HTTP/1.1" 200 -
2025-06-08 01:18:16,252 - INFO - 127.0.0.1 - - [08/Jun/2025 01:18:16] "GET /api/resultado HTTP/1.1" 200 -
2025-06-08 01:18:20,722 - INFO - 127.0.0.1 - - [08/Jun/2025 01:18:20] "GET /api/summary HTTP/1.1" 200 -
2025-06-08 01:18:21,033 - INFO - 127.0.0.1 - - [08/Jun/2025 01:18:21] "GET /api/summary HTTP/1.1" 200 -
2025-06-08 01:18:21,036 - INFO - 127.0.0.1 - - [08/Jun/2025 01:18:21] "GET /api/resultado HTTP/1.1" 200 -
2025-06-08 01:18:21,355 - INFO - 127.0.0.1 - - [08/Jun/2025 01:18:21] "GET /api/resultado HTTP/1.1" 200 -
2025-06-08 01:18:27,485 - INFO - 127.0.0.1 - - [08/Jun/2025 01:18:27] "GET /api/resultado HTTP/1.1" 200 -
2025-06-08 01:18:27,486 - INFO - 127.0.0.1 - - [08/Jun/2025 01:18:27] "GET /api/summary HTTP/1.1" 200 -
2025-06-08 01:18:27,751 - INFO - 127.0.0.1 - - [08/Jun/2025 01:18:27] "GET /api/resultado HTTP/1.1" 200 -
2025-06-08 01:18:27,803 - INFO - 127.0.0.1 - - [08/Jun/2025 01:18:27] "GET /api/summary HTTP/1.1" 200 -
2025-06-08 01:25:20,495 - INFO - 127.0.0.1 - - [08/Jun/2025 01:25:20] "GET /api/summary HTTP/1.1" 200 -
2025-06-08 01:25:20,497 - INFO - 127.0.0.1 - - [08/Jun/2025 01:25:20] "GET /api/resultado HTTP/1.1" 200 -
2025-06-08 01:25:20,754 - INFO - 127.0.0.1 - - [08/Jun/2025 01:25:20] "GET /api/summary HTTP/1.1" 200 -
2025-06-08 01:25:20,812 - INFO - 127.0.0.1 - - [08/Jun/2025 01:25:20] "GET /api/resultado HTTP/1.1" 200 -
2025-06-08 01:34:29,440 - INFO - 127.0.0.1 - - [08/Jun/2025 01:34:29] "GET /api/summary HTTP/1.1" 200 -
2025-06-08 01:34:29,440 - INFO - 127.0.0.1 - - [08/Jun/2025 01:34:29] "GET /api/resultado HTTP/1.1" 200 -
2025-06-08 01:34:29,706 - INFO - 127.0.0.1 - - [08/Jun/2025 01:34:29] "GET /api/summary HTTP/1.1" 200 -
2025-06-08 01:34:29,758 - INFO - 127.0.0.1 - - [08/Jun/2025 01:34:29] "GET /api/resultado HTTP/1.1" 200 -
2025-06-08 01:35:42,351 - INFO - 127.0.0.1 - - [08/Jun/2025 01:35:42] "GET /api/summary HTTP/1.1" 200 -
2025-06-08 01:35:42,351 - INFO - 127.0.0.1 - - [08/Jun/2025 01:35:42] "GET /api/resultado HTTP/1.1" 200 -
2025-06-08 01:35:42,612 - INFO - 127.0.0.1 - - [08/Jun/2025 01:35:42] "GET /api/summary HTTP/1.1" 200 -
2025-06-08 01:35:42,667 - INFO - 127.0.0.1 - - [08/Jun/2025 01:35:42] "GET /api/resultado HTTP/1.1" 200 -
2025-06-08 01:37:55,505 - INFO - 127.0.0.1 - - [08/Jun/2025 01:37:55] "GET /api/summary HTTP/1.1" 200 -
2025-06-08 01:37:55,505 - INFO - 127.0.0.1 - - [08/Jun/2025 01:37:55] "GET /api/resultado HTTP/1.1" 200 -
2025-06-08 01:37:55,747 - INFO - 127.0.0.1 - - [08/Jun/2025 01:37:55] "GET /api/summary HTTP/1.1" 200 -
2025-06-08 01:37:55,822 - INFO - 127.0.0.1 - - [08/Jun/2025 01:37:55] "GET /api/resultado HTTP/1.1" 200 -
2025-06-08 01:38:03,198 - INFO - 127.0.0.1 - - [08/Jun/2025 01:38:03] "GET /api/summary HTTP/1.1" 200 -
2025-06-08 01:38:03,507 - INFO - 127.0.0.1 - - [08/Jun/2025 01:38:03] "GET /api/resultado HTTP/1.1" 200 -
2025-06-08 01:38:03,507 - INFO - 127.0.0.1 - - [08/Jun/2025 01:38:03] "GET /api/summary HTTP/1.1" 200 -
2025-06-08 01:38:03,821 - INFO - 127.0.0.1 - - [08/Jun/2025 01:38:03] "GET /api/resultado HTTP/1.1" 200 -
2025-06-08 01:38:14,499 - INFO - 127.0.0.1 - - [08/Jun/2025 01:38:14] "GET /api/summary HTTP/1.1" 200 -
2025-06-08 01:38:14,500 - INFO - 127.0.0.1 - - [08/Jun/2025 01:38:14] "GET /api/resultado HTTP/1.1" 200 -
2025-06-08 01:38:14,746 - INFO - 127.0.0.1 - - [08/Jun/2025 01:38:14] "GET /api/summary HTTP/1.1" 200 -
2025-06-08 01:38:14,806 - INFO - 127.0.0.1 - - [08/Jun/2025 01:38:14] "GET /api/resultado HTTP/1.1" 200 -
2025-06-08 01:38:16,200 - INFO - 127.0.0.1 - - [08/Jun/2025 01:38:16] "GET /api/summary HTTP/1.1" 200 -
2025-06-08 01:38:16,511 - INFO - 127.0.0.1 - - [08/Jun/2025 01:38:16] "GET /api/resultado HTTP/1.1" 200 -
2025-06-08 01:38:16,519 - INFO - 127.0.0.1 - - [08/Jun/2025 01:38:16] "GET /api/summary HTTP/1.1" 200 -
2025-06-08 01:38:16,838 - INFO - 127.0.0.1 - - [08/Jun/2025 01:38:16] "GET /api/resultado HTTP/1.1" 200 -
2025-06-08 01:38:18,492 - INFO - 127.0.0.1 - - [08/Jun/2025 01:38:18] "GET /api/summary HTTP/1.1" 200 -
2025-06-08 01:38:18,493 - INFO - 127.0.0.1 - - [08/Jun/2025 01:38:18] "GET /api/resultado HTTP/1.1" 200 -
2025-06-08 01:38:18,754 - INFO - 127.0.0.1 - - [08/Jun/2025 01:38:18] "GET /api/summary HTTP/1.1" 200 -
2025-06-08 01:38:18,802 - INFO - 127.0.0.1 - - [08/Jun/2025 01:38:18] "GET /api/resultado HTTP/1.1" 200 -
2025-06-08 01:38:23,193 - INFO - 127.0.0.1 - - [08/Jun/2025 01:38:23] "GET /api/summary HTTP/1.1" 200 -
2025-06-08 01:38:23,498 - INFO - 127.0.0.1 - - [08/Jun/2025 01:38:23] "GET /api/resultado HTTP/1.1" 200 -
2025-06-08 01:38:23,507 - INFO - 127.0.0.1 - - [08/Jun/2025 01:38:23] "GET /api/summary HTTP/1.1" 200 -
2025-06-08 01:38:23,811 - INFO - 127.0.0.1 - - [08/Jun/2025 01:38:23] "GET /api/resultado HTTP/1.1" 200 -
2025-06-08 01:38:30,503 - INFO - 127.0.0.1 - - [08/Jun/2025 01:38:30] "GET /api/summary HTTP/1.1" 200 -
2025-06-08 01:38:30,504 - INFO - 127.0.0.1 - - [08/Jun/2025 01:38:30] "GET /api/resultado HTTP/1.1" 200 -
2025-06-08 01:38:30,747 - INFO - 127.0.0.1 - - [08/Jun/2025 01:38:30] "GET /api/summary HTTP/1.1" 200 -
2025-06-08 01:38:30,817 - INFO - 127.0.0.1 - - [08/Jun/2025 01:38:30] "GET /api/resultado HTTP/1.1" 200 -
2025-06-08 01:38:33,195 - INFO - 127.0.0.1 - - [08/Jun/2025 01:38:33] "GET /api/summary HTTP/1.1" 200 -
2025-06-08 01:38:33,500 - INFO - 127.0.0.1 - - [08/Jun/2025 01:38:33] "GET /api/resultado HTTP/1.1" 200 -
2025-06-08 01:38:33,502 - INFO - 127.0.0.1 - - [08/Jun/2025 01:38:33] "GET /api/summary HTTP/1.1" 200 -
2025-06-08 01:38:33,810 - INFO - 127.0.0.1 - - [08/Jun/2025 01:38:33] "GET /api/resultado HTTP/1.1" 200 -
2025-06-08 01:38:35,487 - INFO - 127.0.0.1 - - [08/Jun/2025 01:38:35] "GET /api/summary HTTP/1.1" 200 -
2025-06-08 01:38:35,488 - INFO - 127.0.0.1 - - [08/Jun/2025 01:38:35] "GET /api/resultado HTTP/1.1" 200 -
2025-06-08 01:38:35,751 - INFO - 127.0.0.1 - - [08/Jun/2025 01:38:35] "GET /api/summary HTTP/1.1" 200 -
2025-06-08 01:38:35,802 - INFO - 127.0.0.1 - - [08/Jun/2025 01:38:35] "GET /api/resultado HTTP/1.1" 200 -
2025-06-08 01:38:39,188 - INFO - 127.0.0.1 - - [08/Jun/2025 01:38:39] "GET /api/summary HTTP/1.1" 200 -
2025-06-08 01:38:39,497 - INFO - 127.0.0.1 - - [08/Jun/2025 01:38:39] "GET /api/resultado HTTP/1.1" 200 -
2025-06-08 01:38:39,517 - INFO - 127.0.0.1 - - [08/Jun/2025 01:38:39] "GET /api/summary HTTP/1.1" 200 -
2025-06-08 01:38:39,806 - INFO - 127.0.0.1 - - [08/Jun/2025 01:38:39] "GET /api/resultado HTTP/1.1" 200 -
2025-06-08 01:38:40,502 - INFO - 127.0.0.1 - - [08/Jun/2025 01:38:40] "GET /api/resultado HTTP/1.1" 200 -
2025-06-08 01:38:40,502 - INFO - 127.0.0.1 - - [08/Jun/2025 01:38:40] "GET /api/summary HTTP/1.1" 200 -
2025-06-08 01:38:40,759 - INFO - 127.0.0.1 - - [08/Jun/2025 01:38:40] "GET /api/resultado HTTP/1.1" 200 -
2025-06-08 01:38:40,816 - INFO - 127.0.0.1 - - [08/Jun/2025 01:38:40] "GET /api/summary HTTP/1.1" 200 -
2025-06-08 01:38:43,190 - INFO - 127.0.0.1 - - [08/Jun/2025 01:38:43] "GET /api/summary HTTP/1.1" 200 -
2025-06-08 01:38:43,497 - INFO - 127.0.0.1 - - [08/Jun/2025 01:38:43] "GET /api/resultado HTTP/1.1" 200 -
2025-06-08 01:38:43,497 - INFO - 127.0.0.1 - - [08/Jun/2025 01:38:43] "GET /api/summary HTTP/1.1" 200 -
2025-06-08 01:38:43,819 - INFO - 127.0.0.1 - - [08/Jun/2025 01:38:43] "GET /api/resultado HTTP/1.1" 200 -
2025-06-08 01:38:51,502 - INFO - 127.0.0.1 - - [08/Jun/2025 01:38:51] "GET /api/summary HTTP/1.1" 200 -
2025-06-08 01:38:51,503 - INFO - 127.0.0.1 - - [08/Jun/2025 01:38:51] "GET /api/resultado HTTP/1.1" 200 -
2025-06-08 01:38:51,757 - INFO - 127.0.0.1 - - [08/Jun/2025 01:38:51] "GET /api/summary HTTP/1.1" 200 -
2025-06-08 01:38:51,807 - INFO - 127.0.0.1 - - [08/Jun/2025 01:38:51] "GET /api/resultado HTTP/1.1" 200 -
2025-06-08 01:38:54,180 - INFO - 127.0.0.1 - - [08/Jun/2025 01:38:54] "GET /api/summary HTTP/1.1" 200 -
2025-06-08 01:38:54,503 - INFO - 127.0.0.1 - - [08/Jun/2025 01:38:54] "GET /api/resultado HTTP/1.1" 200 -
2025-06-08 01:38:54,504 - INFO - 127.0.0.1 - - [08/Jun/2025 01:38:54] "GET /api/summary HTTP/1.1" 200 -
2025-06-08 01:38:54,810 - INFO - 127.0.0.1 - - [08/Jun/2025 01:38:54] "GET /api/resultado HTTP/1.1" 200 -
2025-06-08 01:39:03,504 - INFO - 127.0.0.1 - - [08/Jun/2025 01:39:03] "GET /api/resultado HTTP/1.1" 200 -
2025-06-08 01:39:03,504 - INFO - 127.0.0.1 - - [08/Jun/2025 01:39:03] "GET /api/summary HTTP/1.1" 200 -
2025-06-08 01:39:03,766 - INFO - 127.0.0.1 - - [08/Jun/2025 01:39:03] "GET /api/resultado HTTP/1.1" 200 -
2025-06-08 01:39:03,819 - INFO - 127.0.0.1 - - [08/Jun/2025 01:39:03] "GET /api/summary HTTP/1.1" 200 -
2025-06-08 01:39:11,188 - INFO - 127.0.0.1 - - [08/Jun/2025 01:39:11] "GET /api/summary HTTP/1.1" 200 -
2025-06-08 01:39:11,495 - INFO - 127.0.0.1 - - [08/Jun/2025 01:39:11] "GET /api/resultado HTTP/1.1" 200 -
2025-06-08 01:39:11,496 - INFO - 127.0.0.1 - - [08/Jun/2025 01:39:11] "GET /api/summary HTTP/1.1" 200 -
2025-06-08 01:39:11,802 - INFO - 127.0.0.1 - - [08/Jun/2025 01:39:11] "GET /api/resultado HTTP/1.1" 200 -
2025-06-08 01:39:13,492 - INFO - 127.0.0.1 - - [08/Jun/2025 01:39:13] "GET /api/summary HTTP/1.1" 200 -
2025-06-08 01:39:13,492 - INFO - 127.0.0.1 - - [08/Jun/2025 01:39:13] "GET /api/resultado HTTP/1.1" 200 -
2025-06-08 01:39:13,761 - INFO - 127.0.0.1 - - [08/Jun/2025 01:39:13] "GET /api/summary HTTP/1.1" 200 -
2025-06-08 01:39:13,814 - INFO - 127.0.0.1 - - [08/Jun/2025 01:39:13] "GET /api/resultado HTTP/1.1" 200 -
2025-06-08 01:39:16,188 - INFO - 127.0.0.1 - - [08/Jun/2025 01:39:16] "GET /api/summary HTTP/1.1" 200 -
2025-06-08 01:39:16,492 - INFO - 127.0.0.1 - - [08/Jun/2025 01:39:16] "GET /api/resultado HTTP/1.1" 200 -
2025-06-08 01:39:16,494 - INFO - 127.0.0.1 - - [08/Jun/2025 01:39:16] "GET /api/summary HTTP/1.1" 200 -
2025-06-08 01:39:16,800 - INFO - 127.0.0.1 - - [08/Jun/2025 01:39:16] "GET /api/resultado HTTP/1.1" 200 -
2025-06-08 01:39:19,497 - INFO - 127.0.0.1 - - [08/Jun/2025 01:39:19] "GET /api/resultado HTTP/1.1" 200 -
2025-06-08 01:39:19,497 - INFO - 127.0.0.1 - - [08/Jun/2025 01:39:19] "GET /api/summary HTTP/1.1" 200 -
2025-06-08 01:39:19,754 - INFO - 127.0.0.1 - - [08/Jun/2025 01:39:19] "GET /api/resultado HTTP/1.1" 200 -
2025-06-08 01:39:19,816 - INFO - 127.0.0.1 - - [08/Jun/2025 01:39:19] "GET /api/summary HTTP/1.1" 200 -
2025-06-08 01:39:22,181 - INFO - 127.0.0.1 - - [08/Jun/2025 01:39:22] "GET /api/summary HTTP/1.1" 200 -
2025-06-08 01:39:22,482 - INFO - 127.0.0.1 - - [08/Jun/2025 01:39:22] "GET /api/resultado HTTP/1.1" 200 -
2025-06-08 01:39:22,485 - INFO - 127.0.0.1 - - [08/Jun/2025 01:39:22] "GET /api/summary HTTP/1.1" 200 -
2025-06-08 01:39:22,795 - INFO - 127.0.0.1 - - [08/Jun/2025 01:39:22] "GET /api/resultado HTTP/1.1" 200 -
2025-06-08 01:39:40,495 - INFO - 127.0.0.1 - - [08/Jun/2025 01:39:40] "GET /api/summary HTTP/1.1" 200 -
2025-06-08 01:39:40,498 - INFO - 127.0.0.1 - - [08/Jun/2025 01:39:40] "GET /api/resultado HTTP/1.1" 200 -
2025-06-08 01:39:40,759 - INFO - 127.0.0.1 - - [08/Jun/2025 01:39:40] "GET /api/summary HTTP/1.1" 200 -
2025-06-08 01:39:40,812 - INFO - 127.0.0.1 - - [08/Jun/2025 01:39:40] "GET /api/resultado HTTP/1.1" 200 -
2025-06-08 01:39:43,188 - INFO - 127.0.0.1 - - [08/Jun/2025 01:39:43] "GET /api/summary HTTP/1.1" 200 -
2025-06-08 01:39:43,491 - INFO - 127.0.0.1 - - [08/Jun/2025 01:39:43] "GET /api/resultado HTTP/1.1" 200 -
2025-06-08 01:39:43,491 - INFO - 127.0.0.1 - - [08/Jun/2025 01:39:43] "GET /api/summary HTTP/1.1" 200 -
2025-06-08 01:39:43,806 - INFO - 127.0.0.1 - - [08/Jun/2025 01:39:43] "GET /api/resultado HTTP/1.1" 200 -
2025-06-08 01:39:46,501 - INFO - 127.0.0.1 - - [08/Jun/2025 01:39:46] "GET /api/summary HTTP/1.1" 200 -
2025-06-08 01:39:46,503 - INFO - 127.0.0.1 - - [08/Jun/2025 01:39:46] "GET /api/resultado HTTP/1.1" 200 -
2025-06-08 01:39:46,744 - INFO - 127.0.0.1 - - [08/Jun/2025 01:39:46] "GET /api/summary HTTP/1.1" 200 -
2025-06-08 01:39:46,812 - INFO - 127.0.0.1 - - [08/Jun/2025 01:39:46] "GET /api/resultado HTTP/1.1" 200 -
2025-06-08 01:39:59,207 - INFO - 127.0.0.1 - - [08/Jun/2025 01:39:59] "GET /api/summary HTTP/1.1" 200 -
2025-06-08 01:39:59,509 - INFO - 127.0.0.1 - - [08/Jun/2025 01:39:59] "GET /api/summary HTTP/1.1" 200 -
2025-06-08 01:39:59,528 - INFO - 127.0.0.1 - - [08/Jun/2025 01:39:59] "GET /api/resultado HTTP/1.1" 200 -
2025-06-08 01:39:59,843 - INFO - 127.0.0.1 - - [08/Jun/2025 01:39:59] "GET /api/resultado HTTP/1.1" 200 -
2025-06-08 12:59:55,269 - INFO - Ruta de DOWNLOAD_FOLDER: C:\AutoReportV2\backend\temp
2025-06-08 12:59:55,367 - INFO - [31m[1mWARNING: This is a development server. Do not use it in a production deployment. Use a production WSGI server instead.[0m
 * Running on http://127.0.0.1:5000
2025-06-08 12:59:55,367 - INFO - [33mPress CTRL+C to quit[0m
2025-06-08 12:59:55,367 - INFO -  * Restarting with stat
2025-06-08 12:59:56,907 - INFO - Ruta de DOWNLOAD_FOLDER: C:\AutoReportV2\backend\temp
2025-06-08 12:59:56,937 - WARNING -  * Debugger is active!
2025-06-08 12:59:56,954 - INFO -  * Debugger PIN: 259-138-747
2025-06-08 13:00:04,878 - INFO - 127.0.0.1 - - [08/Jun/2025 13:00:04] "GET /api/resultado HTTP/1.1" 200 -
2025-06-08 13:00:04,878 - INFO - 127.0.0.1 - - [08/Jun/2025 13:00:04] "GET /api/summary HTTP/1.1" 200 -
2025-06-08 13:00:05,090 - INFO - 127.0.0.1 - - [08/Jun/2025 13:00:05] "GET /api/resultado HTTP/1.1" 200 -
2025-06-08 13:00:05,188 - INFO - 127.0.0.1 - - [08/Jun/2025 13:00:05] "GET /api/summary HTTP/1.1" 200 -
2025-06-08 13:04:48,053 - INFO - 127.0.0.1 - - [08/Jun/2025 13:04:48] "[35m[1mPOST /run-process HTTP/1.1[0m" 500 -
2025-06-08 13:20:37,212 - INFO - 127.0.0.1 - - [08/Jun/2025 13:20:37] "POST /run-process HTTP/1.1" 200 -
2025-06-08 13:22:22,351 - INFO - 127.0.0.1 - - [08/Jun/2025 13:22:22] "GET /api/summary HTTP/1.1" 200 -
2025-06-08 13:22:22,368 - INFO - 127.0.0.1 - - [08/Jun/2025 13:22:22] "GET /api/resultado HTTP/1.1" 200 -
2025-06-08 13:22:22,602 - INFO - 127.0.0.1 - - [08/Jun/2025 13:22:22] "GET /api/summary HTTP/1.1" 200 -
2025-06-08 13:22:22,669 - INFO - 127.0.0.1 - - [08/Jun/2025 13:22:22] "GET /api/resultado HTTP/1.1" 200 -
2025-06-08 13:28:32,735 - INFO - 127.0.0.1 - - [08/Jun/2025 13:28:32] "GET /api/resultado HTTP/1.1" 200 -
2025-06-08 13:28:32,755 - INFO - 127.0.0.1 - - [08/Jun/2025 13:28:32] "GET /api/summary HTTP/1.1" 200 -
2025-06-08 13:28:32,993 - INFO - 127.0.0.1 - - [08/Jun/2025 13:28:32] "GET /api/resultado HTTP/1.1" 200 -
2025-06-08 13:28:33,052 - INFO - 127.0.0.1 - - [08/Jun/2025 13:28:33] "GET /api/summary HTTP/1.1" 200 -
2025-06-08 13:29:41,049 - INFO - 127.0.0.1 - - [08/Jun/2025 13:29:41] "GET /api/resultado HTTP/1.1" 200 -
2025-06-08 13:29:41,049 - INFO - 127.0.0.1 - - [08/Jun/2025 13:29:41] "GET /api/summary HTTP/1.1" 200 -
2025-06-08 13:29:41,312 - INFO - 127.0.0.1 - - [08/Jun/2025 13:29:41] "GET /api/resultado HTTP/1.1" 200 -
2025-06-08 13:29:41,370 - INFO - 127.0.0.1 - - [08/Jun/2025 13:29:41] "GET /api/summary HTTP/1.1" 200 -
2025-06-08 13:31:20,908 - INFO -  * Detected change in 'C:\\AutoReportV2\\backend\\app\\utils\\Summary.py', reloading
2025-06-08 13:31:26,098 - INFO -  * Restarting with stat
2025-06-08 13:31:30,727 - INFO - Ruta de DOWNLOAD_FOLDER: C:\AutoReportV2\backend\temp
2025-06-08 13:31:30,774 - WARNING -  * Debugger is active!
2025-06-08 13:31:30,780 - INFO -  * Debugger PIN: 259-138-747
2025-06-08 13:34:52,403 - INFO -  * Detected change in 'C:\\AutoReportV2\\backend\\app\\utils\\Summary.py', reloading
2025-06-08 13:34:52,594 - INFO -  * Restarting with stat
2025-06-08 13:34:56,896 - INFO - Ruta de DOWNLOAD_FOLDER: C:\AutoReportV2\backend\temp
2025-06-08 13:34:56,920 - WARNING -  * Debugger is active!
2025-06-08 13:34:56,926 - INFO -  * Debugger PIN: 259-138-747
2025-06-08 13:34:57,972 - INFO -  * Detected change in 'C:\\AutoReportV2\\backend\\app\\utils\\Summary.py', reloading
2025-06-08 13:34:58,122 - INFO -  * Restarting with stat
2025-06-08 13:34:59,377 - INFO - Ruta de DOWNLOAD_FOLDER: C:\AutoReportV2\backend\temp
2025-06-08 13:34:59,398 - WARNING -  * Debugger is active!
2025-06-08 13:34:59,401 - INFO -  * Debugger PIN: 259-138-747
2025-06-08 13:35:03,447 - INFO -  * Detected change in 'C:\\AutoReportV2\\backend\\app\\utils\\Summary.py', reloading
2025-06-08 13:35:03,597 - INFO -  * Restarting with stat
2025-06-08 14:27:24,487 - INFO - Ruta de DOWNLOAD_FOLDER: C:\AutoReportV2\backend\temp
2025-06-08 14:27:24,542 - INFO - [31m[1mWARNING: This is a development server. Do not use it in a production deployment. Use a production WSGI server instead.[0m
 * Running on http://127.0.0.1:5000
2025-06-08 14:27:24,542 - INFO - [33mPress CTRL+C to quit[0m
2025-06-08 14:27:24,553 - INFO -  * Restarting with stat
2025-06-08 14:27:25,811 - INFO - Ruta de DOWNLOAD_FOLDER: C:\AutoReportV2\backend\temp
2025-06-08 14:27:25,844 - WARNING -  * Debugger is active!
2025-06-08 14:27:25,844 - INFO -  * Debugger PIN: 259-138-747
2025-06-08 14:27:52,687 - INFO - 127.0.0.1 - - [08/Jun/2025 14:27:52] "GET /api/summary HTTP/1.1" 200 -
2025-06-08 14:27:52,687 - INFO - 127.0.0.1 - - [08/Jun/2025 14:27:52] "GET /api/resultado HTTP/1.1" 200 -
2025-06-08 14:27:52,932 - INFO - 127.0.0.1 - - [08/Jun/2025 14:27:52] "GET /api/summary HTTP/1.1" 200 -
2025-06-08 14:27:53,004 - INFO - 127.0.0.1 - - [08/Jun/2025 14:27:53] "GET /api/resultado HTTP/1.1" 200 -
2025-06-08 14:43:26,796 - INFO - 127.0.0.1 - - [08/Jun/2025 14:43:26] "POST /run-process HTTP/1.1" 200 -
2025-06-08 14:44:10,801 - INFO - 127.0.0.1 - - [08/Jun/2025 14:44:10] "GET /api/summary HTTP/1.1" 200 -
2025-06-08 14:44:10,808 - INFO - 127.0.0.1 - - [08/Jun/2025 14:44:10] "GET /api/resultado HTTP/1.1" 200 -
2025-06-08 14:44:11,062 - INFO - 127.0.0.1 - - [08/Jun/2025 14:44:11] "GET /api/summary HTTP/1.1" 200 -
2025-06-08 14:44:11,124 - INFO - 127.0.0.1 - - [08/Jun/2025 14:44:11] "GET /api/resultado HTTP/1.1" 200 -
2025-06-08 14:45:02,296 - INFO - 127.0.0.1 - - [08/Jun/2025 14:45:02] "GET /api/summary HTTP/1.1" 200 -
2025-06-08 14:45:02,611 - INFO - 127.0.0.1 - - [08/Jun/2025 14:45:02] "GET /api/resultado HTTP/1.1" 200 -
2025-06-08 14:45:02,611 - INFO - 127.0.0.1 - - [08/Jun/2025 14:45:02] "GET /api/summary HTTP/1.1" 200 -
2025-06-08 14:45:02,932 - INFO - 127.0.0.1 - - [08/Jun/2025 14:45:02] "GET /api/resultado HTTP/1.1" 200 -
2025-06-08 14:45:08,403 - INFO - 127.0.0.1 - - [08/Jun/2025 14:45:08] "GET /api/summary HTTP/1.1" 200 -
2025-06-08 14:45:08,409 - INFO - 127.0.0.1 - - [08/Jun/2025 14:45:08] "GET /api/resultado HTTP/1.1" 200 -
2025-06-08 14:45:08,664 - INFO - 127.0.0.1 - - [08/Jun/2025 14:45:08] "GET /api/summary HTTP/1.1" 200 -
2025-06-08 14:45:08,719 - INFO - 127.0.0.1 - - [08/Jun/2025 14:45:08] "GET /api/resultado HTTP/1.1" 200 -
2025-06-08 14:45:36,172 - INFO - 127.0.0.1 - - [08/Jun/2025 14:45:36] "GET /api/summary HTTP/1.1" 200 -
2025-06-08 14:45:36,475 - INFO - 127.0.0.1 - - [08/Jun/2025 14:45:36] "GET /api/resultado HTTP/1.1" 200 -
2025-06-08 14:45:36,475 - INFO - 127.0.0.1 - - [08/Jun/2025 14:45:36] "GET /api/summary HTTP/1.1" 200 -
2025-06-08 14:45:36,801 - INFO - 127.0.0.1 - - [08/Jun/2025 14:45:36] "GET /api/resultado HTTP/1.1" 200 -
2025-06-08 14:56:00,036 - INFO -  * Detected change in 'C:\\AutoReportV2\\backend\\app\\utils\\forecast_processor.py', reloading
2025-06-08 14:56:06,885 - INFO -  * Restarting with stat
2025-06-08 14:56:12,088 - INFO - Ruta de DOWNLOAD_FOLDER: C:\AutoReportV2\backend\temp
2025-06-08 14:56:12,138 - WARNING -  * Debugger is active!
2025-06-08 14:56:12,138 - INFO -  * Debugger PIN: 259-138-747
2025-06-08 15:11:20,932 - INFO - 127.0.0.1 - - [08/Jun/2025 15:11:20] "POST /run-process HTTP/1.1" 200 -
2025-06-08 15:28:20,508 - INFO - 127.0.0.1 - - [08/Jun/2025 15:28:20] "POST /run-process HTTP/1.1" 200 -
2025-06-08 15:29:15,895 - INFO -  * Detected change in 'C:\\AutoReportV2\\backend\\app\\utils\\forecast_processor.py', reloading
2025-06-08 15:29:22,230 - INFO -  * Restarting with stat
2025-06-08 15:29:26,851 - INFO - Ruta de DOWNLOAD_FOLDER: C:\AutoReportV2\backend\temp
2025-06-08 15:29:26,884 - WARNING -  * Debugger is active!
2025-06-08 15:29:26,885 - INFO -  * Debugger PIN: 259-138-747
2025-06-08 15:29:33,972 - INFO -  * Detected change in 'C:\\AutoReportV2\\backend\\app\\utils\\week_to_friday.py', reloading
2025-06-08 15:29:34,092 - INFO -  * Restarting with stat
2025-06-08 15:29:35,560 - INFO - Ruta de DOWNLOAD_FOLDER: C:\AutoReportV2\backend\temp
2025-06-08 15:29:35,587 - WARNING -  * Debugger is active!
2025-06-08 15:29:35,594 - INFO -  * Debugger PIN: 259-138-747
2025-06-08 15:30:33,103 - INFO - 127.0.0.1 - - [08/Jun/2025 15:30:33] "GET /api/resultado HTTP/1.1" 200 -
2025-06-08 15:30:33,103 - INFO - 127.0.0.1 - - [08/Jun/2025 15:30:33] "GET /api/summary HTTP/1.1" 200 -
2025-06-08 15:30:33,346 - INFO - 127.0.0.1 - - [08/Jun/2025 15:30:33] "GET /api/resultado HTTP/1.1" 200 -
2025-06-08 15:30:33,408 - INFO - 127.0.0.1 - - [08/Jun/2025 15:30:33] "GET /api/summary HTTP/1.1" 200 -
2025-06-08 15:34:23,980 - INFO - 127.0.0.1 - - [08/Jun/2025 15:34:23] "GET /api/summary HTTP/1.1" 200 -
2025-06-08 15:34:23,980 - INFO - 127.0.0.1 - - [08/Jun/2025 15:34:23] "GET /api/resultado HTTP/1.1" 200 -
2025-06-08 15:34:24,247 - INFO - 127.0.0.1 - - [08/Jun/2025 15:34:24] "GET /api/summary HTTP/1.1" 200 -
2025-06-08 15:34:24,291 - INFO - 127.0.0.1 - - [08/Jun/2025 15:34:24] "GET /api/resultado HTTP/1.1" 200 -
2025-06-08 15:37:21,241 - INFO -  * Detected change in 'C:\\AutoReportV2\\backend\\app\\utils\\week_to_friday.py', reloading
2025-06-08 15:37:21,377 - INFO -  * Restarting with stat
2025-06-08 15:41:01,295 - INFO - Ruta de DOWNLOAD_FOLDER: C:\AutoReportV2\backend\temp
2025-06-08 15:41:01,369 - INFO - [31m[1mWARNING: This is a development server. Do not use it in a production deployment. Use a production WSGI server instead.[0m
 * Running on http://127.0.0.1:5000
2025-06-08 15:41:01,369 - INFO - [33mPress CTRL+C to quit[0m
2025-06-08 15:41:01,373 - INFO -  * Restarting with stat
2025-06-08 15:41:02,888 - INFO - Ruta de DOWNLOAD_FOLDER: C:\AutoReportV2\backend\temp
2025-06-08 15:41:02,910 - WARNING -  * Debugger is active!
2025-06-08 15:41:02,919 - INFO -  * Debugger PIN: 259-138-747
2025-06-08 15:57:50,009 - INFO - 127.0.0.1 - - [08/Jun/2025 15:57:50] "POST /run-process HTTP/1.1" 200 -
2025-06-08 15:58:48,567 - INFO - 127.0.0.1 - - [08/Jun/2025 15:58:48] "GET /api/summary HTTP/1.1" 200 -
2025-06-08 15:58:48,593 - INFO - 127.0.0.1 - - [08/Jun/2025 15:58:48] "GET /api/resultado HTTP/1.1" 200 -
2025-06-08 15:58:48,822 - INFO - 127.0.0.1 - - [08/Jun/2025 15:58:48] "GET /api/summary HTTP/1.1" 200 -
2025-06-08 15:58:48,876 - INFO - 127.0.0.1 - - [08/Jun/2025 15:58:48] "GET /api/resultado HTTP/1.1" 200 -
2025-06-08 16:01:02,064 - INFO - 127.0.0.1 - - [08/Jun/2025 16:01:02] "GET /api/summary HTTP/1.1" 200 -
2025-06-08 16:01:02,080 - INFO - 127.0.0.1 - - [08/Jun/2025 16:01:02] "GET /api/resultado HTTP/1.1" 200 -
2025-06-08 16:01:02,325 - INFO - 127.0.0.1 - - [08/Jun/2025 16:01:02] "GET /api/summary HTTP/1.1" 200 -
2025-06-08 16:01:02,394 - INFO - 127.0.0.1 - - [08/Jun/2025 16:01:02] "GET /api/resultado HTTP/1.1" 200 -
